date,week,ao_id,q_user_id,user_id,ao,points,type,user_name,Team,FNGflag,backblast,units
2026-01-23,3,C0168ASEPD5,U017E4NMFQV,U017E4NMFQV,3rd-f,5,3rdf,Hanger,Donner,0.0,Friday pantry truck,3.02
2026-01-23,3,C0168ASEPD5,U017E4NMFQV,U041R4GK79V,3rd-f,5,3rdf,fuzzy navel,Donner,0.0,Friday pantry truck,3.02
2026-01-09,1,C0168ASEPD5,U041R4GK79V,U041R4GK79V,3rd-f,5,3rdf,fuzzy navel,Donner,0.0,Wondering if there’s a truck,7.0
2026-01-17,2,C0168ASEPD5,U057QBF3TPW,U041R4GK79V,3rd-f,5,3rdf,fuzzy navel,Donner,0.0,Picking up Wreaths,0.0
2026-01-31,4,C0168ASEPD5,U057QBF3TPW,U051330RY2J,3rd-f,5,3rdf,Depends (3rdF Q),Prancer,0.0,Blood Donation,0.0
2026-01-17,2,C0168ASEPD5,U057QBF3TPW,U057QBF3TPW,3rd-f,5,3rdf,Deja vu,NONE,0.0,Picking up Wreaths,0.0
2026-01-31,4,C0168ASEPD5,U057QBF3TPW,U057QBF3TPW,3rd-f,5,3rdf,Deja vu,NONE,0.0,Blood Donation,0.0
2026-01-10,1,C017CTS0UQG,U016ZUU67BN,U016890PYHM,2nd-f,5,2ndf,Bedpan,Donner,0.0,F3 Plainfield Annual Holiday Gala,0.0
2026-01-10,1,C017CTS0UQG,U016ZUU67BN,U016M1Z8NLE,2nd-f,5,2ndf,Happy Camper,Comet,0.0,F3 Plainfield Annual Holiday Gala,0.0
2026-01-10,1,C017CTS0UQG,U016ZUU67BN,U016P7DMTGT,2nd-f,5,2ndf,Boston Butt,Dancer,0.0,F3 Plainfield Annual Holiday Gala,0.0
2026-01-10,1,C017CTS0UQG,U016ZUU67BN,U016ZUU67BN,2nd-f,5,2ndf,5-Putt,Vixen,0.0,F3 Plainfield Annual Holiday Gala,0.0
2026-01-10,1,C017CTS0UQG,U016ZUU67BN,U017BQTUL3D,2nd-f,5,2ndf,John Denver,Donner,0.0,F3 Plainfield Annual Holiday Gala,0.0
2026-01-10,1,C017CTS0UQG,U016ZUU67BN,U017E4NMFQV,2nd-f,5,2ndf,Hanger,Donner,0.0,F3 Plainfield Annual Holiday Gala,0.0
2026-01-10,1,C017CTS0UQG,U016ZUU67BN,U017QPPJVJ5,2nd-f,5,2ndf,Bob Villa,Comet,0.0,F3 Plainfield Annual Holiday Gala,0.0
2026-01-10,1,C017CTS0UQG,U016ZUU67BN,U019MT194E7,2nd-f,5,2ndf,Jellystone,Dasher,0.0,F3 Plainfield Annual Holiday Gala,0.0
2026-01-10,1,C017CTS0UQG,U016ZUU67BN,U019Y7P6XPF,2nd-f,5,2ndf,Foundation,Blitzen,0.0,F3 Plainfield Annual Holiday Gala,0.0
2026-01-10,1,C017CTS0UQG,U016ZUU67BN,U01C4AULU5B,2nd-f,5,2ndf,Fish Sticks (F3),Unknown Team,<NA>,F3 Plainfield Annual Holiday Gala,0.0
2026-01-10,1,C017CTS0UQG,U016ZUU67BN,U01KXPKDF97,2nd-f,5,2ndf,Heifer,Comet,2.0,F3 Plainfield Annual Holiday Gala,0.0
2026-01-10,1,C017CTS0UQG,U016ZUU67BN,U020A3PMS14,2nd-f,5,2ndf,Ringo,Rudolph,0.0,F3 Plainfield Annual Holiday Gala,0.0
2026-01-10,1,C017CTS0UQG,U016ZUU67BN,U020A7W78FQ,2nd-f,5,2ndf,Mr. Belding,Donner,0.0,F3 Plainfield Annual Holiday Gala,0.0
2026-01-10,1,C017CTS0UQG,U016ZUU67BN,U02A96W697X,2nd-f,5,2ndf,Dauber,Comet,0.0,F3 Plainfield Annual Holiday Gala,0.0
2026-01-10,1,C017CTS0UQG,U016ZUU67BN,U02F2UV0MCL,2nd-f,5,2ndf,Blue Gill,Vixen,0.0,F3 Plainfield Annual Holiday Gala,0.0
2026-01-10,1,C017CTS0UQG,U016ZUU67BN,U02KN9HUSE6,2nd-f,5,2ndf,Soft Hands,Cupid,0.0,F3 Plainfield Annual Holiday Gala,0.0
2026-01-10,1,C017CTS0UQG,U016ZUU67BN,U02NBKHN3NK,2nd-f,5,2ndf,Dungeon Master,Prancer,1.0,F3 Plainfield Annual Holiday Gala,0.0
2026-01-10,1,C017CTS0UQG,U016ZUU67BN,U02NST5BMKJ,2nd-f,5,2ndf,Dear Abby,Dancer,0.0,F3 Plainfield Annual Holiday Gala,0.0
2026-01-10,1,C017CTS0UQG,U016ZUU67BN,U03765UPB8C,2nd-f,5,2ndf,Chum Bucket,Donner,0.0,F3 Plainfield Annual Holiday Gala,0.0
2026-01-10,1,C017CTS0UQG,U016ZUU67BN,U03EPDEKY4U,2nd-f,5,2ndf,Schlitz,Blitzen,0.0,F3 Plainfield Annual Holiday Gala,0.0
2026-01-10,1,C017CTS0UQG,U016ZUU67BN,U03KV19V5JS,2nd-f,5,2ndf,Cowbell,Rudolph,0.0,F3 Plainfield Annual Holiday Gala,0.0
2026-01-10,1,C017CTS0UQG,U016ZUU67BN,U03SJESV9JR,2nd-f,5,2ndf,BABYMOMMA,Dasher,0.0,F3 Plainfield Annual Holiday Gala,0.0
2026-01-10,1,C017CTS0UQG,U016ZUU67BN,U03T43SBJNA,2nd-f,5,2ndf,Homer Simpson,Rudolph,0.0,F3 Plainfield Annual Holiday Gala,0.0
2026-01-10,1,C017CTS0UQG,U016ZUU67BN,U03TX17L7AQ,2nd-f,5,2ndf,Foreclosure,Rudolph,0.0,F3 Plainfield Annual Holiday Gala,0.0
2026-01-10,1,C017CTS0UQG,U016ZUU67BN,U03TYSW2933,2nd-f,5,2ndf,The Worm,Prancer,0.0,F3 Plainfield Annual Holiday Gala,0.0
2026-01-10,1,C017CTS0UQG,U016ZUU67BN,U040R8S1N6P,2nd-f,5,2ndf,Dilbert,Prancer,0.0,F3 Plainfield Annual Holiday Gala,0.0
2026-01-10,1,C017CTS0UQG,U016ZUU67BN,U041R4GK79V,2nd-f,5,2ndf,fuzzy navel,Donner,0.0,F3 Plainfield Annual Holiday Gala,0.0
2026-01-10,1,C017CTS0UQG,U016ZUU67BN,U041T9ACB3L,2nd-f,5,2ndf,UPS,Dasher,0.0,F3 Plainfield Annual Holiday Gala,0.0
2026-01-10,1,C017CTS0UQG,U016ZUU67BN,U04H3PWJN5A,2nd-f,5,2ndf,Juanita,Donner,0.0,F3 Plainfield Annual Holiday Gala,0.0
2026-01-10,1,C017CTS0UQG,U016ZUU67BN,U04RBT6T8RJ,2nd-f,5,2ndf,Old Maid,Dasher,0.0,F3 Plainfield Annual Holiday Gala,0.0
2026-01-10,1,C017CTS0UQG,U016ZUU67BN,U04RQB0TXFS,2nd-f,5,2ndf,Hot Lava,Comet,0.0,F3 Plainfield Annual Holiday Gala,0.0
2026-01-10,1,C017CTS0UQG,U016ZUU67BN,U04U8EGCQS1,2nd-f,5,2ndf,Manhole,Comet,0.0,F3 Plainfield Annual Holiday Gala,0.0
2026-01-10,1,C017CTS0UQG,U016ZUU67BN,U051330RY2J,2nd-f,5,2ndf,Depends (3rdF Q),Prancer,0.0,F3 Plainfield Annual Holiday Gala,0.0
2026-01-10,1,C017CTS0UQG,U016ZUU67BN,U0536BG9AMU,2nd-f,5,2ndf,TruGreen,Dancer,0.0,F3 Plainfield Annual Holiday Gala,0.0
2026-01-10,1,C017CTS0UQG,U016ZUU67BN,U058SP7GRJ6,2nd-f,5,2ndf,Hatchet (Lizard Q),Comet,0.0,F3 Plainfield Annual Holiday Gala,0.0
2026-01-10,1,C017CTS0UQG,U016ZUU67BN,U05FDSP0YD7,2nd-f,5,2ndf,Peterbilt,Comet,0.0,F3 Plainfield Annual Holiday Gala,0.0
2026-01-10,1,C017CTS0UQG,U016ZUU67BN,U05J5AE2ZS5,2nd-f,5,2ndf,Tighty Whities,Comet,2.0,F3 Plainfield Annual Holiday Gala,0.0
2026-01-10,1,C017CTS0UQG,U016ZUU67BN,U05LL7ESE79,2nd-f,5,2ndf,Cutler,Dancer,0.0,F3 Plainfield Annual Holiday Gala,0.0
2026-01-10,1,C017CTS0UQG,U016ZUU67BN,U05QD3D6ZK7,2nd-f,5,2ndf,Caboose,Cupid,0.0,F3 Plainfield Annual Holiday Gala,0.0
2026-01-10,1,C017CTS0UQG,U016ZUU67BN,U05ULCL3806,2nd-f,5,2ndf,Mr. Kotter,Donner,0.0,F3 Plainfield Annual Holiday Gala,0.0
2026-01-10,1,C017CTS0UQG,U016ZUU67BN,U064F9H5MAR,2nd-f,5,2ndf,Dog House,Dasher,0.0,F3 Plainfield Annual Holiday Gala,0.0
2026-01-10,1,C017CTS0UQG,U016ZUU67BN,U06A1RN2DQF,2nd-f,5,2ndf,Hank Hill,Prancer,0.0,F3 Plainfield Annual Holiday Gala,0.0
2026-01-10,1,C017CTS0UQG,U016ZUU67BN,U06GZ8ECZC5,2nd-f,5,2ndf,Boomer,Prancer,0.0,F3 Plainfield Annual Holiday Gala,0.0
2026-01-10,1,C017CTS0UQG,U016ZUU67BN,U06H3QB4KMY,2nd-f,5,2ndf,Mahomes,Comet,0.0,F3 Plainfield Annual Holiday Gala,0.0
2026-01-10,1,C017CTS0UQG,U016ZUU67BN,U06K8PKQGA1,2nd-f,5,2ndf,Duck Hunt,Cupid,0.0,F3 Plainfield Annual Holiday Gala,0.0
2026-01-10,1,C017CTS0UQG,U016ZUU67BN,U071GSVM24B,2nd-f,5,2ndf,Spit Valve,Prancer,0.0,F3 Plainfield Annual Holiday Gala,0.0
2026-01-10,1,C017CTS0UQG,U016ZUU67BN,U074T16JBDX,2nd-f,5,2ndf,Deliverance,Prancer,0.0,F3 Plainfield Annual Holiday Gala,0.0
2026-01-10,1,C017CTS0UQG,U016ZUU67BN,U077RQMTNG3,2nd-f,5,2ndf,Celine Dion,Rudolph,0.0,F3 Plainfield Annual Holiday Gala,0.0
2026-01-10,1,C017CTS0UQG,U016ZUU67BN,U07GJC6UG1Z,2nd-f,5,2ndf,Celler Dweller,Donner,0.0,F3 Plainfield Annual Holiday Gala,0.0
2026-01-10,1,C017CTS0UQG,U016ZUU67BN,U080FGLKUH5,2nd-f,5,2ndf,Hodl,Dancer,0.0,F3 Plainfield Annual Holiday Gala,0.0
2026-01-10,1,C017CTS0UQG,U016ZUU67BN,U087CHQLZ7B,2nd-f,5,2ndf,Scratch and Dent,Dasher,0.0,F3 Plainfield Annual Holiday Gala,0.0
2026-01-10,1,C017CTS0UQG,U016ZUU67BN,U092LRKGN2E,2nd-f,5,2ndf,Pearl,Comet,0.0,F3 Plainfield Annual Holiday Gala,0.0
2026-01-10,1,C017CTS0UQG,U016ZUU67BN,U098XEDSKJN,2nd-f,5,2ndf,Liberty Biberty,Prancer,0.0,F3 Plainfield Annual Holiday Gala,0.0
2026-01-10,1,C017CTS0UQG,U016ZUU67BN,U0995LDSXNC,2nd-f,5,2ndf,Party in a bottle,Dancer,0.0,F3 Plainfield Annual Holiday Gala,0.0
2026-01-10,1,C017CTS0UQG,U016ZUU67BN,U09AH747KEF,2nd-f,5,2ndf,Italian Ice,Rudolph,0.0,F3 Plainfield Annual Holiday Gala,0.0
2026-01-10,1,C017CTS0UQG,U016ZUU67BN,U09BBJ81140,2nd-f,5,2ndf,Slapshot,Rudolph,0.0,F3 Plainfield Annual Holiday Gala,0.0
2026-01-21,3,C017CTS0UQG,U017QPPJVJ5,U017QPPJVJ5,2nd-f,5,2ndf,Bob Villa,Comet,0.0,"Villa, back in action. Prairie Bluff Golf Club",0.0
2026-01-21,3,C017CTS0UQG,U017QPPJVJ5,U019MT194E7,2nd-f,5,2ndf,Jellystone,Dasher,0.0,"Villa, back in action. Prairie Bluff Golf Club",0.0
2026-01-21,3,C017CTS0UQG,U017QPPJVJ5,U03KV19V5JS,2nd-f,5,2ndf,Cowbell,Rudolph,0.0,"Villa, back in action. Prairie Bluff Golf Club",0.0
2026-01-21,3,C017CTS0UQG,U017QPPJVJ5,U03SX99V3PU,2nd-f,5,2ndf,Meta,Comet,0.0,"Villa, back in action. Prairie Bluff Golf Club",0.0
2026-01-21,3,C017CTS0UQG,U017QPPJVJ5,U03TX17L7AQ,2nd-f,5,2ndf,Foreclosure,Rudolph,0.0,"Villa, back in action. Prairie Bluff Golf Club",0.0
2026-01-21,3,C017CTS0UQG,U017QPPJVJ5,U041R4GK79V,2nd-f,5,2ndf,fuzzy navel,Donner,0.0,"Villa, back in action. Prairie Bluff Golf Club",0.0
2026-01-21,3,C017CTS0UQG,U017QPPJVJ5,U06A1RN2DQF,2nd-f,5,2ndf,Hank Hill,Prancer,0.0,"Villa, back in action. Prairie Bluff Golf Club",0.0
2026-01-21,3,C017CTS0UQG,U017QPPJVJ5,U06GZ8ECZC5,2nd-f,5,2ndf,Boomer,Prancer,0.0,"Villa, back in action. Prairie Bluff Golf Club",0.0
2026-01-21,3,C017CTS0UQG,U017QPPJVJ5,U06H3QB4KMY,2nd-f,5,2ndf,Mahomes,Comet,0.0,"Villa, back in action. Prairie Bluff Golf Club",0.0
2026-01-21,3,C017CTS0UQG,U017QPPJVJ5,U074T16JBDX,2nd-f,5,2ndf,Deliverance,Prancer,0.0,"Villa, back in action. Prairie Bluff Golf Club",0.0
2026-01-21,3,C017CTS0UQG,U017QPPJVJ5,U09RGQD77N1,2nd-f,5,2ndf,Circuit City,Prancer,1.0,"Villa, back in action. Prairie Bluff Golf Club",0.0
2026-02-01,5,C017CTS0UQG,U03EPDEKY4U,U017E4NMFQV,2nd-f,5,2ndf,Hanger,Donner,0.0,Chasing those FIA points,0.0
2026-01-04,1,C017CTS0UQG,U03EPDEKY4U,U019MT194E7,2nd-f,5,2ndf,Jellystone,Dasher,0.0,Slippery ruck,0.0
2026-01-11,2,C017CTS0UQG,U03EPDEKY4U,U019MT194E7,2nd-f,5,2ndf,Jellystone,Dasher,0.0,Wildlife ruck,0.0
2026-01-25,4,C017CTS0UQG,U03EPDEKY4U,U020A3PMS14,2nd-f,5,2ndf,Ringo,Rudolph,0.0,Heatwave ruck,0.0
2026-02-08,6,C017CTS0UQG,U03EPDEKY4U,U03765UPB8C,2nd-f,5,2ndf,Chum Bucket,Donner,0.0,"Random musings, birdwatching, and train ruck",0.0
2026-01-04,1,C017CTS0UQG,U03EPDEKY4U,U03EPDEKY4U,2nd-f,5,2ndf,Schlitz,Blitzen,0.0,Slippery ruck,0.0
2026-01-11,2,C017CTS0UQG,U03EPDEKY4U,U03EPDEKY4U,2nd-f,5,2ndf,Schlitz,Blitzen,0.0,Wildlife ruck,0.0
2026-01-18,3,C017CTS0UQG,U03EPDEKY4U,U03EPDEKY4U,2nd-f,5,2ndf,Schlitz,Blitzen,0.0,Darn cold ruck,0.0
2026-01-25,4,C017CTS0UQG,U03EPDEKY4U,U03EPDEKY4U,2nd-f,5,2ndf,Schlitz,Blitzen,0.0,Heatwave ruck,0.0
2026-02-01,5,C017CTS0UQG,U03EPDEKY4U,U03EPDEKY4U,2nd-f,5,2ndf,Schlitz,Blitzen,0.0,Chasing those FIA points,0.0
2026-02-08,6,C017CTS0UQG,U03EPDEKY4U,U03EPDEKY4U,2nd-f,5,2ndf,Schlitz,Blitzen,0.0,"Random musings, birdwatching, and train ruck",0.0
2026-01-04,1,C017CTS0UQG,U03EPDEKY4U,U057QBF3TPW,2nd-f,5,2ndf,Deja vu,NONE,0.0,Slippery ruck,0.0
2026-01-11,2,C017CTS0UQG,U03EPDEKY4U,U057QBF3TPW,2nd-f,5,2ndf,Deja vu,NONE,0.0,Wildlife ruck,0.0
2026-01-04,1,C017CTS0UQG,U03EPDEKY4U,U05TUKL5N87,2nd-f,5,2ndf,Zimmer,Dasher,0.0,Slippery ruck,0.0
2026-01-04,1,C017CTS0UQG,U03EPDEKY4U,U05ULCL3806,2nd-f,5,2ndf,Mr. Kotter,Donner,0.0,Slippery ruck,0.0
2026-01-11,2,C017CTS0UQG,U03EPDEKY4U,U05ULCL3806,2nd-f,5,2ndf,Mr. Kotter,Donner,0.0,Wildlife ruck,0.0
2026-01-18,3,C017CTS0UQG,U03EPDEKY4U,U05ULCL3806,2nd-f,5,2ndf,Mr. Kotter,Donner,0.0,Darn cold ruck,0.0
2026-02-01,5,C017CTS0UQG,U03EPDEKY4U,U06A1RN2DQF,2nd-f,5,2ndf,Hank Hill,Prancer,0.0,Chasing those FIA points,0.0
2026-02-08,6,C017CTS0UQG,U03EPDEKY4U,U06A1RN2DQF,2nd-f,5,2ndf,Hank Hill,Prancer,0.0,"Random musings, birdwatching, and train ruck",0.0
2026-01-04,1,C017CTS0UQG,U03EPDEKY4U,U06GZ8ECZC5,2nd-f,5,2ndf,Boomer,Prancer,0.0,Slippery ruck,0.0
2026-01-11,2,C017CTS0UQG,U03EPDEKY4U,U06GZ8ECZC5,2nd-f,5,2ndf,Boomer,Prancer,0.0,Wildlife ruck,0.0
2026-01-18,3,C017CTS0UQG,U03EPDEKY4U,U06GZ8ECZC5,2nd-f,5,2ndf,Boomer,Prancer,0.0,Darn cold ruck,0.0
2026-01-25,4,C017CTS0UQG,U03EPDEKY4U,U06GZ8ECZC5,2nd-f,5,2ndf,Boomer,Prancer,0.0,Heatwave ruck,0.0
2026-02-01,5,C017CTS0UQG,U03EPDEKY4U,U06GZ8ECZC5,2nd-f,5,2ndf,Boomer,Prancer,0.0,Chasing those FIA points,0.0
2026-02-08,6,C017CTS0UQG,U03EPDEKY4U,U06GZ8ECZC5,2nd-f,5,2ndf,Boomer,Prancer,0.0,"Random musings, birdwatching, and train ruck",0.0
2026-02-01,5,C017CTS0UQG,U03EPDEKY4U,U06H3QB4KMY,2nd-f,5,2ndf,Mahomes,Comet,0.0,Chasing those FIA points,0.0
2026-02-08,6,C017CTS0UQG,U03EPDEKY4U,U073D5MRD4Z,2nd-f,5,2ndf,Hat Trick,Vixen,0.0,"Random musings, birdwatching, and train ruck",0.0
2026-01-04,1,C017CTS0UQG,U03EPDEKY4U,U075J9NN91N,2nd-f,5,2ndf,Pop-Tart,Dancer,0.0,Slippery ruck,0.0
2026-01-25,4,C017CTS0UQG,U03EPDEKY4U,U075J9NN91N,2nd-f,5,2ndf,Pop-Tart,Dancer,0.0,Heatwave ruck,0.0
2026-02-01,5,C017CTS0UQG,U03EPDEKY4U,U07GDNBSZ0Q,2nd-f,5,2ndf,Speedbag (F3 Southsid3),Unknown Team,<NA>,Chasing those FIA points,0.0
2026-01-25,4,C017CTS0UQG,U03EPDEKY4U,U080FGLKUH5,2nd-f,5,2ndf,Hodl,Dancer,0.0,Heatwave ruck,0.0
2026-01-11,2,C017CTS0UQG,U03EPDEKY4U,U087CHQLZ7B,2nd-f,5,2ndf,Scratch and Dent,Dasher,0.0,Wildlife ruck,0.0
2026-01-02,0,C017CTS0UQG,U04RBT6T8RJ,U016M1Z8NLE,2nd-f,5,2ndf,Happy Camper,Comet,0.0,First Friday at Werk Force,0.0
2026-01-02,0,C017CTS0UQG,U04RBT6T8RJ,U017QPPJVJ5,2nd-f,5,2ndf,Bob Villa,Comet,0.0,First Friday at Werk Force,0.0
2026-02-06,5,C017CTS0UQG,U04RBT6T8RJ,U017QPPJVJ5,2nd-f,5,2ndf,Bob Villa,Comet,0.0,1st Friday at Werk Force,0.0
2026-01-02,0,C017CTS0UQG,U04RBT6T8RJ,U01KXPKDF97,2nd-f,5,2ndf,Heifer,Comet,2.0,First Friday at Werk Force,0.0
2026-01-02,0,C017CTS0UQG,U04RBT6T8RJ,U020A3PMS14,2nd-f,5,2ndf,Ringo,Rudolph,0.0,First Friday at Werk Force,0.0
2026-02-06,5,C017CTS0UQG,U04RBT6T8RJ,U020A3PMS14,2nd-f,5,2ndf,Ringo,Rudolph,0.0,1st Friday at Werk Force,0.0
2026-02-06,5,C017CTS0UQG,U04RBT6T8RJ,U02NST5BMKJ,2nd-f,5,2ndf,Dear Abby,Dancer,0.0,1st Friday at Werk Force,0.0
2026-02-06,5,C017CTS0UQG,U04RBT6T8RJ,U03EPDEKY4U,2nd-f,5,2ndf,Schlitz,Blitzen,0.0,1st Friday at Werk Force,0.0
2026-01-02,0,C017CTS0UQG,U04RBT6T8RJ,U03SX99V3PU,2nd-f,5,2ndf,Meta,Comet,0.0,First Friday at Werk Force,0.0
2026-01-02,0,C017CTS0UQG,U04RBT6T8RJ,U03TYSW2933,2nd-f,5,2ndf,The Worm,Prancer,0.0,First Friday at Werk Force,0.0
2026-01-02,0,C017CTS0UQG,U04RBT6T8RJ,U040R8S1N6P,2nd-f,5,2ndf,Dilbert,Prancer,0.0,First Friday at Werk Force,0.0
2026-02-06,5,C017CTS0UQG,U04RBT6T8RJ,U040R8S1N6P,2nd-f,5,2ndf,Dilbert,Prancer,0.0,1st Friday at Werk Force,0.0
2026-01-02,0,C017CTS0UQG,U04RBT6T8RJ,U041R4GK79V,2nd-f,5,2ndf,fuzzy navel,Donner,0.0,First Friday at Werk Force,0.0
2026-02-06,5,C017CTS0UQG,U04RBT6T8RJ,U04H6HMNPH9,2nd-f,5,2ndf,Cinderella,Dancer,0.0,1st Friday at Werk Force,0.0
2026-01-02,0,C017CTS0UQG,U04RBT6T8RJ,U04Q01BPTPE,2nd-f,5,2ndf,Olive Oyl,Dasher,0.0,First Friday at Werk Force,0.0
2026-01-02,0,C017CTS0UQG,U04RBT6T8RJ,U04RBT6T8RJ,2nd-f,5,2ndf,Old Maid,Dasher,0.0,First Friday at Werk Force,0.0
2026-02-06,5,C017CTS0UQG,U04RBT6T8RJ,U04RBT6T8RJ,2nd-f,5,2ndf,Old Maid,Dasher,0.0,1st Friday at Werk Force,0.0
2026-01-02,0,C017CTS0UQG,U04RBT6T8RJ,U05TUKL5N87,2nd-f,5,2ndf,Zimmer,Dasher,0.0,First Friday at Werk Force,0.0
2026-01-02,0,C017CTS0UQG,U04RBT6T8RJ,U06A1RN2DQF,2nd-f,5,2ndf,Hank Hill,Prancer,0.0,First Friday at Werk Force,0.0
2026-02-06,5,C017CTS0UQG,U04RBT6T8RJ,U06A1RN2DQF,2nd-f,5,2ndf,Hank Hill,Prancer,0.0,1st Friday at Werk Force,0.0
2026-01-02,0,C017CTS0UQG,U04RBT6T8RJ,U06GZ8ECZC5,2nd-f,5,2ndf,Boomer,Prancer,0.0,First Friday at Werk Force,0.0
2026-02-06,5,C017CTS0UQG,U04RBT6T8RJ,U06GZ8ECZC5,2nd-f,5,2ndf,Boomer,Prancer,0.0,1st Friday at Werk Force,0.0
2026-01-02,0,C017CTS0UQG,U04RBT6T8RJ,U087CHQLZ7B,2nd-f,5,2ndf,Scratch and Dent,Dasher,0.0,First Friday at Werk Force,0.0
2026-01-10,1,C017CTS0UQG,U057QBF3TPW,U057QBF3TPW,2nd-f,5,2ndf,Deja vu,NONE,0.0,Downrange 2nd F: Poker Party and Bears-Packers Gam...,0.0
2026-01-03,0,C017CTS0UQG,U07GJC6UG1Z,U02KN9HUSE6,2nd-f,5,2ndf,Soft Hands,Cupid,0.0,Holiday Party - FiA/F3,0.0
2026-01-03,0,C017CTS0UQG,U07GJC6UG1Z,U031LSD0SP7,2nd-f,5,2ndf,Plunger,NONE,0.0,Holiday Party - FiA/F3,0.0
2026-01-03,0,C017CTS0UQG,U07GJC6UG1Z,U03765UPB8C,2nd-f,5,2ndf,Chum Bucket,Donner,0.0,Holiday Party - FiA/F3,0.0
2026-01-03,0,C017CTS0UQG,U07GJC6UG1Z,U03HAJB5A9G,2nd-f,5,2ndf,CarpetMulcher,NONE,0.0,Holiday Party - FiA/F3,0.0
2026-01-03,0,C017CTS0UQG,U07GJC6UG1Z,U03SJESV9JR,2nd-f,5,2ndf,BABYMOMMA,Dasher,0.0,Holiday Party - FiA/F3,0.0
2026-01-03,0,C017CTS0UQG,U07GJC6UG1Z,U03SX99V3PU,2nd-f,5,2ndf,Meta,Comet,0.0,Holiday Party - FiA/F3,0.0
2026-01-03,0,C017CTS0UQG,U07GJC6UG1Z,U03TX17L7AQ,2nd-f,5,2ndf,Foreclosure,Rudolph,0.0,Holiday Party - FiA/F3,0.0
2026-01-03,0,C017CTS0UQG,U07GJC6UG1Z,U05QD3D6ZK7,2nd-f,5,2ndf,Caboose,Cupid,0.0,Holiday Party - FiA/F3,0.0
2026-01-03,0,C017CTS0UQG,U07GJC6UG1Z,U06A1RN2DQF,2nd-f,5,2ndf,Hank Hill,Prancer,0.0,Holiday Party - FiA/F3,0.0
2026-01-03,0,C017CTS0UQG,U07GJC6UG1Z,U06GZE2D66R,2nd-f,5,2ndf,Sparky,Dancer,0.0,Holiday Party - FiA/F3,0.0
2026-01-03,0,C017CTS0UQG,U07GJC6UG1Z,U06H3QB4KMY,2nd-f,5,2ndf,Mahomes,Comet,0.0,Holiday Party - FiA/F3,0.0
2026-01-03,0,C017CTS0UQG,U07GJC6UG1Z,U074T16JBDX,2nd-f,5,2ndf,Deliverance,Prancer,0.0,Holiday Party - FiA/F3,0.0
2026-01-03,0,C017CTS0UQG,U07GJC6UG1Z,U07GDNBSZ0Q,2nd-f,5,2ndf,Speedbag (F3 Southsid3),Unknown Team,<NA>,Holiday Party - FiA/F3,0.0
2026-01-03,0,C017CTS0UQG,U07GJC6UG1Z,U07GJC6UG1Z,2nd-f,5,2ndf,Celler Dweller,Donner,0.0,Holiday Party - FiA/F3,0.0
2026-01-03,0,C017CTS0UQG,U07GJC6UG1Z,U07UCTA492S,2nd-f,5,2ndf,Mr Burns,Unknown Team,<NA>,Holiday Party - FiA/F3,0.0
2026-01-03,0,C017CTS0UQG,U07GJC6UG1Z,U087CHQLZ7B,2nd-f,5,2ndf,Scratch and Dent,Dasher,0.0,Holiday Party - FiA/F3,0.0
2026-01-03,0,C017CTS0UQG,U07GJC6UG1Z,U0995LDSXNC,2nd-f,5,2ndf,Party in a bottle,Dancer,0.0,Holiday Party - FiA/F3,0.0
2026-01-03,0,C017CTS0UQG,U07GJC6UG1Z,U09Q74ECF54,2nd-f,5,2ndf,Pit Boss,Donner,1.0,Holiday Party - FiA/F3,0.0
2026-01-28,4,C017KB6LEP7,U016890PYHM,U016890PYHM,downrange,3,1stf,Bedpan,Donner,0.0,DR F3 Louisville RC at TheBeast,0.0
2026-01-03,0,C017KB6LEP7,U0171K8109F,U016890PYHM,downrange,3,1stf,Bedpan,Donner,0.0,F3 Indy Ruck at TheVet,0.0
2026-01-03,0,C017KB6LEP7,U0171K8109F,U0171K8109F,downrange,3,1stf,F3CrossroadsIL,NONE,0.0,F3 Indy Ruck at TheVet,0.0
2026-01-05,1,C017KB6LEP7,U0171K8109F,U0171K8109F,downrange,3,1stf,F3CrossroadsIL,NONE,0.0,Battle rocket VQ at dark water,0.0
2026-01-06,1,C017KB6LEP7,U0171K8109F,U0171K8109F,downrange,3,1stf,F3CrossroadsIL,NONE,0.0,The Patriot (f3 Southsid3),0.0
2026-01-10,1,C017KB6LEP7,U0171K8109F,U0171K8109F,downrange,3,1stf,F3CrossroadsIL,NONE,0.0,Two Wolves with Spirit Fingers on Q,0.0
2026-01-27,4,C017KB6LEP7,U0171K8109F,U0171K8109F,downrange,3,1stf,F3CrossroadsIL,NONE,0.0,Late start outpost,3.12
2026-02-03,5,C017KB6LEP7,U0171K8109F,U0171K8109F,downrange,3,1stf,F3CrossroadsIL,NONE,0.0,"Resurrection Hill (F3 Outlands, Lewinski on Q)",0.0
2026-01-27,4,C017KB6LEP7,U0171K8109F,U040R8S1N6P,downrange,3,1stf,Dilbert,Prancer,0.0,Late start outpost,3.12
2026-02-03,5,C017KB6LEP7,U0171K8109F,U048GCZ7GBY,downrange,3,1stf,Broomstick,Vixen,0.0,"Resurrection Hill (F3 Outlands, Lewinski on Q)",0.0
2026-01-10,1,C017KB6LEP7,U0171K8109F,U05ULCL3806,downrange,3,1stf,Mr. Kotter,Donner,0.0,Two Wolves with Spirit Fingers on Q,0.0
2026-01-05,1,C017KB6LEP7,U0171K8109F,U06K8PKQGA1,downrange,3,1stf,Duck Hunt,Cupid,0.0,Battle rocket VQ at dark water,0.0
2026-01-06,1,C017KB6LEP7,U0171K8109F,U06K8PKQGA1,downrange,3,1stf,Duck Hunt,Cupid,0.0,The Patriot (f3 Southsid3),0.0
2026-02-07,5,C017KB6LEP7,U017E4NMFQV,U016ZUU67BN,downrange,3,1stf,5-Putt,Vixen,0.0,Chaminwood convergence,0.0
2026-02-07,5,C017KB6LEP7,U017E4NMFQV,U0171KQRB6D,downrange,3,1stf,vern,Vixen,0.0,Chaminwood convergence,0.0
2026-02-07,5,C017KB6LEP7,U017E4NMFQV,U017E4NMFQV,downrange,3,1stf,Hanger,Donner,0.0,Chaminwood convergence,0.0
2026-02-07,5,C017KB6LEP7,U017E4NMFQV,U020A3PMS14,downrange,3,1stf,Ringo,Rudolph,0.0,Chaminwood convergence,0.0
2026-02-07,5,C017KB6LEP7,U017E4NMFQV,U03765UPB8C,downrange,3,1stf,Chum Bucket,Donner,0.0,Chaminwood convergence,0.0
2026-02-07,5,C017KB6LEP7,U017E4NMFQV,U03DP9WRXJN,downrange,3,1stf,Backstreet,Rudolph,0.0,Chaminwood convergence,0.0
2026-02-07,5,C017KB6LEP7,U017E4NMFQV,U03EPDEKY4U,downrange,3,1stf,Schlitz,Blitzen,0.0,Chaminwood convergence,0.0
2026-02-07,5,C017KB6LEP7,U017E4NMFQV,U03TX17L7AQ,downrange,3,1stf,Foreclosure,Rudolph,0.0,Chaminwood convergence,0.0
2026-02-07,5,C017KB6LEP7,U017E4NMFQV,U041R4GK79V,downrange,3,1stf,fuzzy navel,Donner,0.0,Chaminwood convergence,0.0
2026-02-07,5,C017KB6LEP7,U017E4NMFQV,U04RQB0TXFS,downrange,3,1stf,Hot Lava,Comet,0.0,Chaminwood convergence,0.0
2026-02-07,5,C017KB6LEP7,U017E4NMFQV,U04U8EGCQS1,downrange,3,1stf,Manhole,Comet,0.0,Chaminwood convergence,0.0
2026-02-07,5,C017KB6LEP7,U017E4NMFQV,U057QBF3TPW,downrange,3,1stf,Deja vu,NONE,0.0,Chaminwood convergence,0.0
2026-02-07,5,C017KB6LEP7,U017E4NMFQV,U05QD3D6ZK7,downrange,3,1stf,Caboose,Cupid,0.0,Chaminwood convergence,0.0
2026-02-07,5,C017KB6LEP7,U017E4NMFQV,U06A1RN2DQF,downrange,3,1stf,Hank Hill,Prancer,0.0,Chaminwood convergence,0.0
2026-02-07,5,C017KB6LEP7,U017E4NMFQV,U06GZE2D66R,downrange,3,1stf,Sparky,Dancer,0.0,Chaminwood convergence,0.0
2026-02-07,5,C017KB6LEP7,U017E4NMFQV,U077RQMTNG3,downrange,3,1stf,Celine Dion,Rudolph,0.0,Chaminwood convergence,0.0
2026-01-10,1,C017KB6LEP7,U0194BS66MQ,U0194BS66MQ,downrange,3,1stf,Binford,NONE,0.0,Ruck Club at The Wood,0.0
2026-01-17,2,C017KB6LEP7,U0194BS66MQ,U0194BS66MQ,downrange,3,1stf,Binford,NONE,0.0,Rick Club at The Wood,0.0
2026-01-10,1,C017KB6LEP7,U0194BS66MQ,U057QBF3TPW,downrange,3,1stf,Deja vu,NONE,0.0,Ruck Club at The Wood,0.0
2026-01-17,2,C017KB6LEP7,U0194BS66MQ,U057QBF3TPW,downrange,3,1stf,Deja vu,NONE,0.0,Rick Club at The Wood,0.0
2026-01-19,3,C017KB6LEP7,U02BUJWCMBQ,U02BUJWCMBQ,downrange,3,1stf,Picasso,Cupid,0.0,Picasso Q at The Wood,0.0
2026-01-19,3,C017KB6LEP7,U02BUJWCMBQ,U057QBF3TPW,downrange,3,1stf,Deja vu,NONE,0.0,Picasso Q at The Wood,0.0
2026-01-13,2,C017KB6LEP7,U02KN9HUSE6,U018098KAAC,downrange,3,1stf,Sparkler,Cupid,0.0,Run club at the ?,0.0
2026-01-13,2,C017KB6LEP7,U02KN9HUSE6,U02KN9HUSE6,downrange,3,1stf,Soft Hands,Cupid,0.0,Run club at the ?,0.0
2026-01-03,0,C017KB6LEP7,U03ESCYKTGR,U03ESCYKTGR,downrange,3,1stf,Squidward,NONE,0.0,Ruck club the wood,0.0
2026-01-03,0,C017KB6LEP7,U03ESCYKTGR,U03TX17L7AQ,downrange,3,1stf,Foreclosure,Rudolph,0.0,Ruck club the wood,0.0
2026-01-03,0,C017KB6LEP7,U03H797905V,U03H797905V,downrange,3,1stf,Millville,NONE,0.0,Black Diamond Lift Club The Wood,0.0
2026-01-14,2,C017KB6LEP7,U03H797905V,U03H797905V,downrange,3,1stf,Millville,NONE,0.0,Millville Pearls on a string at The Wood,0.0
2026-01-03,0,C017KB6LEP7,U03H797905V,U03TX17L7AQ,downrange,3,1stf,Foreclosure,Rudolph,0.0,Black Diamond Lift Club The Wood,0.0
2026-01-14,2,C017KB6LEP7,U03H797905V,U057QBF3TPW,downrange,3,1stf,Deja vu,NONE,0.0,Millville Pearls on a string at The Wood,0.0
2026-01-16,2,C017KB6LEP7,U03TX17L7AQ,U02KN9HUSE6,downrange,3,1stf,Soft Hands,Cupid,0.0,3R beatdown,0.0
2026-01-16,2,C017KB6LEP7,U03TX17L7AQ,U03TX17L7AQ,downrange,3,1stf,Foreclosure,Rudolph,0.0,3R beatdown,0.0
2026-01-31,4,C017KB6LEP7,U03TX17L7AQ,U03TX17L7AQ,downrange,3,1stf,Foreclosure,Rudolph,0.0,Black Diamond Lift Club The Wood,0.0
2026-01-16,2,C017KB6LEP7,U03TX17L7AQ,U04U8EGCQS1,downrange,3,1stf,Manhole,Comet,0.0,3R beatdown,0.0
2026-01-16,2,C017KB6LEP7,U03TX17L7AQ,U057QBF3TPW,downrange,3,1stf,Deja vu,NONE,0.0,3R beatdown,0.0
2026-01-07,1,C017KB6LEP7,U040YRLSFNW,U02KN9HUSE6,downrange,3,1stf,Soft Hands,Cupid,0.0,Rooney’s hill pain,0.0
2026-01-07,1,C017KB6LEP7,U040YRLSFNW,U03SUM8JU2Z,downrange,3,1stf,Spike Horn,Cupid,0.0,Rooney’s hill pain,0.0
2026-01-07,1,C017KB6LEP7,U040YRLSFNW,U040YRLSFNW,downrange,3,1stf,Rooney,Dasher,0.0,Rooney’s hill pain,0.0
2026-01-21,3,C017KB6LEP7,U040YRLSFNW,U040YRLSFNW,downrange,3,1stf,Rooney,Dasher,0.0,Rooney’s 7’s at The Wood,0.0
2026-01-07,1,C017KB6LEP7,U040YRLSFNW,U057QBF3TPW,downrange,3,1stf,Deja vu,NONE,0.0,Rooney’s hill pain,0.0
2026-01-21,3,C017KB6LEP7,U040YRLSFNW,U057QBF3TPW,downrange,3,1stf,Deja vu,NONE,0.0,Rooney’s 7’s at The Wood,0.0
2026-02-02,5,C017KB6LEP7,U041ATZKYR3,U018098KAAC,downrange,3,1stf,Sparkler,Cupid,0.0,F3 Naperville Black Diamond at the Outpost,0.0
2026-02-03,5,C017KB6LEP7,U041ATZKYR3,U03DP9WRXJN,downrange,3,1stf,Backstreet,Rudolph,0.0,F3 Nashville III Pillars- Dawson's Creek themed BC,0.0
2026-01-13,2,C017KB6LEP7,U041ATZKYR3,U040R8S1N6P,downrange,3,1stf,Dilbert,Prancer,0.0,Late start outpost,0.0
2026-01-03,0,C017KB6LEP7,U041ATZKYR3,U041ATZKYR3,downrange,3,1stf,F3Plainfield_IL,NONE,0.0,Downrange,0.0
2026-01-10,1,C017KB6LEP7,U041ATZKYR3,U041ATZKYR3,downrange,3,1stf,F3Plainfield_IL,NONE,0.0,Black Diamond Lift Club at The Wood,0.0
2026-01-13,2,C017KB6LEP7,U041ATZKYR3,U041ATZKYR3,downrange,3,1stf,F3Plainfield_IL,NONE,0.0,Late start outpost,0.0
2026-01-24,3,C017KB6LEP7,U041ATZKYR3,U041ATZKYR3,downrange,3,1stf,F3Plainfield_IL,NONE,0.0,Tinman VQ,0.0
2026-02-02,5,C017KB6LEP7,U041ATZKYR3,U041ATZKYR3,downrange,3,1stf,F3Plainfield_IL,NONE,0.0,F3 Naperville Black Diamond at the Outpost,0.0
2026-02-03,5,C017KB6LEP7,U041ATZKYR3,U041ATZKYR3,downrange,3,1stf,F3Plainfield_IL,NONE,0.0,F3 Nashville III Pillars- Dawson's Creek themed BC,0.0
2026-02-10,6,C017KB6LEP7,U041ATZKYR3,U041ATZKYR3,downrange,3,1stf,F3Plainfield_IL,NONE,0.0,Run Club with Sir Lemon,0.0
2026-01-03,0,C017KB6LEP7,U041ATZKYR3,U057QBF3TPW,downrange,3,1stf,Deja vu,NONE,0.0,Downrange,0.0
2026-01-10,1,C017KB6LEP7,U041ATZKYR3,U057QBF3TPW,downrange,3,1stf,Deja vu,NONE,0.0,Black Diamond Lift Club at The Wood,0.0
2026-01-24,3,C017KB6LEP7,U041ATZKYR3,U05ULCL3806,downrange,3,1stf,Mr. Kotter,Donner,0.0,Tinman VQ,0.0
2026-02-10,6,C017KB6LEP7,U041ATZKYR3,U071GSVM24B,downrange,3,1stf,Spit Valve,Prancer,0.0,Run Club with Sir Lemon,0.0
2026-01-10,1,C017KB6LEP7,U041ATZKYR3,U077RQMTNG3,downrange,3,1stf,Celine Dion,Rudolph,0.0,Black Diamond Lift Club at The Wood,0.0
2026-02-03,5,C017KB6LEP7,U041T9ACB3L,U03BW1H4DAB,downrange,3,1stf,Swanson (Southsid3),Unknown Team,<NA>,The Day The Music Died with UPS,0.0
2026-01-30,4,C017KB6LEP7,U041T9ACB3L,U041T9ACB3L,downrange,3,1stf,UPS,Dasher,0.0,Tackleberry to the Rescue,0.0
2026-01-31,4,C017KB6LEP7,U041T9ACB3L,U041T9ACB3L,downrange,3,1stf,UPS,Dasher,0.0,Tackleberry's 3 year celebration,0.0
2026-02-03,5,C017KB6LEP7,U041T9ACB3L,U041T9ACB3L,downrange,3,1stf,UPS,Dasher,0.0,The Day The Music Died with UPS,0.0
2026-02-03,5,C017KB6LEP7,U041T9ACB3L,U09BBJ81140,downrange,3,1stf,Slapshot,Rudolph,0.0,The Day The Music Died with UPS,0.0
2026-01-27,4,C017KB6LEP7,U04C9LC424U,U04C9LC424U,downrange,3,1stf,Norm,Dasher,0.0,Norm Jog PT,3.12
2026-01-27,4,C017KB6LEP7,U04C9LC424U,U04RQB0TXFS,downrange,3,1stf,Hot Lava,Comet,0.0,Norm Jog PT,3.12
2026-01-27,4,C017KB6LEP7,U04C9LC424U,U04U8EGCQS1,downrange,3,1stf,Manhole,Comet,0.0,Norm Jog PT,3.12
2026-01-05,1,C017KB6LEP7,U04M8MS2WHJ,U04M8MS2WHJ,downrange,3,1stf,FINCH,NONE,0.0,You call it’s with Finch,0.0
2026-01-12,2,C017KB6LEP7,U04M8MS2WHJ,U04M8MS2WHJ,downrange,3,1stf,FINCH,NONE,0.0,Finch 4 corners,0.0
2026-01-30,4,C017KB6LEP7,U04M8MS2WHJ,U04M8MS2WHJ,downrange,3,1stf,FINCH,NONE,0.0,Finch Manny Three Rivers am,0.0
2026-02-09,6,C017KB6LEP7,U04M8MS2WHJ,U04M8MS2WHJ,downrange,3,1stf,FINCH,NONE,0.0,3 Rivers PM Winter Warrior,0.0
2026-01-05,1,C017KB6LEP7,U04M8MS2WHJ,U04RQB0TXFS,downrange,3,1stf,Hot Lava,Comet,0.0,You call it’s with Finch,0.0
2026-01-12,2,C017KB6LEP7,U04M8MS2WHJ,U04RQB0TXFS,downrange,3,1stf,Hot Lava,Comet,0.0,Finch 4 corners,0.0
2026-02-09,6,C017KB6LEP7,U04M8MS2WHJ,U04RQB0TXFS,downrange,3,1stf,Hot Lava,Comet,0.0,3 Rivers PM Winter Warrior,0.0
2026-01-12,2,C017KB6LEP7,U04M8MS2WHJ,U04U8EGCQS1,downrange,3,1stf,Manhole,Comet,0.0,Finch 4 corners,0.0
2026-01-30,4,C017KB6LEP7,U04M8MS2WHJ,U04U8EGCQS1,downrange,3,1stf,Manhole,Comet,0.0,Finch Manny Three Rivers am,0.0
2026-02-09,6,C017KB6LEP7,U04M8MS2WHJ,U04U8EGCQS1,downrange,3,1stf,Manhole,Comet,0.0,3 Rivers PM Winter Warrior,0.0
2026-02-09,6,C017KB6LEP7,U04M8MS2WHJ,U06A1RN2DQF,downrange,3,1stf,Hank Hill,Prancer,0.0,3 Rivers PM Winter Warrior,0.0
2026-02-09,6,C017KB6LEP7,U04M8MS2WHJ,U06GZE2D66R,downrange,3,1stf,Sparky,Dancer,0.0,3 Rivers PM Winter Warrior,0.0
2026-01-05,1,C017KB6LEP7,U04M8MS2WHJ,U071GSVM24B,downrange,3,1stf,Spit Valve,Prancer,0.0,You call it’s with Finch,0.0
2026-01-19,3,C017KB6LEP7,U04Q1H1MQKF,U04Q1H1MQKF,downrange,3,1stf,Farmers Only,NONE,0.0,Farmers Arctic camp,0.0
2026-01-19,3,C017KB6LEP7,U04Q1H1MQKF,U04RQB0TXFS,downrange,3,1stf,Hot Lava,Comet,0.0,Farmers Arctic camp,0.0
2026-01-31,4,C017KB6LEP7,U057QBF3TPW,U03EPDEKY4U,downrange,3,1stf,Schlitz,Blitzen,0.0,Ruckin thru the snow The Wood,0.0
2026-02-10,6,C017KB6LEP7,U057QBF3TPW,U03T43SBJNA,downrange,3,1stf,Homer Simpson,Rudolph,0.0,BC at Three Rivers - GrubX on Q,0.0
2026-01-08,1,C017KB6LEP7,U057QBF3TPW,U057QBF3TPW,downrange,3,1stf,Deja vu,NONE,0.0,Bootcamp at The Campus. My Q,0.0
2026-01-26,4,C017KB6LEP7,U057QBF3TPW,U057QBF3TPW,downrange,3,1stf,Deja vu,NONE,0.0,BC at The Wood,0.0
2026-01-27,4,C017KB6LEP7,U057QBF3TPW,U057QBF3TPW,downrange,3,1stf,Deja vu,NONE,0.0,BC at Three Rivers - Ricola Q,0.0
2026-01-28,4,C017KB6LEP7,U057QBF3TPW,U057QBF3TPW,downrange,3,1stf,Deja vu,NONE,0.0,BC at The Wood. Binford on Q,0.0
2026-01-30,4,C017KB6LEP7,U057QBF3TPW,U057QBF3TPW,downrange,3,1stf,Deja vu,NONE,0.0,Cold Ruck in Indy,0.0
2026-01-31,4,C017KB6LEP7,U057QBF3TPW,U057QBF3TPW,downrange,3,1stf,Deja vu,NONE,0.0,Ruckin thru the snow The Wood,0.0
2026-02-02,5,C017KB6LEP7,U057QBF3TPW,U057QBF3TPW,downrange,3,1stf,Deja vu,NONE,0.0,"BC at The Wood, Huffy on Q",0.0
2026-02-03,5,C017KB6LEP7,U057QBF3TPW,U057QBF3TPW,downrange,3,1stf,Deja vu,NONE,0.0,Pearls on a string at Three Rivers,0.0
2026-02-05,5,C017KB6LEP7,U057QBF3TPW,U057QBF3TPW,downrange,3,1stf,Deja vu,NONE,0.0,Storm Chaser Death March at The Campus,0.0
2026-02-10,6,C017KB6LEP7,U057QBF3TPW,U057QBF3TPW,downrange,3,1stf,Deja vu,NONE,0.0,BC at Three Rivers - GrubX on Q,0.0
2026-02-10,6,C017KB6LEP7,U057QBF3TPW,U077RQMTNG3,downrange,3,1stf,Celine Dion,Rudolph,0.0,BC at Three Rivers - GrubX on Q,0.0
2026-01-02,0,C017KB6LEP7,U064F9H5MAR,U057QBF3TPW,downrange,3,1stf,Deja vu,NONE,0.0,Downrange,0.0
2026-01-02,0,C017KB6LEP7,U064F9H5MAR,U064F9H5MAR,downrange,3,1stf,Dog House,Dasher,0.0,Downrange,0.0
2026-01-07,1,C017KB6LEP7,U06TFS9Q7UL,U018098KAAC,downrange,3,1stf,Sparkler,Cupid,0.0,Ricola's Black Diamond at 3R,0.0
2026-01-07,1,C017KB6LEP7,U06TFS9Q7UL,U03TX17L7AQ,downrange,3,1stf,Foreclosure,Rudolph,0.0,Ricola's Black Diamond at 3R,0.0
2026-02-07,5,C017KB6LEP7,U06TFS9Q7UL,U04RQB0TXFS,downrange,3,1stf,Hot Lava,Comet,0.0,Pre-Convergence,0.0
2026-01-07,1,C017KB6LEP7,U06TFS9Q7UL,U06K8PKQGA1,downrange,3,1stf,Duck Hunt,Cupid,0.0,Ricola's Black Diamond at 3R,0.0
2026-01-07,1,C017KB6LEP7,U06TFS9Q7UL,U06TFS9Q7UL,downrange,3,1stf,Ricola,Rudolph,0.0,Ricola's Black Diamond at 3R,0.0
2026-02-07,5,C017KB6LEP7,U06TFS9Q7UL,U06TFS9Q7UL,downrange,3,1stf,Ricola,Rudolph,0.0,Pre-Convergence,0.0
2026-02-07,5,C017KB6LEP7,U06TFS9Q7UL,U077RQMTNG3,downrange,3,1stf,Celine Dion,Rudolph,0.0,Pre-Convergence,0.0
2026-02-09,6,C017KB6LEP7,U070SG6LRAS,U070SG6LRAS,downrange,3,1stf,FLANDERS,Unknown Team,<NA>,Flanders - 1000 days sober and still strong,0.0
2026-02-09,6,C017KB6LEP7,U070SG6LRAS,U077RQMTNG3,downrange,3,1stf,Celine Dion,Rudolph,0.0,Flanders - 1000 days sober and still strong,0.0
2026-01-01,0,C017KB6LEP7,U071GSVM24B,U03KKAHVC8J,downrange,3,1stf,Shawshank,NONE,0.0,New Years Ruck- EEBC at the Wood,0.0
2026-01-01,0,C017KB6LEP7,U071GSVM24B,U071GSVM24B,downrange,3,1stf,Spit Valve,Prancer,0.0,New Years Ruck- EEBC at the Wood,0.0
2026-01-02,0,C017KB6LEP7,U071GSVM24B,U071GSVM24B,downrange,3,1stf,Spit Valve,Prancer,0.0,Black Panther Run Club,0.0
2026-01-06,1,C017KB6LEP7,U071GSVM24B,U071GSVM24B,downrange,3,1stf,Spit Valve,Prancer,0.0,Run Club at the Wood,0.0
2026-01-01,0,C017KB6LEP7,U07UCTA492S,U057QBF3TPW,downrange,3,1stf,Deja vu,NONE,0.0,Downrange,0.0
2026-01-01,0,C017KB6LEP7,U07UCTA492S,U07UCTA492S,downrange,3,1stf,Mr Burns,Unknown Team,<NA>,Downrange,0.0
2026-01-02,0,C017KB6LEP7,U080FGLKUH5,U080FGLKUH5,downrange,3,1stf,Hodl,Dancer,0.0,First time downrange Ft Myers Fl run club,0.0
2026-01-19,3,C017KB6LEP7,U087CHQLZ7B,U087CHQLZ7B,downrange,3,1stf,Scratch and Dent,Dasher,0.0,Waikiki run,0.0
2026-01-20,3,C017KB6LEP7,U087CHQLZ7B,U087CHQLZ7B,downrange,3,1stf,Scratch and Dent,Dasher,0.0,EC 2 in Waikiki and HitFit,0.0
2026-01-07,1,C017KB6LEP7,U08EEQUUKSN,U041R4GK79V,downrange,3,1stf,fuzzy navel,Donner,0.0,Royal Canadian Air Force exercise program,0.0
2026-01-07,1,C017KB6LEP7,U08EEQUUKSN,U075J9NN91N,downrange,3,1stf,Pop-Tart,Dancer,0.0,Royal Canadian Air Force exercise program,0.0
2026-01-07,1,C017KB6LEP7,U08EEQUUKSN,U08EEQUUKSN,downrange,3,1stf,Elsa,NONE,0.0,Royal Canadian Air Force exercise program,0.0
2026-01-03,0,C017KB6LEP7,U08TAFQ4S0M,U057QBF3TPW,downrange,3,1stf,Deja vu,NONE,0.0,Downrange,0.0
2026-01-03,0,C017KB6LEP7,U08TAFQ4S0M,U08TAFQ4S0M,downrange,3,1stf,ATF,NONE,0.0,Downrange,0.0
2026-01-15,2,C017KB6LEP7,U0929V6HD5H,U057QBF3TPW,downrange,3,1stf,Deja vu,NONE,0.0,Running and Lifting at The Campus,0.0
2026-01-15,2,C017KB6LEP7,U0929V6HD5H,U0929V6HD5H,downrange,3,1stf,Kickflip,NONE,0.0,Running and Lifting at The Campus,0.0
2026-02-03,5,C017KB6LEP7,U092C571V3Q,U05FDSP0YD7,downrange,3,1stf,Peterbilt,Comet,0.0,Copay Manniversary F3 Naperville Icehouse,0.0
2026-02-03,5,C017KB6LEP7,U092C571V3Q,U092C571V3Q,downrange,3,1stf,Copay (F3 Naperville),NONE,0.0,Copay Manniversary F3 Naperville Icehouse,0.0
2026-02-03,5,C017KB6LEP7,U092C571V3Q,U092LRKGN2E,downrange,3,1stf,Pearl,Comet,0.0,Copay Manniversary F3 Naperville Icehouse,0.0
2026-01-12,2,C017KB6LEP7,U09LT8ATYUQ,U057QBF3TPW,downrange,3,1stf,Deja vu,NONE,0.0,Pearls on a String at The Wood,0.0
2026-01-12,2,C017KB6LEP7,U09LT8ATYUQ,U09LT8ATYUQ,downrange,3,1stf,Toolbox,Unknown Team,<NA>,Pearls on a String at The Wood,0.0
2026-01-20,3,C017KB6LEP7,U09PQTWN83S,U057QBF3TPW,downrange,3,1stf,Deja vu,NONE,0.0,3 Rivers: Pearls on a String and a Double Dora,0.0
2026-01-20,3,C017KB6LEP7,U09PQTWN83S,U09PQTWN83S,downrange,3,1stf,PFG,Prancer,0.0,3 Rivers: Pearls on a String and a Double Dora,0.0
2026-01-05,1,C017KB6LEP7,U0A0KMVLWEP,U077RQMTNG3,downrange,3,1stf,Celine Dion,Rudolph,0.0,Backblast: Marinara’s  VQ at the Island,0.0
2026-01-05,1,C017KB6LEP7,U0A0KMVLWEP,U0A0KMVLWEP,downrange,3,1stf,Marinara,Rudolph,1.0,Backblast: Marinara’s  VQ at the Island,0.0
2026-01-21,3,C017KB6LEP7,U0A31RF4RLG,U04U8EGCQS1,downrange,3,1stf,Manhole,Comet,0.0,The wood Gondola VQ,0.0
2026-01-27,4,C017KB6LEP7,U0A31RF4RLG,U04U8EGCQS1,downrange,3,1stf,Manhole,Comet,0.0,Gondola VQ,0.0
2026-01-21,3,C017KB6LEP7,U0A31RF4RLG,U06GZE2D66R,downrange,3,1stf,Sparky,Dancer,0.0,The wood Gondola VQ,0.0
2026-01-27,4,C017KB6LEP7,U0A31RF4RLG,U06GZE2D66R,downrange,3,1stf,Sparky,Dancer,0.0,Gondola VQ,0.0
2026-01-21,3,C017KB6LEP7,U0A31RF4RLG,U0A31RF4RLG,downrange,3,1stf,Gondola,Unknown Team,<NA>,The wood Gondola VQ,0.0
2026-01-27,4,C017KB6LEP7,U0A31RF4RLG,U0A31RF4RLG,downrange,3,1stf,Gondola,Unknown Team,<NA>,Gondola VQ,0.0
2026-01-01,0,C017KB6LEP7,USLACKBOT,U016890PYHM,downrange,3,1stf,Bedpan,Donner,0.0,FNG New Year BC at BP,1.75
2026-01-02,0,C017KB6LEP7,USLACKBOT,U016890PYHM,downrange,3,1stf,Bedpan,Donner,0.0,DR F3 Indy South,0.0
2026-01-03,0,C017KB6LEP7,USLACKBOT,U016890PYHM,downrange,3,1stf,Bedpan,Donner,0.0,F3 Indy BC at Sesame Street,0.0
2026-01-09,1,C017KB6LEP7,USLACKBOT,U016890PYHM,downrange,3,1stf,Bedpan,Donner,0.0,DR run club at BP,0.0
2026-01-16,2,C017KB6LEP7,USLACKBOT,U016890PYHM,downrange,3,1stf,Bedpan,Donner,0.0,RC at BP,0.0
2026-01-23,3,C017KB6LEP7,USLACKBOT,U016890PYHM,downrange,3,1stf,Bedpan,Donner,0.0,DR RC at BP,0.0
2026-01-30,4,C017KB6LEP7,USLACKBOT,U016890PYHM,downrange,3,1stf,Bedpan,Donner,0.0,DR F3 Louisville @Pleasantville | Steve-O Q,0.0
2026-01-09,1,C017KB6LEP7,USLACKBOT,U016P7DMTGT,downrange,3,1stf,Boston Butt,Dancer,0.0,DR run club at BP,0.0
2026-01-16,2,C017KB6LEP7,USLACKBOT,U016P7DMTGT,downrange,3,1stf,Boston Butt,Dancer,0.0,RC at BP,0.0
2026-01-23,3,C017KB6LEP7,USLACKBOT,U016P7DMTGT,downrange,3,1stf,Boston Butt,Dancer,0.0,DR RC at BP,0.0
2026-01-14,2,C017KB6LEP7,USLACKBOT,U018098KAAC,downrange,3,1stf,Sparkler,Cupid,0.0,SLT4 at The Wood Minus Dauber,0.0
2026-01-14,2,C017KB6LEP7,USLACKBOT,U02KN9HUSE6,downrange,3,1stf,Soft Hands,Cupid,0.0,SLT4 at The Wood Minus Dauber,0.0
2026-01-27,4,C017KB6LEP7,USLACKBOT,U02KN9HUSE6,downrange,3,1stf,Soft Hands,Cupid,0.0,Run club at the wood,0.0
2026-02-06,5,C017KB6LEP7,USLACKBOT,U02KN9HUSE6,downrange,3,1stf,Soft Hands,Cupid,0.0,3R Friday,0.0
2026-01-14,2,C017KB6LEP7,USLACKBOT,U03765UPB8C,downrange,3,1stf,Chum Bucket,Donner,0.0,SLT4 at The Wood Minus Dauber,0.0
2026-01-14,2,C017KB6LEP7,USLACKBOT,U03ESCYKTGR,downrange,3,1stf,Squidward,NONE,0.0,SLT4 at The Wood Minus Dauber,0.0
2026-01-14,2,C017KB6LEP7,USLACKBOT,U03H797905V,downrange,3,1stf,Millville,NONE,0.0,SLT4 at The Wood Minus Dauber,0.0
2026-01-14,2,C017KB6LEP7,USLACKBOT,U03SJESV9JR,downrange,3,1stf,BABYMOMMA,Dasher,0.0,SLT4 at The Wood Minus Dauber,0.0
2026-02-06,5,C017KB6LEP7,USLACKBOT,U03T43SBJNA,downrange,3,1stf,Homer Simpson,Rudolph,0.0,3R Friday,0.0
2026-01-14,2,C017KB6LEP7,USLACKBOT,U03TX17L7AQ,downrange,3,1stf,Foreclosure,Rudolph,0.0,SLT4 at The Wood Minus Dauber,0.0
2026-01-27,4,C017KB6LEP7,USLACKBOT,U03TX17L7AQ,downrange,3,1stf,Foreclosure,Rudolph,0.0,Run club at the wood,0.0
2026-01-14,2,C017KB6LEP7,USLACKBOT,U03U8N4P5G8,downrange,3,1stf,Flo,Prancer,0.0,SLT4 at The Wood Minus Dauber,0.0
2026-01-05,1,C017KB6LEP7,USLACKBOT,U057QBF3TPW,downrange,3,1stf,Deja vu,NONE,0.0,Bootcamp at The Wood,0.0
2026-01-06,1,C017KB6LEP7,USLACKBOT,U057QBF3TPW,downrange,3,1stf,Deja vu,NONE,0.0,Leg Day at 3 Rivers,0.0
2026-02-06,5,C017KB6LEP7,USLACKBOT,U057QBF3TPW,downrange,3,1stf,Deja vu,NONE,0.0,3R Friday,0.0
2026-01-10,1,C017KB6LEP7,USLACKBOT,U05ULCL3806,downrange,3,1stf,Mr. Kotter,Donner,0.0,F3 Naperville Convergence at Knox Knolls,0.0
2026-01-24,3,C017KB6LEP7,USLACKBOT,U05ULCL3806,downrange,3,1stf,Mr. Kotter,Donner,0.0,Outlands Convergence,0.0
2026-01-01,0,C017KB6LEP7,USLACKBOT,USLACKBOT,downrange,3,1stf,Slackbot,NONE,0.0,FNG New Year BC at BP,1.75
2026-01-02,0,C017KB6LEP7,USLACKBOT,USLACKBOT,downrange,3,1stf,Slackbot,NONE,0.0,DR F3 Indy South,0.0
2026-01-03,0,C017KB6LEP7,USLACKBOT,USLACKBOT,downrange,3,1stf,Slackbot,NONE,0.0,F3 Indy BC at Sesame Street,0.0
2026-01-05,1,C017KB6LEP7,USLACKBOT,USLACKBOT,downrange,3,1stf,Slackbot,NONE,0.0,Bootcamp at The Wood,0.0
2026-01-06,1,C017KB6LEP7,USLACKBOT,USLACKBOT,downrange,3,1stf,Slackbot,NONE,0.0,Leg Day at 3 Rivers,0.0
2026-01-09,1,C017KB6LEP7,USLACKBOT,USLACKBOT,downrange,3,1stf,Slackbot,NONE,0.0,DR run club at BP,0.0
2026-01-10,1,C017KB6LEP7,USLACKBOT,USLACKBOT,downrange,3,1stf,Slackbot,NONE,0.0,F3 Naperville Convergence at Knox Knolls,0.0
2026-01-14,2,C017KB6LEP7,USLACKBOT,USLACKBOT,downrange,3,1stf,Slackbot,NONE,0.0,SLT4 at The Wood Minus Dauber,0.0
2026-01-16,2,C017KB6LEP7,USLACKBOT,USLACKBOT,downrange,3,1stf,Slackbot,NONE,0.0,RC at BP,0.0
2026-01-23,3,C017KB6LEP7,USLACKBOT,USLACKBOT,downrange,3,1stf,Slackbot,NONE,0.0,DR RC at BP,0.0
2026-01-24,3,C017KB6LEP7,USLACKBOT,USLACKBOT,downrange,3,1stf,Slackbot,NONE,0.0,Outlands Convergence,0.0
2026-01-27,4,C017KB6LEP7,USLACKBOT,USLACKBOT,downrange,3,1stf,Slackbot,NONE,0.0,Run club at the wood,0.0
2026-01-30,4,C017KB6LEP7,USLACKBOT,USLACKBOT,downrange,3,1stf,Slackbot,NONE,0.0,DR F3 Louisville @Pleasantville | Steve-O Q,0.0
2026-02-06,5,C017KB6LEP7,USLACKBOT,USLACKBOT,downrange,3,1stf,Slackbot,NONE,0.0,3R Friday,0.0
2026-01-23,3,C02A0HGC4PR,U017Q6TF0TB,U017Q6TF0TB,ao-the-olympiad,3,1stf,Gopher,Blitzen,0.0,Gopher ICE Run,0.0
2026-01-23,3,C02A0HGC4PR,U017Q6TF0TB,U02A96W697X,ao-the-olympiad,3,1stf,Dauber,Comet,0.0,Gopher ICE Run,0.0
2026-01-23,3,C02A0HGC4PR,U017Q6TF0TB,U02KN9HUSE6,ao-the-olympiad,3,1stf,Soft Hands,Cupid,0.0,Gopher ICE Run,0.0
2026-01-23,3,C02A0HGC4PR,U017Q6TF0TB,U051330RY2J,ao-the-olympiad,3,1stf,Depends (3rdF Q),Prancer,0.0,Gopher ICE Run,0.0
2026-01-23,3,C02A0HGC4PR,U017Q6TF0TB,U05LL7ESE79,ao-the-olympiad,3,1stf,Cutler,Dancer,0.0,Gopher ICE Run,0.0
2026-01-23,3,C02A0HGC4PR,U017Q6TF0TB,U071GSVM24B,ao-the-olympiad,3,1stf,Spit Valve,Prancer,0.0,Gopher ICE Run,0.0
2026-01-02,0,C02A0HGC4PR,U017QPPJVJ5,U016M1Z8NLE,ao-the-olympiad,3,1stf,Happy Camper,Comet,0.0,Running into the New Year,0.0
2026-01-02,0,C02A0HGC4PR,U017QPPJVJ5,U016ZUU67BN,ao-the-olympiad,3,1stf,5-Putt,Vixen,0.0,Running into the New Year,0.0
2026-01-02,0,C02A0HGC4PR,U017QPPJVJ5,U0171KQRB6D,ao-the-olympiad,3,1stf,vern,Vixen,0.0,Running into the New Year,0.0
2026-01-02,0,C02A0HGC4PR,U017QPPJVJ5,U017BQTUL3D,ao-the-olympiad,3,1stf,John Denver,Donner,0.0,Running into the New Year,0.0
2026-01-02,0,C02A0HGC4PR,U017QPPJVJ5,U017QPPJVJ5,ao-the-olympiad,3,1stf,Bob Villa,Comet,0.0,Running into the New Year,0.0
2026-01-02,0,C02A0HGC4PR,U017QPPJVJ5,U02A96W697X,ao-the-olympiad,3,1stf,Dauber,Comet,0.0,Running into the New Year,0.0
2026-01-02,0,C02A0HGC4PR,U017QPPJVJ5,U02KN9HUSE6,ao-the-olympiad,3,1stf,Soft Hands,Cupid,0.0,Running into the New Year,0.0
2026-01-02,0,C02A0HGC4PR,U017QPPJVJ5,U03765UPB8C,ao-the-olympiad,3,1stf,Chum Bucket,Donner,0.0,Running into the New Year,0.0
2026-01-02,0,C02A0HGC4PR,U017QPPJVJ5,U03SX99V3PU,ao-the-olympiad,3,1stf,Meta,Comet,0.0,Running into the New Year,0.0
2026-01-02,0,C02A0HGC4PR,U017QPPJVJ5,U03TX17L7AQ,ao-the-olympiad,3,1stf,Foreclosure,Rudolph,0.0,Running into the New Year,0.0
2026-01-02,0,C02A0HGC4PR,U017QPPJVJ5,U048GCZ7GBY,ao-the-olympiad,3,1stf,Broomstick,Vixen,0.0,Running into the New Year,0.0
2026-01-02,0,C02A0HGC4PR,U017QPPJVJ5,U051330RY2J,ao-the-olympiad,3,1stf,Depends (3rdF Q),Prancer,0.0,Running into the New Year,0.0
2026-01-02,0,C02A0HGC4PR,U017QPPJVJ5,U05LL7ESE79,ao-the-olympiad,3,1stf,Cutler,Dancer,0.0,Running into the New Year,0.0
2026-01-02,0,C02A0HGC4PR,U017QPPJVJ5,U061CBW96MA,ao-the-olympiad,3,1stf,Singer,Cupid,0.0,Running into the New Year,0.0
2026-01-02,0,C02A0HGC4PR,U017QPPJVJ5,U098XEDSKJN,ao-the-olympiad,3,1stf,Liberty Biberty,Prancer,0.0,Running into the New Year,0.0
2026-01-22,3,C02A0HGC4PR,U019Y7P6XPF,U0194BS66MQ,ao-the-olympiad,3,1stf,Binford,NONE,0.0,X Marks the Spot,0.0
2026-01-22,3,C02A0HGC4PR,U019Y7P6XPF,U019Y7P6XPF,ao-the-olympiad,3,1stf,Foundation,Blitzen,0.0,X Marks the Spot,0.0
2026-01-22,3,C02A0HGC4PR,U019Y7P6XPF,U03FQ2U8UJK,ao-the-olympiad,3,1stf,Mapquest,Rudolph,0.0,X Marks the Spot,0.0
2026-01-22,3,C02A0HGC4PR,U019Y7P6XPF,U056VUVJ63D,ao-the-olympiad,3,1stf,Napster,Rudolph,0.0,X Marks the Spot,0.0
2026-01-22,3,C02A0HGC4PR,U019Y7P6XPF,U05C8DP6YS0,ao-the-olympiad,3,1stf,Algorithm,Comet,0.0,X Marks the Spot,0.0
2026-01-22,3,C02A0HGC4PR,U019Y7P6XPF,U08TD9DD6M6,ao-the-olympiad,3,1stf,Scuba Steve,Vixen,0.0,X Marks the Spot,0.0
2026-01-09,1,C02A0HGC4PR,U02KN9HUSE6,U016M1Z8NLE,ao-the-olympiad,3,1stf,Happy Camper,Comet,0.0,Soft Hands Runathon,0.0
2026-01-09,1,C02A0HGC4PR,U02KN9HUSE6,U016ZUU67BN,ao-the-olympiad,3,1stf,5-Putt,Vixen,0.0,Soft Hands Runathon,0.0
2026-01-09,1,C02A0HGC4PR,U02KN9HUSE6,U02A96W697X,ao-the-olympiad,3,1stf,Dauber,Comet,0.0,Soft Hands Runathon,0.0
2026-01-09,1,C02A0HGC4PR,U02KN9HUSE6,U02KN9HUSE6,ao-the-olympiad,3,1stf,Soft Hands,Cupid,0.0,Soft Hands Runathon,0.0
2026-01-09,1,C02A0HGC4PR,U02KN9HUSE6,U03765UPB8C,ao-the-olympiad,3,1stf,Chum Bucket,Donner,0.0,Soft Hands Runathon,0.0
2026-01-09,1,C02A0HGC4PR,U02KN9HUSE6,U03SUM8JU2Z,ao-the-olympiad,3,1stf,Spike Horn,Cupid,0.0,Soft Hands Runathon,0.0
2026-01-09,1,C02A0HGC4PR,U02KN9HUSE6,U03TX17L7AQ,ao-the-olympiad,3,1stf,Foreclosure,Rudolph,0.0,Soft Hands Runathon,0.0
2026-01-09,1,C02A0HGC4PR,U02KN9HUSE6,U05ULCL3806,ao-the-olympiad,3,1stf,Mr. Kotter,Donner,0.0,Soft Hands Runathon,0.0
2026-01-09,1,C02A0HGC4PR,U02KN9HUSE6,U061CBW96MA,ao-the-olympiad,3,1stf,Singer,Cupid,0.0,Soft Hands Runathon,0.0
2026-01-09,1,C02A0HGC4PR,U02KN9HUSE6,U098XEDSKJN,ao-the-olympiad,3,1stf,Liberty Biberty,Prancer,0.0,Soft Hands Runathon,0.0
2026-01-01,0,C02A0HGC4PR,U056VUVJ63D,U016M1Z8NLE,ao-the-olympiad,3,1stf,Happy Camper,Comet,0.0,Napster Rings in New Years Day,0.0
2026-01-01,0,C02A0HGC4PR,U056VUVJ63D,U016ZUU67BN,ao-the-olympiad,3,1stf,5-Putt,Vixen,0.0,Napster Rings in New Years Day,0.0
2026-01-01,0,C02A0HGC4PR,U056VUVJ63D,U02NST5BMKJ,ao-the-olympiad,3,1stf,Dear Abby,Dancer,0.0,Napster Rings in New Years Day,0.0
2026-02-05,5,C02A0HGC4PR,U056VUVJ63D,U02NST5BMKJ,ao-the-olympiad,3,1stf,Dear Abby,Dancer,0.0,Napster’s Dynamic Duo Bootcamp,0.0
2026-01-01,0,C02A0HGC4PR,U056VUVJ63D,U03EPDEKY4U,ao-the-olympiad,3,1stf,Schlitz,Blitzen,0.0,Napster Rings in New Years Day,0.0
2026-02-05,5,C02A0HGC4PR,U056VUVJ63D,U03SUM8JU2Z,ao-the-olympiad,3,1stf,Spike Horn,Cupid,0.0,Napster’s Dynamic Duo Bootcamp,0.0
2026-02-05,5,C02A0HGC4PR,U056VUVJ63D,U051330RY2J,ao-the-olympiad,3,1stf,Depends (3rdF Q),Prancer,0.0,Napster’s Dynamic Duo Bootcamp,0.0
2026-01-01,0,C02A0HGC4PR,U056VUVJ63D,U056VUVJ63D,ao-the-olympiad,3,1stf,Napster,Rudolph,0.0,Napster Rings in New Years Day,0.0
2026-02-05,5,C02A0HGC4PR,U056VUVJ63D,U056VUVJ63D,ao-the-olympiad,3,1stf,Napster,Rudolph,0.0,Napster’s Dynamic Duo Bootcamp,0.0
2026-01-01,0,C02A0HGC4PR,U056VUVJ63D,U05LL7ESE79,ao-the-olympiad,3,1stf,Cutler,Dancer,0.0,Napster Rings in New Years Day,0.0
2026-01-01,0,C02A0HGC4PR,U056VUVJ63D,U08TD9DD6M6,ao-the-olympiad,3,1stf,Scuba Steve,Vixen,0.0,Napster Rings in New Years Day,0.0
2026-02-05,5,C02A0HGC4PR,U056VUVJ63D,U08TD9DD6M6,ao-the-olympiad,3,1stf,Scuba Steve,Vixen,0.0,Napster’s Dynamic Duo Bootcamp,0.0
2026-01-29,4,C02A0HGC4PR,U057QBF3TPW,U02H51CJS30,ao-the-olympiad,3,1stf,Pull-up,Comet,0.0,Déjà vu’s Bootcamp w/ commercials,0.0
2026-01-29,4,C02A0HGC4PR,U057QBF3TPW,U03SX99V3PU,ao-the-olympiad,3,1stf,Meta,Comet,0.0,Déjà vu’s Bootcamp w/ commercials,0.0
2026-01-29,4,C02A0HGC4PR,U057QBF3TPW,U051330RY2J,ao-the-olympiad,3,1stf,Depends (3rdF Q),Prancer,0.0,Déjà vu’s Bootcamp w/ commercials,0.0
2026-01-29,4,C02A0HGC4PR,U057QBF3TPW,U057QBF3TPW,ao-the-olympiad,3,1stf,Deja vu,NONE,0.0,Déjà vu’s Bootcamp w/ commercials,0.0
2026-01-29,4,C02A0HGC4PR,U057QBF3TPW,U05LL7ESE79,ao-the-olympiad,3,1stf,Cutler,Dancer,0.0,Déjà vu’s Bootcamp w/ commercials,0.0
2026-01-29,4,C02A0HGC4PR,U057QBF3TPW,U08TD9DD6M6,ao-the-olympiad,3,1stf,Scuba Steve,Vixen,0.0,Déjà vu’s Bootcamp w/ commercials,0.0
2026-01-16,2,C02A0HGC4PR,U05LL7ESE79,U017QPPJVJ5,ao-the-olympiad,3,1stf,Bob Villa,Comet,0.0,Cutlers Neighborhood Court Run,0.0
2026-01-16,2,C02A0HGC4PR,U05LL7ESE79,U02A96W697X,ao-the-olympiad,3,1stf,Dauber,Comet,0.0,Cutlers Neighborhood Court Run,0.0
2026-01-16,2,C02A0HGC4PR,U05LL7ESE79,U03SUM8JU2Z,ao-the-olympiad,3,1stf,Spike Horn,Cupid,0.0,Cutlers Neighborhood Court Run,0.0
2026-01-16,2,C02A0HGC4PR,U05LL7ESE79,U051330RY2J,ao-the-olympiad,3,1stf,Depends (3rdF Q),Prancer,0.0,Cutlers Neighborhood Court Run,0.0
2026-01-16,2,C02A0HGC4PR,U05LL7ESE79,U05JZ098926,ao-the-olympiad,3,1stf,Puddles (CMW SLT2; 3rd F Q),NONE,0.0,Cutlers Neighborhood Court Run,0.0
2026-01-16,2,C02A0HGC4PR,U05LL7ESE79,U05LL7ESE79,ao-the-olympiad,3,1stf,Cutler,Dancer,0.0,Cutlers Neighborhood Court Run,0.0
2026-01-16,2,C02A0HGC4PR,U05LL7ESE79,U071GSVM24B,ao-the-olympiad,3,1stf,Spit Valve,Prancer,0.0,Cutlers Neighborhood Court Run,0.0
2026-01-16,2,C02A0HGC4PR,U05LL7ESE79,U07KLPGENJ0,ao-the-olympiad,3,1stf,Just Dance,Blitzen,0.0,Cutlers Neighborhood Court Run,0.0
2026-02-06,5,C02A0HGC4PR,U05TUKL5N87,U02A96W697X,ao-the-olympiad,3,1stf,Dauber,Comet,0.0,Track Intervals,0.0
2026-02-06,5,C02A0HGC4PR,U05TUKL5N87,U02F6ND56VB,ao-the-olympiad,3,1stf,Jordache,Unknown Team,<NA>,Track Intervals,0.0
2026-02-06,5,C02A0HGC4PR,U05TUKL5N87,U03SUM8JU2Z,ao-the-olympiad,3,1stf,Spike Horn,Cupid,0.0,Track Intervals,0.0
2026-02-06,5,C02A0HGC4PR,U05TUKL5N87,U03TX17L7AQ,ao-the-olympiad,3,1stf,Foreclosure,Rudolph,0.0,Track Intervals,0.0
2026-02-06,5,C02A0HGC4PR,U05TUKL5N87,U051330RY2J,ao-the-olympiad,3,1stf,Depends (3rdF Q),Prancer,0.0,Track Intervals,0.0
2026-02-06,5,C02A0HGC4PR,U05TUKL5N87,U05LL7ESE79,ao-the-olympiad,3,1stf,Cutler,Dancer,0.0,Track Intervals,0.0
2026-02-06,5,C02A0HGC4PR,U05TUKL5N87,U05TUKL5N87,ao-the-olympiad,3,1stf,Zimmer,Dasher,0.0,Track Intervals,0.0
2026-02-06,5,C02A0HGC4PR,U05TUKL5N87,U061CBW96MA,ao-the-olympiad,3,1stf,Singer,Cupid,0.0,Track Intervals,0.0
2026-02-06,5,C02A0HGC4PR,U05TUKL5N87,U073J179LHM,ao-the-olympiad,3,1stf,Sizzler,Cupid,0.0,Track Intervals,0.0
2026-02-06,5,C02A0HGC4PR,U05TUKL5N87,U07KLPGENJ0,ao-the-olympiad,3,1stf,Just Dance,Blitzen,0.0,Track Intervals,0.0
2026-01-30,4,C02A0HGC4PR,U061CBW96MA,U01ANAL4DUL,ao-the-olympiad,3,1stf,Storm Chaser,Donner,0.0,Singers Runathon,0.0
2026-01-30,4,C02A0HGC4PR,U061CBW96MA,U02A96W697X,ao-the-olympiad,3,1stf,Dauber,Comet,0.0,Singers Runathon,0.0
2026-01-30,4,C02A0HGC4PR,U061CBW96MA,U02KN9HUSE6,ao-the-olympiad,3,1stf,Soft Hands,Cupid,0.0,Singers Runathon,0.0
2026-01-30,4,C02A0HGC4PR,U061CBW96MA,U03SUM8JU2Z,ao-the-olympiad,3,1stf,Spike Horn,Cupid,0.0,Singers Runathon,0.0
2026-01-30,4,C02A0HGC4PR,U061CBW96MA,U03TX17L7AQ,ao-the-olympiad,3,1stf,Foreclosure,Rudolph,0.0,Singers Runathon,0.0
2026-01-30,4,C02A0HGC4PR,U061CBW96MA,U051330RY2J,ao-the-olympiad,3,1stf,Depends (3rdF Q),Prancer,0.0,Singers Runathon,0.0
2026-01-30,4,C02A0HGC4PR,U061CBW96MA,U05JZ098926,ao-the-olympiad,3,1stf,Puddles (CMW SLT2; 3rd F Q),NONE,0.0,Singers Runathon,0.0
2026-01-30,4,C02A0HGC4PR,U061CBW96MA,U05LL7ESE79,ao-the-olympiad,3,1stf,Cutler,Dancer,0.0,Singers Runathon,0.0
2026-01-30,4,C02A0HGC4PR,U061CBW96MA,U061CBW96MA,ao-the-olympiad,3,1stf,Singer,Cupid,0.0,Singers Runathon,0.0
2026-01-30,4,C02A0HGC4PR,U061CBW96MA,U070NTWF7G8,ao-the-olympiad,3,1stf,Foghorn,Dancer,0.0,Singers Runathon,0.0
2026-01-30,4,C02A0HGC4PR,U061CBW96MA,U071GSVM24B,ao-the-olympiad,3,1stf,Spit Valve,Prancer,0.0,Singers Runathon,0.0
2026-01-30,4,C02A0HGC4PR,U061CBW96MA,U07698FG143,ao-the-olympiad,3,1stf,Ricochet,Dancer,0.0,Singers Runathon,0.0
2026-01-30,4,C02A0HGC4PR,U061CBW96MA,U07KLPGENJ0,ao-the-olympiad,3,1stf,Just Dance,Blitzen,0.0,Singers Runathon,0.0
2026-01-30,4,C02A0HGC4PR,U061CBW96MA,U098XEDSKJN,ao-the-olympiad,3,1stf,Liberty Biberty,Prancer,0.0,Singers Runathon,0.0
2026-01-15,2,C02A0HGC4PR,U07RD0ACG80,U03FQ2U8UJK,ao-the-olympiad,3,1stf,Mapquest,Rudolph,0.0,Nemo’s Bootcamp,0.0
2026-01-15,2,C02A0HGC4PR,U07RD0ACG80,U03SX99V3PU,ao-the-olympiad,3,1stf,Meta,Comet,0.0,Nemo’s Bootcamp,0.0
2026-01-15,2,C02A0HGC4PR,U07RD0ACG80,U056VUVJ63D,ao-the-olympiad,3,1stf,Napster,Rudolph,0.0,Nemo’s Bootcamp,0.0
2026-01-15,2,C02A0HGC4PR,U07RD0ACG80,U07RD0ACG80,ao-the-olympiad,3,1stf,Nemo,Prancer,0.0,Nemo’s Bootcamp,0.0
2026-01-15,2,C02A0HGC4PR,U07RD0ACG80,U08TD9DD6M6,ao-the-olympiad,3,1stf,Scuba Steve,Vixen,0.0,Nemo’s Bootcamp,0.0
2026-01-08,1,C02A0HGC4PR,U098XEDSKJN,U02NST5BMKJ,ao-the-olympiad,3,1stf,Dear Abby,Dancer,0.0,Liberty Biberty’s Bootcamp,0.0
2026-01-08,1,C02A0HGC4PR,U098XEDSKJN,U03FQ2U8UJK,ao-the-olympiad,3,1stf,Mapquest,Rudolph,0.0,Liberty Biberty’s Bootcamp,0.0
2026-01-08,1,C02A0HGC4PR,U098XEDSKJN,U03SX99V3PU,ao-the-olympiad,3,1stf,Meta,Comet,0.0,Liberty Biberty’s Bootcamp,0.0
2026-01-08,1,C02A0HGC4PR,U098XEDSKJN,U051330RY2J,ao-the-olympiad,3,1stf,Depends (3rdF Q),Prancer,0.0,Liberty Biberty’s Bootcamp,0.0
2026-01-08,1,C02A0HGC4PR,U098XEDSKJN,U056VUVJ63D,ao-the-olympiad,3,1stf,Napster,Rudolph,0.0,Liberty Biberty’s Bootcamp,0.0
2026-01-08,1,C02A0HGC4PR,U098XEDSKJN,U058T072X6G,ao-the-olympiad,3,1stf,GrubX (CMW),Cupid,0.0,Liberty Biberty’s Bootcamp,0.0
2026-01-08,1,C02A0HGC4PR,U098XEDSKJN,U05C8DP6YS0,ao-the-olympiad,3,1stf,Algorithm,Comet,0.0,Liberty Biberty’s Bootcamp,0.0
2026-01-08,1,C02A0HGC4PR,U098XEDSKJN,U07698FG143,ao-the-olympiad,3,1stf,Ricochet,Dancer,0.0,Liberty Biberty’s Bootcamp,0.0
2026-01-08,1,C02A0HGC4PR,U098XEDSKJN,U07RD0ACG80,ao-the-olympiad,3,1stf,Nemo,Prancer,0.0,Liberty Biberty’s Bootcamp,0.0
2026-01-08,1,C02A0HGC4PR,U098XEDSKJN,U08TD9DD6M6,ao-the-olympiad,3,1stf,Scuba Steve,Vixen,0.0,Liberty Biberty’s Bootcamp,0.0
2026-01-08,1,C02A0HGC4PR,U098XEDSKJN,U098XEDSKJN,ao-the-olympiad,3,1stf,Liberty Biberty,Prancer,0.0,Liberty Biberty’s Bootcamp,0.0
2026-01-26,4,C02AC8PS1T7,U016890PYHM,U016890PYHM,ao-the-colosseum,3,1stf,Bedpan,Donner,0.0,Chilly Run,0.0
2026-01-26,4,C02AC8PS1T7,U016890PYHM,U018098KAAC,ao-the-colosseum,3,1stf,Sparkler,Cupid,0.0,Chilly Run,0.0
2026-01-26,4,C02AC8PS1T7,U016890PYHM,U051330RY2J,ao-the-colosseum,3,1stf,Depends (3rdF Q),Prancer,0.0,Chilly Run,0.0
2026-01-26,4,C02AC8PS1T7,U016890PYHM,U05LL7ESE79,ao-the-colosseum,3,1stf,Cutler,Dancer,0.0,Chilly Run,0.0
2026-01-26,4,C02AC8PS1T7,U016890PYHM,U07KLPGENJ0,ao-the-colosseum,3,1stf,Just Dance,Blitzen,0.0,Chilly Run,0.0
2026-01-26,4,C02AC8PS1T7,U016890PYHM,U09D5VDKC85,ao-the-colosseum,3,1stf,Otto Man,Cupid,0.0,Chilly Run,0.0
2026-01-14,2,C02AC8PS1T7,U019MT194E7,U017QPPJVJ5,ao-the-colosseum,3,1stf,Bob Villa,Comet,0.0,"Yo Mama so Fat, Heavy Ruck Club",0.0
2026-01-14,2,C02AC8PS1T7,U019MT194E7,U019MT194E7,ao-the-colosseum,3,1stf,Jellystone,Dasher,0.0,"Yo Mama so Fat, Heavy Ruck Club",0.0
2026-01-23,3,C02AC8PS1T7,U019MT194E7,U019MT194E7,ao-the-colosseum,3,1stf,Jellystone,Dasher,0.0,Jelly’s Icy Pearls,0.0
2026-01-14,2,C02AC8PS1T7,U019MT194E7,U01E40PTNFJ,ao-the-colosseum,3,1stf,Bunker,Cupid,0.0,"Yo Mama so Fat, Heavy Ruck Club",0.0
2026-01-23,3,C02AC8PS1T7,U019MT194E7,U04RBT6T8RJ,ao-the-colosseum,3,1stf,Old Maid,Dasher,0.0,Jelly’s Icy Pearls,0.0
2026-01-14,2,C02AC8PS1T7,U019MT194E7,U051330RY2J,ao-the-colosseum,3,1stf,Depends (3rdF Q),Prancer,0.0,"Yo Mama so Fat, Heavy Ruck Club",0.0
2026-01-14,2,C02AC8PS1T7,U019MT194E7,U056VUVJ63D,ao-the-colosseum,3,1stf,Napster,Rudolph,0.0,"Yo Mama so Fat, Heavy Ruck Club",0.0
2026-01-14,2,C02AC8PS1T7,U019MT194E7,U05QD3D6ZK7,ao-the-colosseum,3,1stf,Caboose,Cupid,0.0,"Yo Mama so Fat, Heavy Ruck Club",0.0
2026-01-23,3,C02AC8PS1T7,U019MT194E7,U05QD3D6ZK7,ao-the-colosseum,3,1stf,Caboose,Cupid,0.0,Jelly’s Icy Pearls,0.0
2026-01-23,3,C02AC8PS1T7,U019MT194E7,U05TUKL5N87,ao-the-colosseum,3,1stf,Zimmer,Dasher,0.0,Jelly’s Icy Pearls,0.0
2026-01-14,2,C02AC8PS1T7,U019MT194E7,U06A1RN2DQF,ao-the-colosseum,3,1stf,Hank Hill,Prancer,0.0,"Yo Mama so Fat, Heavy Ruck Club",0.0
2026-01-23,3,C02AC8PS1T7,U019MT194E7,U06A1RN2DQF,ao-the-colosseum,3,1stf,Hank Hill,Prancer,0.0,Jelly’s Icy Pearls,0.0
2026-01-14,2,C02AC8PS1T7,U019MT194E7,U071GSVM24B,ao-the-colosseum,3,1stf,Spit Valve,Prancer,0.0,"Yo Mama so Fat, Heavy Ruck Club",0.0
2026-01-23,3,C02AC8PS1T7,U019MT194E7,U07RD0ACG80,ao-the-colosseum,3,1stf,Nemo,Prancer,0.0,Jelly’s Icy Pearls,0.0
2026-01-23,3,C02AC8PS1T7,U019MT194E7,U0995LDSXNC,ao-the-colosseum,3,1stf,Party in a bottle,Dancer,0.0,Jelly’s Icy Pearls,0.0
2026-01-14,2,C02AC8PS1T7,U019MT194E7,U09RGQD77N1,ao-the-colosseum,3,1stf,Circuit City,Prancer,1.0,"Yo Mama so Fat, Heavy Ruck Club",0.0
2026-01-05,1,C02AC8PS1T7,U019Y7P6XPF,U016890PYHM,ao-the-colosseum,3,1stf,Bedpan,Donner,0.0,Foundation Fun Run,0.0
2026-01-09,1,C02AC8PS1T7,U019Y7P6XPF,U017E4NMFQV,ao-the-colosseum,3,1stf,Hanger,Donner,0.0,Foundation’s Pearls,0.0
2026-01-10,1,C02AC8PS1T7,U019Y7P6XPF,U017E4NMFQV,ao-the-colosseum,3,1stf,Hanger,Donner,0.0,Foundation’s Tabata of suck it up!,0.0
2026-01-05,1,C02AC8PS1T7,U019Y7P6XPF,U017Q6TF0TB,ao-the-colosseum,3,1stf,Gopher,Blitzen,0.0,Foundation Fun Run,0.0
2026-01-05,1,C02AC8PS1T7,U019Y7P6XPF,U017X9WAQ9Y,ao-the-colosseum,3,1stf,BoilerUp,Rudolph,0.0,Foundation Fun Run,0.0
2026-01-05,1,C02AC8PS1T7,U019Y7P6XPF,U019Y7P6XPF,ao-the-colosseum,3,1stf,Foundation,Blitzen,0.0,Foundation Fun Run,0.0
2026-01-09,1,C02AC8PS1T7,U019Y7P6XPF,U019Y7P6XPF,ao-the-colosseum,3,1stf,Foundation,Blitzen,0.0,Foundation’s Pearls,0.0
2026-01-10,1,C02AC8PS1T7,U019Y7P6XPF,U019Y7P6XPF,ao-the-colosseum,3,1stf,Foundation,Blitzen,0.0,Foundation’s Tabata of suck it up!,0.0
2026-01-30,4,C02AC8PS1T7,U019Y7P6XPF,U019Y7P6XPF,ao-the-colosseum,3,1stf,Foundation,Blitzen,0.0,Foundation’s Friday Burner,0.0
2026-02-06,5,C02AC8PS1T7,U019Y7P6XPF,U019Y7P6XPF,ao-the-colosseum,3,1stf,Foundation,Blitzen,0.0,Foundation’s Friday Ladder,0.0
2026-01-30,4,C02AC8PS1T7,U019Y7P6XPF,U01APFBACP8,ao-the-colosseum,3,1stf,Morticia,Blitzen,0.0,Foundation’s Friday Burner,0.0
2026-01-05,1,C02AC8PS1T7,U019Y7P6XPF,U01E40PTNFJ,ao-the-colosseum,3,1stf,Bunker,Cupid,0.0,Foundation Fun Run,0.0
2026-01-10,1,C02AC8PS1T7,U019Y7P6XPF,U01E40PTNFJ,ao-the-colosseum,3,1stf,Bunker,Cupid,0.0,Foundation’s Tabata of suck it up!,0.0
2026-02-06,5,C02AC8PS1T7,U019Y7P6XPF,U01E40PTNFJ,ao-the-colosseum,3,1stf,Bunker,Cupid,0.0,Foundation’s Friday Ladder,0.0
2026-01-05,1,C02AC8PS1T7,U019Y7P6XPF,U02A96W697X,ao-the-colosseum,3,1stf,Dauber,Comet,0.0,Foundation Fun Run,0.0
2026-01-05,1,C02AC8PS1T7,U019Y7P6XPF,U02LGCKH24W,ao-the-colosseum,3,1stf,Sensodyne,Prancer,0.0,Foundation Fun Run,0.0
2026-02-06,5,C02AC8PS1T7,U019Y7P6XPF,U03FQ2U8UJK,ao-the-colosseum,3,1stf,Mapquest,Rudolph,0.0,Foundation’s Friday Ladder,0.0
2026-01-10,1,C02AC8PS1T7,U019Y7P6XPF,U03SX99V3PU,ao-the-colosseum,3,1stf,Meta,Comet,0.0,Foundation’s Tabata of suck it up!,0.0
2026-01-05,1,C02AC8PS1T7,U019Y7P6XPF,U04H6HMNPH9,ao-the-colosseum,3,1stf,Cinderella,Dancer,0.0,Foundation Fun Run,0.0
2026-01-05,1,C02AC8PS1T7,U019Y7P6XPF,U061CBW96MA,ao-the-colosseum,3,1stf,Singer,Cupid,0.0,Foundation Fun Run,0.0
2026-01-30,4,C02AC8PS1T7,U019Y7P6XPF,U06A1RN2DQF,ao-the-colosseum,3,1stf,Hank Hill,Prancer,0.0,Foundation’s Friday Burner,0.0
2026-01-05,1,C02AC8PS1T7,U019Y7P6XPF,U07KLPGENJ0,ao-the-colosseum,3,1stf,Just Dance,Blitzen,0.0,Foundation Fun Run,0.0
2026-01-05,1,C02AC8PS1T7,U019Y7P6XPF,U07RD0ACG80,ao-the-colosseum,3,1stf,Nemo,Prancer,0.0,Foundation Fun Run,0.0
2026-01-09,1,C02AC8PS1T7,U019Y7P6XPF,U07RD0ACG80,ao-the-colosseum,3,1stf,Nemo,Prancer,0.0,Foundation’s Pearls,0.0
2026-01-30,4,C02AC8PS1T7,U019Y7P6XPF,U07RD0ACG80,ao-the-colosseum,3,1stf,Nemo,Prancer,0.0,Foundation’s Friday Burner,0.0
2026-02-06,5,C02AC8PS1T7,U019Y7P6XPF,U07RD0ACG80,ao-the-colosseum,3,1stf,Nemo,Prancer,0.0,Foundation’s Friday Ladder,0.0
2026-01-09,1,C02AC8PS1T7,U019Y7P6XPF,U087CHQLZ7B,ao-the-colosseum,3,1stf,Scratch and Dent,Dasher,0.0,Foundation’s Pearls,0.0
2026-02-06,5,C02AC8PS1T7,U019Y7P6XPF,U087CHQLZ7B,ao-the-colosseum,3,1stf,Scratch and Dent,Dasher,0.0,Foundation’s Friday Ladder,0.0
2026-01-10,1,C02AC8PS1T7,U019Y7P6XPF,U08QBC4F5C3,ao-the-colosseum,3,1stf,Fish Tape,Vixen,0.0,Foundation’s Tabata of suck it up!,0.0
2026-01-09,1,C02AC8PS1T7,U019Y7P6XPF,U08TD9DD6M6,ao-the-colosseum,3,1stf,Scuba Steve,Vixen,0.0,Foundation’s Pearls,0.0
2026-01-30,4,C02AC8PS1T7,U019Y7P6XPF,U08TD9DD6M6,ao-the-colosseum,3,1stf,Scuba Steve,Vixen,0.0,Foundation’s Friday Burner,0.0
2026-01-10,1,C02AC8PS1T7,U019Y7P6XPF,U0995LDSXNC,ao-the-colosseum,3,1stf,Party in a bottle,Dancer,0.0,Foundation’s Tabata of suck it up!,0.0
2026-02-06,5,C02AC8PS1T7,U019Y7P6XPF,U0995LDSXNC,ao-the-colosseum,3,1stf,Party in a bottle,Dancer,0.0,Foundation’s Friday Ladder,0.0
2026-01-10,1,C02AC8PS1T7,U019Y7P6XPF,U09TZCE75NU,ao-the-colosseum,3,1stf,HandsOn,Dancer,1.0,Foundation’s Tabata of suck it up!,0.0
2026-01-27,4,C02AC8PS1T7,U01B8FLBHKP,U016M1Z8NLE,ao-the-colosseum,3,1stf,Happy Camper,Comet,0.0,Nickelback’s Down and Back.,0.0
2026-01-27,4,C02AC8PS1T7,U01B8FLBHKP,U016ZUU67BN,ao-the-colosseum,3,1stf,5-Putt,Vixen,0.0,Nickelback’s Down and Back.,0.0
2026-01-27,4,C02AC8PS1T7,U01B8FLBHKP,U0171KQRB6D,ao-the-colosseum,3,1stf,vern,Vixen,0.0,Nickelback’s Down and Back.,0.0
2026-01-27,4,C02AC8PS1T7,U01B8FLBHKP,U0194BS66MQ,ao-the-colosseum,3,1stf,Binford,NONE,0.0,Nickelback’s Down and Back.,0.0
2026-01-27,4,C02AC8PS1T7,U01B8FLBHKP,U01B8FLBHKP,ao-the-colosseum,3,1stf,Nickelback,Rudolph,0.0,Nickelback’s Down and Back.,0.0
2026-01-27,4,C02AC8PS1T7,U01B8FLBHKP,U03FQ2U8UJK,ao-the-colosseum,3,1stf,Mapquest,Rudolph,0.0,Nickelback’s Down and Back.,0.0
2026-01-27,4,C02AC8PS1T7,U01B8FLBHKP,U04RBT6T8RJ,ao-the-colosseum,3,1stf,Old Maid,Dasher,0.0,Nickelback’s Down and Back.,0.0
2026-01-27,4,C02AC8PS1T7,U01B8FLBHKP,U075J9NN91N,ao-the-colosseum,3,1stf,Pop-Tart,Dancer,0.0,Nickelback’s Down and Back.,0.0
2026-01-27,4,C02AC8PS1T7,U01B8FLBHKP,U07698FG143,ao-the-colosseum,3,1stf,Ricochet,Dancer,0.0,Nickelback’s Down and Back.,0.0
2026-02-04,5,C02AC8PS1T7,U01E40PTNFJ,U01E40PTNFJ,ao-the-colosseum,3,1stf,Bunker,Cupid,0.0,Ruck Club,0.0
2026-02-04,5,C02AC8PS1T7,U01E40PTNFJ,U056VUVJ63D,ao-the-colosseum,3,1stf,Napster,Rudolph,0.0,Ruck Club,0.0
2026-02-04,5,C02AC8PS1T7,U01E40PTNFJ,U05QD3D6ZK7,ao-the-colosseum,3,1stf,Caboose,Cupid,0.0,Ruck Club,0.0
2026-02-04,5,C02AC8PS1T7,U01E40PTNFJ,U074T16JBDX,ao-the-colosseum,3,1stf,Deliverance,Prancer,0.0,Ruck Club,0.0
2026-02-04,5,C02AC8PS1T7,U01E40PTNFJ,U0ACS91NF0C,ao-the-colosseum,3,1stf,Marilyn,Unknown Team,<NA>,Ruck Club,0.0
2026-02-02,5,C02AC8PS1T7,U02A96W697X,U016890PYHM,ao-the-colosseum,3,1stf,Bedpan,Donner,0.0,Run Club,0.0
2026-02-02,5,C02AC8PS1T7,U02A96W697X,U016M1Z8NLE,ao-the-colosseum,3,1stf,Happy Camper,Comet,0.0,Run Club,0.0
2026-02-02,5,C02AC8PS1T7,U02A96W697X,U017X9WAQ9Y,ao-the-colosseum,3,1stf,BoilerUp,Rudolph,0.0,Run Club,0.0
2026-02-02,5,C02AC8PS1T7,U02A96W697X,U01E40PTNFJ,ao-the-colosseum,3,1stf,Bunker,Cupid,0.0,Run Club,0.0
2026-02-02,5,C02AC8PS1T7,U02A96W697X,U02A96W697X,ao-the-colosseum,3,1stf,Dauber,Comet,0.0,Run Club,0.0
2026-02-02,5,C02AC8PS1T7,U02A96W697X,U03SX99V3PU,ao-the-colosseum,3,1stf,Meta,Comet,0.0,Run Club,0.0
2026-02-02,5,C02AC8PS1T7,U02A96W697X,U03TX17L7AQ,ao-the-colosseum,3,1stf,Foreclosure,Rudolph,0.0,Run Club,0.0
2026-02-02,5,C02AC8PS1T7,U02A96W697X,U051330RY2J,ao-the-colosseum,3,1stf,Depends (3rdF Q),Prancer,0.0,Run Club,0.0
2026-02-02,5,C02AC8PS1T7,U02A96W697X,U05C8DP6YS0,ao-the-colosseum,3,1stf,Algorithm,Comet,0.0,Run Club,0.0
2026-02-02,5,C02AC8PS1T7,U02A96W697X,U061CBW96MA,ao-the-colosseum,3,1stf,Singer,Cupid,0.0,Run Club,0.0
2026-02-02,5,C02AC8PS1T7,U02A96W697X,U071GSVM24B,ao-the-colosseum,3,1stf,Spit Valve,Prancer,0.0,Run Club,0.0
2026-02-02,5,C02AC8PS1T7,U02A96W697X,U07KLPGENJ0,ao-the-colosseum,3,1stf,Just Dance,Blitzen,0.0,Run Club,0.0
2026-02-02,5,C02AC8PS1T7,U02A96W697X,U07LY4K586M,ao-the-colosseum,3,1stf,Moist,Donner,0.0,Run Club,0.0
2026-01-06,1,C02AC8PS1T7,U02NST5BMKJ,U017E4NMFQV,ao-the-colosseum,3,1stf,Hanger,Donner,0.0,Abby’s Scalene triangle,0.0
2026-01-06,1,C02AC8PS1T7,U02NST5BMKJ,U01E40PTNFJ,ao-the-colosseum,3,1stf,Bunker,Cupid,0.0,Abby’s Scalene triangle,0.0
2026-01-06,1,C02AC8PS1T7,U02NST5BMKJ,U02NST5BMKJ,ao-the-colosseum,3,1stf,Dear Abby,Dancer,0.0,Abby’s Scalene triangle,0.0
2026-01-06,1,C02AC8PS1T7,U02NST5BMKJ,U03EPDEKY4U,ao-the-colosseum,3,1stf,Schlitz,Blitzen,0.0,Abby’s Scalene triangle,0.0
2026-01-06,1,C02AC8PS1T7,U02NST5BMKJ,U03FQ2U8UJK,ao-the-colosseum,3,1stf,Mapquest,Rudolph,0.0,Abby’s Scalene triangle,0.0
2026-01-06,1,C02AC8PS1T7,U02NST5BMKJ,U03SX99V3PU,ao-the-colosseum,3,1stf,Meta,Comet,0.0,Abby’s Scalene triangle,0.0
2026-01-06,1,C02AC8PS1T7,U02NST5BMKJ,U03TYSW2933,ao-the-colosseum,3,1stf,The Worm,Prancer,0.0,Abby’s Scalene triangle,0.0
2026-01-06,1,C02AC8PS1T7,U02NST5BMKJ,U04RBT6T8RJ,ao-the-colosseum,3,1stf,Old Maid,Dasher,0.0,Abby’s Scalene triangle,0.0
2026-01-06,1,C02AC8PS1T7,U02NST5BMKJ,U056VUVJ63D,ao-the-colosseum,3,1stf,Napster,Rudolph,0.0,Abby’s Scalene triangle,0.0
2026-01-06,1,C02AC8PS1T7,U02NST5BMKJ,U05C8DP6YS0,ao-the-colosseum,3,1stf,Algorithm,Comet,0.0,Abby’s Scalene triangle,0.0
2026-01-06,1,C02AC8PS1T7,U02NST5BMKJ,U05FDSP0YD7,ao-the-colosseum,3,1stf,Peterbilt,Comet,0.0,Abby’s Scalene triangle,0.0
2026-01-06,1,C02AC8PS1T7,U02NST5BMKJ,U05QD3D6ZK7,ao-the-colosseum,3,1stf,Caboose,Cupid,0.0,Abby’s Scalene triangle,0.0
2026-01-06,1,C02AC8PS1T7,U02NST5BMKJ,U05TUKL5N87,ao-the-colosseum,3,1stf,Zimmer,Dasher,0.0,Abby’s Scalene triangle,0.0
2026-01-06,1,C02AC8PS1T7,U02NST5BMKJ,U061CBW96MA,ao-the-colosseum,3,1stf,Singer,Cupid,0.0,Abby’s Scalene triangle,0.0
2026-01-06,1,C02AC8PS1T7,U02NST5BMKJ,U07698FG143,ao-the-colosseum,3,1stf,Ricochet,Dancer,0.0,Abby’s Scalene triangle,0.0
2026-01-06,1,C02AC8PS1T7,U02NST5BMKJ,U07RD0ACG80,ao-the-colosseum,3,1stf,Nemo,Prancer,0.0,Abby’s Scalene triangle,0.0
2026-01-06,1,C02AC8PS1T7,U02NST5BMKJ,U098XEDSKJN,ao-the-colosseum,3,1stf,Liberty Biberty,Prancer,0.0,Abby’s Scalene triangle,0.0
2026-01-06,1,C02AC8PS1T7,U02NST5BMKJ,U09RGQD77N1,ao-the-colosseum,3,1stf,Circuit City,Prancer,1.0,Abby’s Scalene triangle,0.0
2026-02-03,5,C02AC8PS1T7,U03SX99V3PU,U016M1Z8NLE,ao-the-colosseum,3,1stf,Happy Camper,Comet,0.0,Metas team bootcamp.,0.0
2026-01-31,4,C02AC8PS1T7,U03SX99V3PU,U016V6KHM36,ao-the-colosseum,3,1stf,Dilly Dilly,Vixen,0.0,Meta’s Four Corners of Pain,0.0
2026-01-07,1,C02AC8PS1T7,U03SX99V3PU,U019MT194E7,ao-the-colosseum,3,1stf,Jellystone,Dasher,0.0,Nine Strong on a Warm Winter Ruck,0.0
2026-01-31,4,C02AC8PS1T7,U03SX99V3PU,U019MT194E7,ao-the-colosseum,3,1stf,Jellystone,Dasher,0.0,Meta’s Four Corners of Pain,0.0
2026-01-07,1,C02AC8PS1T7,U03SX99V3PU,U01E40PTNFJ,ao-the-colosseum,3,1stf,Bunker,Cupid,0.0,Nine Strong on a Warm Winter Ruck,0.0
2026-02-03,5,C02AC8PS1T7,U03SX99V3PU,U01E40PTNFJ,ao-the-colosseum,3,1stf,Bunker,Cupid,0.0,Metas team bootcamp.,0.0
2026-02-03,5,C02AC8PS1T7,U03SX99V3PU,U02A96W697X,ao-the-colosseum,3,1stf,Dauber,Comet,0.0,Metas team bootcamp.,0.0
2026-01-31,4,C02AC8PS1T7,U03SX99V3PU,U02KN9HUSE6,ao-the-colosseum,3,1stf,Soft Hands,Cupid,0.0,Meta’s Four Corners of Pain,0.0
2026-02-03,5,C02AC8PS1T7,U03SX99V3PU,U02NST5BMKJ,ao-the-colosseum,3,1stf,Dear Abby,Dancer,0.0,Metas team bootcamp.,0.0
2026-01-07,1,C02AC8PS1T7,U03SX99V3PU,U03SX99V3PU,ao-the-colosseum,3,1stf,Meta,Comet,0.0,Nine Strong on a Warm Winter Ruck,0.0
2026-01-31,4,C02AC8PS1T7,U03SX99V3PU,U03SX99V3PU,ao-the-colosseum,3,1stf,Meta,Comet,0.0,Meta’s Four Corners of Pain,0.0
2026-02-03,5,C02AC8PS1T7,U03SX99V3PU,U03SX99V3PU,ao-the-colosseum,3,1stf,Meta,Comet,0.0,Metas team bootcamp.,0.0
2026-02-03,5,C02AC8PS1T7,U03SX99V3PU,U040YRLSFNW,ao-the-colosseum,3,1stf,Rooney,Dasher,0.0,Metas team bootcamp.,0.0
2026-01-31,4,C02AC8PS1T7,U03SX99V3PU,U04H3PWJN5A,ao-the-colosseum,3,1stf,Juanita,Donner,0.0,Meta’s Four Corners of Pain,0.0
2026-01-07,1,C02AC8PS1T7,U03SX99V3PU,U056VUVJ63D,ao-the-colosseum,3,1stf,Napster,Rudolph,0.0,Nine Strong on a Warm Winter Ruck,0.0
2026-02-03,5,C02AC8PS1T7,U03SX99V3PU,U056VUVJ63D,ao-the-colosseum,3,1stf,Napster,Rudolph,0.0,Metas team bootcamp.,0.0
2026-01-07,1,C02AC8PS1T7,U03SX99V3PU,U058F8J3PNK,ao-the-colosseum,3,1stf,Danica,Comet,2.0,Nine Strong on a Warm Winter Ruck,0.0
2026-02-03,5,C02AC8PS1T7,U03SX99V3PU,U058F8J3PNK,ao-the-colosseum,3,1stf,Danica,Comet,2.0,Metas team bootcamp.,0.0
2026-01-07,1,C02AC8PS1T7,U03SX99V3PU,U05QD3D6ZK7,ao-the-colosseum,3,1stf,Caboose,Cupid,0.0,Nine Strong on a Warm Winter Ruck,0.0
2026-01-07,1,C02AC8PS1T7,U03SX99V3PU,U05UDL3EVGR,ao-the-colosseum,3,1stf,Peashooter,Donner,0.0,Nine Strong on a Warm Winter Ruck,0.0
2026-01-31,4,C02AC8PS1T7,U03SX99V3PU,U05ULCL3806,ao-the-colosseum,3,1stf,Mr. Kotter,Donner,0.0,Meta’s Four Corners of Pain,0.0
2026-01-31,4,C02AC8PS1T7,U03SX99V3PU,U061CBW96MA,ao-the-colosseum,3,1stf,Singer,Cupid,0.0,Meta’s Four Corners of Pain,0.0
2026-01-07,1,C02AC8PS1T7,U03SX99V3PU,U06A1RN2DQF,ao-the-colosseum,3,1stf,Hank Hill,Prancer,0.0,Nine Strong on a Warm Winter Ruck,0.0
2026-02-03,5,C02AC8PS1T7,U03SX99V3PU,U06H3QB4KMY,ao-the-colosseum,3,1stf,Mahomes,Comet,0.0,Metas team bootcamp.,0.0
2026-01-07,1,C02AC8PS1T7,U03SX99V3PU,U074T16JBDX,ao-the-colosseum,3,1stf,Deliverance,Prancer,0.0,Nine Strong on a Warm Winter Ruck,0.0
2026-02-03,5,C02AC8PS1T7,U03SX99V3PU,U07698FG143,ao-the-colosseum,3,1stf,Ricochet,Dancer,0.0,Metas team bootcamp.,0.0
2026-02-03,5,C02AC8PS1T7,U03SX99V3PU,U095MNVG2R5,ao-the-colosseum,3,1stf,Kidney Beans,Blitzen,0.0,Metas team bootcamp.,0.0
2026-01-31,4,C02AC8PS1T7,U03SX99V3PU,U098XEDSKJN,ao-the-colosseum,3,1stf,Liberty Biberty,Prancer,0.0,Meta’s Four Corners of Pain,0.0
2026-01-31,4,C02AC8PS1T7,U03SX99V3PU,U09D5VDKC85,ao-the-colosseum,3,1stf,Otto Man,Cupid,0.0,Meta’s Four Corners of Pain,0.0
2026-02-03,5,C02AC8PS1T7,U03SX99V3PU,U0ACS91NF0C,ao-the-colosseum,3,1stf,Marilyn,Unknown Team,<NA>,Metas team bootcamp.,0.0
2026-01-21,3,C02AC8PS1T7,U040R8S1N6P,U019MT194E7,ao-the-colosseum,3,1stf,Jellystone,Dasher,0.0,Ruck Club,0.0
2026-01-21,3,C02AC8PS1T7,U040R8S1N6P,U040R8S1N6P,ao-the-colosseum,3,1stf,Dilbert,Prancer,0.0,Ruck Club,0.0
2026-01-21,3,C02AC8PS1T7,U040R8S1N6P,U056VUVJ63D,ao-the-colosseum,3,1stf,Napster,Rudolph,0.0,Ruck Club,0.0
2026-01-21,3,C02AC8PS1T7,U040R8S1N6P,U05QD3D6ZK7,ao-the-colosseum,3,1stf,Caboose,Cupid,0.0,Ruck Club,0.0
2026-01-21,3,C02AC8PS1T7,U040R8S1N6P,U074T16JBDX,ao-the-colosseum,3,1stf,Deliverance,Prancer,0.0,Ruck Club,0.0
2026-01-02,0,C02AC8PS1T7,U04H3PWJN5A,U02NST5BMKJ,ao-the-colosseum,3,1stf,Dear Abby,Dancer,0.0,21 x 7 w/ Juanita,0.0
2026-01-02,0,C02AC8PS1T7,U04H3PWJN5A,U04H3PWJN5A,ao-the-colosseum,3,1stf,Juanita,Donner,0.0,21 x 7 w/ Juanita,0.0
2026-02-07,5,C02AC8PS1T7,U04H3PWJN5A,U04H3PWJN5A,ao-the-colosseum,3,1stf,Juanita,Donner,0.0,Juanita’s Calendar correction,0.0
2026-01-02,0,C02AC8PS1T7,U04H3PWJN5A,U05ULCL3806,ao-the-colosseum,3,1stf,Mr. Kotter,Donner,0.0,21 x 7 w/ Juanita,0.0
2026-02-07,5,C02AC8PS1T7,U04H3PWJN5A,U05ULCL3806,ao-the-colosseum,3,1stf,Mr. Kotter,Donner,0.0,Juanita’s Calendar correction,0.0
2026-01-02,0,C02AC8PS1T7,U04H3PWJN5A,U07RD0ACG80,ao-the-colosseum,3,1stf,Nemo,Prancer,0.0,21 x 7 w/ Juanita,0.0
2026-02-07,5,C02AC8PS1T7,U04H3PWJN5A,U0995LDSXNC,ao-the-colosseum,3,1stf,Party in a bottle,Dancer,0.0,Juanita’s Calendar correction,0.0
2026-01-02,0,C02AC8PS1T7,U04H3PWJN5A,U09D5VDKC85,ao-the-colosseum,3,1stf,Otto Man,Cupid,0.0,21 x 7 w/ Juanita,0.0
2026-02-07,5,C02AC8PS1T7,U04H3PWJN5A,U09D5VDKC85,ao-the-colosseum,3,1stf,Otto Man,Cupid,0.0,Juanita’s Calendar correction,0.0
2026-01-29,4,C02AC8PS1T7,U04RBT6T8RJ,U02NST5BMKJ,ao-the-colosseum,3,1stf,Dear Abby,Dancer,0.0,Ladder By Threes,0.0
2026-01-29,4,C02AC8PS1T7,U04RBT6T8RJ,U04RBT6T8RJ,ao-the-colosseum,3,1stf,Old Maid,Dasher,0.0,Ladder By Threes,0.0
2026-01-29,4,C02AC8PS1T7,U04RBT6T8RJ,U075J9NN91N,ao-the-colosseum,3,1stf,Pop-Tart,Dancer,0.0,Ladder By Threes,0.0
2026-01-29,4,C02AC8PS1T7,U04RBT6T8RJ,U078VQE2ULB,ao-the-colosseum,3,1stf,Wing Stop,Comet,0.0,Ladder By Threes,0.0
2026-01-29,4,C02AC8PS1T7,U04RBT6T8RJ,U0995LDSXNC,ao-the-colosseum,3,1stf,Party in a bottle,Dancer,0.0,Ladder By Threes,0.0
2026-01-16,2,C02AC8PS1T7,U056VUVJ63D,U03EPDEKY4U,ao-the-colosseum,3,1stf,Schlitz,Blitzen,0.0,Napster’s 51st Bday Bash,0.0
2026-01-16,2,C02AC8PS1T7,U056VUVJ63D,U056VUVJ63D,ao-the-colosseum,3,1stf,Napster,Rudolph,0.0,Napster’s 51st Bday Bash,0.0
2026-01-28,4,C02AC8PS1T7,U056VUVJ63D,U056VUVJ63D,ao-the-colosseum,3,1stf,Napster,Rudolph,0.0,Napster’s End Of The Road Ruck,0.0
2026-01-16,2,C02AC8PS1T7,U056VUVJ63D,U05QD3D6ZK7,ao-the-colosseum,3,1stf,Caboose,Cupid,0.0,Napster’s 51st Bday Bash,0.0
2026-01-28,4,C02AC8PS1T7,U056VUVJ63D,U05QD3D6ZK7,ao-the-colosseum,3,1stf,Caboose,Cupid,0.0,Napster’s End Of The Road Ruck,0.0
2026-01-16,2,C02AC8PS1T7,U056VUVJ63D,U074T16JBDX,ao-the-colosseum,3,1stf,Deliverance,Prancer,0.0,Napster’s 51st Bday Bash,0.0
2026-01-28,4,C02AC8PS1T7,U056VUVJ63D,U075J9NN91N,ao-the-colosseum,3,1stf,Pop-Tart,Dancer,0.0,Napster’s End Of The Road Ruck,0.0
2026-01-16,2,C02AC8PS1T7,U056VUVJ63D,U07RD0ACG80,ao-the-colosseum,3,1stf,Nemo,Prancer,0.0,Napster’s 51st Bday Bash,0.0
2026-01-16,2,C02AC8PS1T7,U056VUVJ63D,U080FGLKUH5,ao-the-colosseum,3,1stf,Hodl,Dancer,0.0,Napster’s 51st Bday Bash,0.0
2026-01-28,4,C02AC8PS1T7,U056VUVJ63D,U095MNVG2R5,ao-the-colosseum,3,1stf,Kidney Beans,Blitzen,0.0,Napster’s End Of The Road Ruck,0.0
2026-01-15,2,C02AC8PS1T7,U05LL7ESE79,U016M1Z8NLE,ao-the-colosseum,3,1stf,Happy Camper,Comet,0.0,Cutler’s 7 Points Left Off The Board,0.0
2026-01-15,2,C02AC8PS1T7,U05LL7ESE79,U05LL7ESE79,ao-the-colosseum,3,1stf,Cutler,Dancer,0.0,Cutler’s 7 Points Left Off The Board,0.0
2026-01-15,2,C02AC8PS1T7,U05LL7ESE79,U075J9NN91N,ao-the-colosseum,3,1stf,Pop-Tart,Dancer,0.0,Cutler’s 7 Points Left Off The Board,0.0
2026-01-15,2,C02AC8PS1T7,U05LL7ESE79,U07698FG143,ao-the-colosseum,3,1stf,Ricochet,Dancer,0.0,Cutler’s 7 Points Left Off The Board,0.0
2026-01-15,2,C02AC8PS1T7,U05LL7ESE79,U09RGQD77N1,ao-the-colosseum,3,1stf,Circuit City,Prancer,1.0,Cutler’s 7 Points Left Off The Board,0.0
2026-01-24,3,C02AC8PS1T7,U06A1RN2DQF,U016V6KHM36,ao-the-colosseum,3,1stf,Dilly Dilly,Vixen,0.0,Hank Hills -6 Beatdown!,0.0
2026-01-24,3,C02AC8PS1T7,U06A1RN2DQF,U017E4NMFQV,ao-the-colosseum,3,1stf,Hanger,Donner,0.0,Hank Hills -6 Beatdown!,0.0
2026-01-24,3,C02AC8PS1T7,U06A1RN2DQF,U02KN9HUSE6,ao-the-colosseum,3,1stf,Soft Hands,Cupid,0.0,Hank Hills -6 Beatdown!,0.0
2026-01-24,3,C02AC8PS1T7,U06A1RN2DQF,U03765UPB8C,ao-the-colosseum,3,1stf,Chum Bucket,Donner,0.0,Hank Hills -6 Beatdown!,0.0
2026-01-24,3,C02AC8PS1T7,U06A1RN2DQF,U03TX17L7AQ,ao-the-colosseum,3,1stf,Foreclosure,Rudolph,0.0,Hank Hills -6 Beatdown!,0.0
2026-01-24,3,C02AC8PS1T7,U06A1RN2DQF,U047GFQH4HL,ao-the-colosseum,3,1stf,Bronco,Unknown Team,<NA>,Hank Hills -6 Beatdown!,0.0
2026-01-24,3,C02AC8PS1T7,U06A1RN2DQF,U06A1RN2DQF,ao-the-colosseum,3,1stf,Hank Hill,Prancer,0.0,Hank Hills -6 Beatdown!,0.0
2026-01-24,3,C02AC8PS1T7,U06A1RN2DQF,U0995LDSXNC,ao-the-colosseum,3,1stf,Party in a bottle,Dancer,0.0,Hank Hills -6 Beatdown!,0.0
2026-01-12,2,C02AC8PS1T7,U071GSVM24B,U016890PYHM,ao-the-colosseum,3,1stf,Bedpan,Donner,0.0,Interval Run,0.0
2026-01-19,3,C02AC8PS1T7,U071GSVM24B,U016890PYHM,ao-the-colosseum,3,1stf,Bedpan,Donner,0.0,Bear Down ?,0.0
2026-01-12,2,C02AC8PS1T7,U071GSVM24B,U016M1Z8NLE,ao-the-colosseum,3,1stf,Happy Camper,Comet,0.0,Interval Run,0.0
2026-01-12,2,C02AC8PS1T7,U071GSVM24B,U016VPSQSFR,ao-the-colosseum,3,1stf,Trickle,Donner,0.0,Interval Run,0.0
2026-01-12,2,C02AC8PS1T7,U071GSVM24B,U017QPPJVJ5,ao-the-colosseum,3,1stf,Bob Villa,Comet,0.0,Interval Run,0.0
2026-01-12,2,C02AC8PS1T7,U071GSVM24B,U017X9WAQ9Y,ao-the-colosseum,3,1stf,BoilerUp,Rudolph,0.0,Interval Run,0.0
2026-01-12,2,C02AC8PS1T7,U071GSVM24B,U02A96W697X,ao-the-colosseum,3,1stf,Dauber,Comet,0.0,Interval Run,0.0
2026-01-12,2,C02AC8PS1T7,U071GSVM24B,U02LGCKH24W,ao-the-colosseum,3,1stf,Sensodyne,Prancer,0.0,Interval Run,0.0
2026-01-12,2,C02AC8PS1T7,U071GSVM24B,U048GCZ7GBY,ao-the-colosseum,3,1stf,Broomstick,Vixen,0.0,Interval Run,0.0
2026-01-12,2,C02AC8PS1T7,U071GSVM24B,U04H6HMNPH9,ao-the-colosseum,3,1stf,Cinderella,Dancer,0.0,Interval Run,0.0
2026-01-12,2,C02AC8PS1T7,U071GSVM24B,U051330RY2J,ao-the-colosseum,3,1stf,Depends (3rdF Q),Prancer,0.0,Interval Run,0.0
2026-01-12,2,C02AC8PS1T7,U071GSVM24B,U05C8DP6YS0,ao-the-colosseum,3,1stf,Algorithm,Comet,0.0,Interval Run,0.0
2026-01-12,2,C02AC8PS1T7,U071GSVM24B,U06H3QB4KMY,ao-the-colosseum,3,1stf,Mahomes,Comet,0.0,Interval Run,0.0
2026-01-01,0,C02AC8PS1T7,U071GSVM24B,U071GSVM24B,ao-the-colosseum,3,1stf,Spit Valve,Prancer,0.0,Spity V’s New Year Intervals,0.0
2026-01-12,2,C02AC8PS1T7,U071GSVM24B,U071GSVM24B,ao-the-colosseum,3,1stf,Spit Valve,Prancer,0.0,Interval Run,0.0
2026-01-19,3,C02AC8PS1T7,U071GSVM24B,U071GSVM24B,ao-the-colosseum,3,1stf,Spit Valve,Prancer,0.0,Bear Down ?,0.0
2026-01-12,2,C02AC8PS1T7,U071GSVM24B,U07KLPGENJ0,ao-the-colosseum,3,1stf,Just Dance,Blitzen,0.0,Interval Run,0.0
2026-01-19,3,C02AC8PS1T7,U071GSVM24B,U07KLPGENJ0,ao-the-colosseum,3,1stf,Just Dance,Blitzen,0.0,Bear Down ?,0.0
2026-01-12,2,C02AC8PS1T7,U071GSVM24B,U07LY4K586M,ao-the-colosseum,3,1stf,Moist,Donner,0.0,Interval Run,0.0
2026-01-01,0,C02AC8PS1T7,U071GSVM24B,U07RD0ACG80,ao-the-colosseum,3,1stf,Nemo,Prancer,0.0,Spity V’s New Year Intervals,0.0
2026-01-12,2,C02AC8PS1T7,U071GSVM24B,U07RD0ACG80,ao-the-colosseum,3,1stf,Nemo,Prancer,0.0,Interval Run,0.0
2026-01-17,2,C02AC8PS1T7,U075J9NN91N,U016V6KHM36,ao-the-colosseum,3,1stf,Dilly Dilly,Vixen,0.0,Pop tarts Dora and Run!,0.0
2026-01-17,2,C02AC8PS1T7,U075J9NN91N,U017E4NMFQV,ao-the-colosseum,3,1stf,Hanger,Donner,0.0,Pop tarts Dora and Run!,0.0
2026-01-20,3,C02AC8PS1T7,U075J9NN91N,U02H51CJS30,ao-the-colosseum,3,1stf,Pull-up,Comet,0.0,Poptart’s Pavilion Party,0.0
2026-01-20,3,C02AC8PS1T7,U075J9NN91N,U03FQ2U8UJK,ao-the-colosseum,3,1stf,Mapquest,Rudolph,0.0,Poptart’s Pavilion Party,0.0
2026-01-17,2,C02AC8PS1T7,U075J9NN91N,U03SX99V3PU,ao-the-colosseum,3,1stf,Meta,Comet,0.0,Pop tarts Dora and Run!,0.0
2026-01-20,3,C02AC8PS1T7,U075J9NN91N,U03SX99V3PU,ao-the-colosseum,3,1stf,Meta,Comet,0.0,Poptart’s Pavilion Party,0.0
2026-01-17,2,C02AC8PS1T7,U075J9NN91N,U04H3PWJN5A,ao-the-colosseum,3,1stf,Juanita,Donner,0.0,Pop tarts Dora and Run!,0.0
2026-02-10,6,C02AC8PS1T7,U075J9NN91N,U056VUVJ63D,ao-the-colosseum,3,1stf,Napster,Rudolph,0.0,Poptart’s Tabata,0.0
2026-01-17,2,C02AC8PS1T7,U075J9NN91N,U05LL7ESE79,ao-the-colosseum,3,1stf,Cutler,Dancer,0.0,Pop tarts Dora and Run!,0.0
2026-02-10,6,C02AC8PS1T7,U075J9NN91N,U05QD3D6ZK7,ao-the-colosseum,3,1stf,Caboose,Cupid,0.0,Poptart’s Tabata,0.0
2026-01-17,2,C02AC8PS1T7,U075J9NN91N,U070NTWF7G8,ao-the-colosseum,3,1stf,Foghorn,Dancer,0.0,Pop tarts Dora and Run!,0.0
2026-01-17,2,C02AC8PS1T7,U075J9NN91N,U075J9NN91N,ao-the-colosseum,3,1stf,Pop-Tart,Dancer,0.0,Pop tarts Dora and Run!,0.0
2026-01-20,3,C02AC8PS1T7,U075J9NN91N,U075J9NN91N,ao-the-colosseum,3,1stf,Pop-Tart,Dancer,0.0,Poptart’s Pavilion Party,0.0
2026-02-10,6,C02AC8PS1T7,U075J9NN91N,U075J9NN91N,ao-the-colosseum,3,1stf,Pop-Tart,Dancer,0.0,Poptart’s Tabata,0.0
2026-01-17,2,C02AC8PS1T7,U075J9NN91N,U07698FG143,ao-the-colosseum,3,1stf,Ricochet,Dancer,0.0,Pop tarts Dora and Run!,0.0
2026-01-20,3,C02AC8PS1T7,U075J9NN91N,U07698FG143,ao-the-colosseum,3,1stf,Ricochet,Dancer,0.0,Poptart’s Pavilion Party,0.0
2026-02-10,6,C02AC8PS1T7,U075J9NN91N,U07698FG143,ao-the-colosseum,3,1stf,Ricochet,Dancer,0.0,Poptart’s Tabata,0.0
2026-01-17,2,C02AC8PS1T7,U075J9NN91N,U080FGLKUH5,ao-the-colosseum,3,1stf,Hodl,Dancer,0.0,Pop tarts Dora and Run!,0.0
2026-02-10,6,C02AC8PS1T7,U075J9NN91N,U095MNVG2R5,ao-the-colosseum,3,1stf,Kidney Beans,Blitzen,0.0,Poptart’s Tabata,0.0
2026-01-17,2,C02AC8PS1T7,U075J9NN91N,U0995LDSXNC,ao-the-colosseum,3,1stf,Party in a bottle,Dancer,0.0,Pop tarts Dora and Run!,0.0
2026-02-05,5,C02AC8PS1T7,U07698FG143,U017E4NMFQV,ao-the-colosseum,3,1stf,Hanger,Donner,0.0,Ricochet’s five stop beat down!,0.0
2026-02-05,5,C02AC8PS1T7,U07698FG143,U020A3PMS14,ao-the-colosseum,3,1stf,Ringo,Rudolph,0.0,Ricochet’s five stop beat down!,0.0
2026-02-05,5,C02AC8PS1T7,U07698FG143,U02H51CJS30,ao-the-colosseum,3,1stf,Pull-up,Comet,0.0,Ricochet’s five stop beat down!,0.0
2026-02-05,5,C02AC8PS1T7,U07698FG143,U05QD3D6ZK7,ao-the-colosseum,3,1stf,Caboose,Cupid,0.0,Ricochet’s five stop beat down!,0.0
2026-02-05,5,C02AC8PS1T7,U07698FG143,U061CBW96MA,ao-the-colosseum,3,1stf,Singer,Cupid,0.0,Ricochet’s five stop beat down!,0.0
2026-02-05,5,C02AC8PS1T7,U07698FG143,U07698FG143,ao-the-colosseum,3,1stf,Ricochet,Dancer,0.0,Ricochet’s five stop beat down!,0.0
2026-02-05,5,C02AC8PS1T7,U07698FG143,U095MNVG2R5,ao-the-colosseum,3,1stf,Kidney Beans,Blitzen,0.0,Ricochet’s five stop beat down!,0.0
2026-02-05,5,C02AC8PS1T7,U07698FG143,U0995LDSXNC,ao-the-colosseum,3,1stf,Party in a bottle,Dancer,0.0,Ricochet’s five stop beat down!,0.0
2026-01-13,2,C02AC8PS1T7,U078VQE2ULB,U017E4NMFQV,ao-the-colosseum,3,1stf,Hanger,Donner,0.0,Wing stop,0.0
2026-01-08,1,C02AC8PS1T7,U078VQE2ULB,U017QPPJVJ5,ao-the-colosseum,3,1stf,Bob Villa,Comet,0.0,Wing Stop Is Close To Home,0.0
2026-01-08,1,C02AC8PS1T7,U078VQE2ULB,U019MT194E7,ao-the-colosseum,3,1stf,Jellystone,Dasher,0.0,Wing Stop Is Close To Home,0.0
2026-01-13,2,C02AC8PS1T7,U078VQE2ULB,U01B8FLBHKP,ao-the-colosseum,3,1stf,Nickelback,Rudolph,0.0,Wing stop,0.0
2026-01-13,2,C02AC8PS1T7,U078VQE2ULB,U01E40PTNFJ,ao-the-colosseum,3,1stf,Bunker,Cupid,0.0,Wing stop,0.0
2026-01-08,1,C02AC8PS1T7,U078VQE2ULB,U020A3PMS14,ao-the-colosseum,3,1stf,Ringo,Rudolph,0.0,Wing Stop Is Close To Home,0.0
2026-01-08,1,C02AC8PS1T7,U078VQE2ULB,U02A96W697X,ao-the-colosseum,3,1stf,Dauber,Comet,0.0,Wing Stop Is Close To Home,0.0
2026-01-13,2,C02AC8PS1T7,U078VQE2ULB,U02NST5BMKJ,ao-the-colosseum,3,1stf,Dear Abby,Dancer,0.0,Wing stop,0.0
2026-01-13,2,C02AC8PS1T7,U078VQE2ULB,U03SX99V3PU,ao-the-colosseum,3,1stf,Meta,Comet,0.0,Wing stop,0.0
2026-01-13,2,C02AC8PS1T7,U078VQE2ULB,U03TYSW2933,ao-the-colosseum,3,1stf,The Worm,Prancer,0.0,Wing stop,0.0
2026-01-08,1,C02AC8PS1T7,U078VQE2ULB,U04Q01BPTPE,ao-the-colosseum,3,1stf,Olive Oyl,Dasher,0.0,Wing Stop Is Close To Home,0.0
2026-01-08,1,C02AC8PS1T7,U078VQE2ULB,U05FDSP0YD7,ao-the-colosseum,3,1stf,Peterbilt,Comet,0.0,Wing Stop Is Close To Home,0.0
2026-01-08,1,C02AC8PS1T7,U078VQE2ULB,U05GG5NR7KM,ao-the-colosseum,3,1stf,Pee Wee Herman,Blitzen,0.0,Wing Stop Is Close To Home,0.0
2026-01-08,1,C02AC8PS1T7,U078VQE2ULB,U05QD3D6ZK7,ao-the-colosseum,3,1stf,Caboose,Cupid,0.0,Wing Stop Is Close To Home,0.0
2026-01-13,2,C02AC8PS1T7,U078VQE2ULB,U05QJRZNQHH,ao-the-colosseum,3,1stf,Corner Kick,Donner,0.0,Wing stop,0.0
2026-01-13,2,C02AC8PS1T7,U078VQE2ULB,U05TUKL5N87,ao-the-colosseum,3,1stf,Zimmer,Dasher,0.0,Wing stop,0.0
2026-01-08,1,C02AC8PS1T7,U078VQE2ULB,U05UDL3EVGR,ao-the-colosseum,3,1stf,Peashooter,Donner,0.0,Wing Stop Is Close To Home,0.0
2026-01-08,1,C02AC8PS1T7,U078VQE2ULB,U061CBW96MA,ao-the-colosseum,3,1stf,Singer,Cupid,0.0,Wing Stop Is Close To Home,0.0
2026-01-08,1,C02AC8PS1T7,U078VQE2ULB,U06A1RN2DQF,ao-the-colosseum,3,1stf,Hank Hill,Prancer,0.0,Wing Stop Is Close To Home,0.0
2026-01-08,1,C02AC8PS1T7,U078VQE2ULB,U075J9NN91N,ao-the-colosseum,3,1stf,Pop-Tart,Dancer,0.0,Wing Stop Is Close To Home,0.0
2026-01-13,2,C02AC8PS1T7,U078VQE2ULB,U07698FG143,ao-the-colosseum,3,1stf,Ricochet,Dancer,0.0,Wing stop,0.0
2026-01-08,1,C02AC8PS1T7,U078VQE2ULB,U078VQE2ULB,ao-the-colosseum,3,1stf,Wing Stop,Comet,0.0,Wing Stop Is Close To Home,0.0
2026-01-13,2,C02AC8PS1T7,U078VQE2ULB,U078VQE2ULB,ao-the-colosseum,3,1stf,Wing Stop,Comet,0.0,Wing stop,0.0
2026-01-08,1,C02AC8PS1T7,U078VQE2ULB,U0792KKSBS8,ao-the-colosseum,3,1stf,Ukulele,Unknown Team,<NA>,Wing Stop Is Close To Home,0.0
2026-01-13,2,C02AC8PS1T7,U078VQE2ULB,U07RD0ACG80,ao-the-colosseum,3,1stf,Nemo,Prancer,0.0,Wing stop,0.0
2026-01-08,1,C02AC8PS1T7,U078VQE2ULB,U092LRKGN2E,ao-the-colosseum,3,1stf,Pearl,Comet,0.0,Wing Stop Is Close To Home,0.0
2026-01-08,1,C02AC8PS1T7,U078VQE2ULB,U09RGQD77N1,ao-the-colosseum,3,1stf,Circuit City,Prancer,1.0,Wing Stop Is Close To Home,0.0
2026-01-13,2,C02AC8PS1T7,U078VQE2ULB,U09RGQD77N1,ao-the-colosseum,3,1stf,Circuit City,Prancer,1.0,Wing stop,0.0
2026-02-09,6,C02AC8PS1T7,U07RD0ACG80,U016890PYHM,ao-the-colosseum,3,1stf,Bedpan,Donner,0.0,Nemo Run,0.0
2026-02-09,6,C02AC8PS1T7,U07RD0ACG80,U016M1Z8NLE,ao-the-colosseum,3,1stf,Happy Camper,Comet,0.0,Nemo Run,0.0
2026-02-09,6,C02AC8PS1T7,U07RD0ACG80,U016VPSQSFR,ao-the-colosseum,3,1stf,Trickle,Donner,0.0,Nemo Run,0.0
2026-02-09,6,C02AC8PS1T7,U07RD0ACG80,U016ZUU67BN,ao-the-colosseum,3,1stf,5-Putt,Vixen,0.0,Nemo Run,0.0
2026-02-09,6,C02AC8PS1T7,U07RD0ACG80,U017X9WAQ9Y,ao-the-colosseum,3,1stf,BoilerUp,Rudolph,0.0,Nemo Run,0.0
2026-02-09,6,C02AC8PS1T7,U07RD0ACG80,U018098KAAC,ao-the-colosseum,3,1stf,Sparkler,Cupid,0.0,Nemo Run,0.0
2026-02-09,6,C02AC8PS1T7,U07RD0ACG80,U020A7W78FQ,ao-the-colosseum,3,1stf,Mr. Belding,Donner,0.0,Nemo Run,0.0
2026-02-09,6,C02AC8PS1T7,U07RD0ACG80,U02A96W697X,ao-the-colosseum,3,1stf,Dauber,Comet,0.0,Nemo Run,0.0
2026-01-03,0,C02AC8PS1T7,U07RD0ACG80,U02KN9HUSE6,ao-the-colosseum,3,1stf,Soft Hands,Cupid,0.0,Nemo’s ladder!,0.0
2026-02-09,6,C02AC8PS1T7,U07RD0ACG80,U02KN9HUSE6,ao-the-colosseum,3,1stf,Soft Hands,Cupid,0.0,Nemo Run,0.0
2026-02-09,6,C02AC8PS1T7,U07RD0ACG80,U03TX17L7AQ,ao-the-colosseum,3,1stf,Foreclosure,Rudolph,0.0,Nemo Run,0.0
2026-02-09,6,C02AC8PS1T7,U07RD0ACG80,U03U8N4P5G8,ao-the-colosseum,3,1stf,Flo,Prancer,0.0,Nemo Run,0.0
2026-01-03,0,C02AC8PS1T7,U07RD0ACG80,U04H3PWJN5A,ao-the-colosseum,3,1stf,Juanita,Donner,0.0,Nemo’s ladder!,0.0
2026-01-03,0,C02AC8PS1T7,U07RD0ACG80,U05LL7ESE79,ao-the-colosseum,3,1stf,Cutler,Dancer,0.0,Nemo’s ladder!,0.0
2026-02-09,6,C02AC8PS1T7,U07RD0ACG80,U05LL7ESE79,ao-the-colosseum,3,1stf,Cutler,Dancer,0.0,Nemo Run,0.0
2026-01-03,0,C02AC8PS1T7,U07RD0ACG80,U05ULCL3806,ao-the-colosseum,3,1stf,Mr. Kotter,Donner,0.0,Nemo’s ladder!,0.0
2026-02-09,6,C02AC8PS1T7,U07RD0ACG80,U05ULCL3806,ao-the-colosseum,3,1stf,Mr. Kotter,Donner,0.0,Nemo Run,0.0
2026-01-03,0,C02AC8PS1T7,U07RD0ACG80,U06GZE2D66R,ao-the-colosseum,3,1stf,Sparky,Dancer,0.0,Nemo’s ladder!,0.0
2026-02-09,6,C02AC8PS1T7,U07RD0ACG80,U071GSVM24B,ao-the-colosseum,3,1stf,Spit Valve,Prancer,0.0,Nemo Run,0.0
2026-02-09,6,C02AC8PS1T7,U07RD0ACG80,U07KLPGENJ0,ao-the-colosseum,3,1stf,Just Dance,Blitzen,0.0,Nemo Run,0.0
2026-01-03,0,C02AC8PS1T7,U07RD0ACG80,U07RD0ACG80,ao-the-colosseum,3,1stf,Nemo,Prancer,0.0,Nemo’s ladder!,0.0
2026-02-09,6,C02AC8PS1T7,U07RD0ACG80,U07RD0ACG80,ao-the-colosseum,3,1stf,Nemo,Prancer,0.0,Nemo Run,0.0
2026-01-03,0,C02AC8PS1T7,U07RD0ACG80,U098XEDSKJN,ao-the-colosseum,3,1stf,Liberty Biberty,Prancer,0.0,Nemo’s ladder!,0.0
2026-01-03,0,C02AC8PS1T7,U07RD0ACG80,U0995LDSXNC,ao-the-colosseum,3,1stf,Party in a bottle,Dancer,0.0,Nemo’s ladder!,0.0
2026-01-22,3,C02AC8PS1T7,U0995LDSXNC,U057QBF3TPW,ao-the-colosseum,3,1stf,Deja vu,NONE,0.0,The Thing’s Failures,0.0
2026-01-22,3,C02AC8PS1T7,U0995LDSXNC,U075J9NN91N,ao-the-colosseum,3,1stf,Pop-Tart,Dancer,0.0,The Thing’s Failures,0.0
2026-01-22,3,C02AC8PS1T7,U0995LDSXNC,U080FGLKUH5,ao-the-colosseum,3,1stf,Hodl,Dancer,0.0,The Thing’s Failures,0.0
2026-01-22,3,C02AC8PS1T7,U0995LDSXNC,U0995LDSXNC,ao-the-colosseum,3,1stf,Party in a bottle,Dancer,0.0,The Thing’s Failures,0.0
2026-02-04,5,C02B4U0M71N,U016890PYHM,U016890PYHM,ao-the-ridge,3,1stf,Bedpan,Donner,0.0,Elevation and sneaky miles,0.0
2026-02-04,5,C02B4U0M71N,U016890PYHM,U016V6KHM36,ao-the-ridge,3,1stf,Dilly Dilly,Vixen,0.0,Elevation and sneaky miles,0.0
2026-02-04,5,C02B4U0M71N,U016890PYHM,U016ZUU67BN,ao-the-ridge,3,1stf,5-Putt,Vixen,0.0,Elevation and sneaky miles,0.0
2026-02-04,5,C02B4U0M71N,U016890PYHM,U0171KQRB6D,ao-the-ridge,3,1stf,vern,Vixen,0.0,Elevation and sneaky miles,0.0
2026-02-04,5,C02B4U0M71N,U016890PYHM,U017HR8U5RS,ao-the-ridge,3,1stf,SkidMark,Blitzen,0.0,Elevation and sneaky miles,0.0
2026-02-04,5,C02B4U0M71N,U016890PYHM,U020A7W78FQ,ao-the-ridge,3,1stf,Mr. Belding,Donner,0.0,Elevation and sneaky miles,0.0
2026-02-04,5,C02B4U0M71N,U016890PYHM,U02A96W697X,ao-the-ridge,3,1stf,Dauber,Comet,0.0,Elevation and sneaky miles,0.0
2026-02-04,5,C02B4U0M71N,U016890PYHM,U02KN9HUSE6,ao-the-ridge,3,1stf,Soft Hands,Cupid,0.0,Elevation and sneaky miles,0.0
2026-02-04,5,C02B4U0M71N,U016890PYHM,U048GCZ7GBY,ao-the-ridge,3,1stf,Broomstick,Vixen,0.0,Elevation and sneaky miles,0.0
2026-02-04,5,C02B4U0M71N,U016890PYHM,U05LL7ESE79,ao-the-ridge,3,1stf,Cutler,Dancer,0.0,Elevation and sneaky miles,0.0
2026-02-04,5,C02B4U0M71N,U016890PYHM,U05TUKL5N87,ao-the-ridge,3,1stf,Zimmer,Dasher,0.0,Elevation and sneaky miles,0.0
2026-02-04,5,C02B4U0M71N,U016890PYHM,U07KLPGENJ0,ao-the-ridge,3,1stf,Just Dance,Blitzen,0.0,Elevation and sneaky miles,0.0
2026-02-04,5,C02B4U0M71N,U016890PYHM,U07LY4K586M,ao-the-ridge,3,1stf,Moist,Donner,0.0,Elevation and sneaky miles,0.0
2026-01-03,0,C02B4U0M71N,U016V6KHM36,U016M1Z8NLE,ao-the-ridge,3,1stf,Happy Camper,Comet,0.0,Playground Pain Tour at The Ridge ??‍♂️?,0.0
2026-02-05,5,C02B4U0M71N,U016V6KHM36,U016M1Z8NLE,ao-the-ridge,3,1stf,Happy Camper,Comet,0.0,Pearls on a String for the Dream,0.0
2026-01-03,0,C02B4U0M71N,U016V6KHM36,U016V6KHM36,ao-the-ridge,3,1stf,Dilly Dilly,Vixen,0.0,Playground Pain Tour at The Ridge ??‍♂️?,0.0
2026-02-05,5,C02B4U0M71N,U016V6KHM36,U016V6KHM36,ao-the-ridge,3,1stf,Dilly Dilly,Vixen,0.0,Pearls on a String for the Dream,0.0
2026-02-07,5,C02B4U0M71N,U016V6KHM36,U016V6KHM36,ao-the-ridge,3,1stf,Dilly Dilly,Vixen,0.0,Dilly’s BC or RC,0.0
2026-01-03,0,C02B4U0M71N,U016V6KHM36,U016ZUU67BN,ao-the-ridge,3,1stf,5-Putt,Vixen,0.0,Playground Pain Tour at The Ridge ??‍♂️?,0.0
2026-02-05,5,C02B4U0M71N,U016V6KHM36,U016ZUU67BN,ao-the-ridge,3,1stf,5-Putt,Vixen,0.0,Pearls on a String for the Dream,0.0
2026-01-03,0,C02B4U0M71N,U016V6KHM36,U0171KQRB6D,ao-the-ridge,3,1stf,vern,Vixen,0.0,Playground Pain Tour at The Ridge ??‍♂️?,0.0
2026-02-05,5,C02B4U0M71N,U016V6KHM36,U0171KQRB6D,ao-the-ridge,3,1stf,vern,Vixen,0.0,Pearls on a String for the Dream,0.0
2026-02-05,5,C02B4U0M71N,U016V6KHM36,U017HR8U5RS,ao-the-ridge,3,1stf,SkidMark,Blitzen,0.0,Pearls on a String for the Dream,0.0
2026-02-05,5,C02B4U0M71N,U016V6KHM36,U0186PNUG3T,ao-the-ridge,3,1stf,Hackman,Vixen,0.0,Pearls on a String for the Dream,0.0
2026-02-05,5,C02B4U0M71N,U016V6KHM36,U01APFBACP8,ao-the-ridge,3,1stf,Morticia,Blitzen,0.0,Pearls on a String for the Dream,0.0
2026-02-05,5,C02B4U0M71N,U016V6KHM36,U020A7W78FQ,ao-the-ridge,3,1stf,Mr. Belding,Donner,0.0,Pearls on a String for the Dream,0.0
2026-01-03,0,C02B4U0M71N,U016V6KHM36,U02A96W697X,ao-the-ridge,3,1stf,Dauber,Comet,0.0,Playground Pain Tour at The Ridge ??‍♂️?,0.0
2026-01-03,0,C02B4U0M71N,U016V6KHM36,U02F2UV0MCL,ao-the-ridge,3,1stf,Blue Gill,Vixen,0.0,Playground Pain Tour at The Ridge ??‍♂️?,0.0
2026-01-03,0,C02B4U0M71N,U016V6KHM36,U02KN9HUSE6,ao-the-ridge,3,1stf,Soft Hands,Cupid,0.0,Playground Pain Tour at The Ridge ??‍♂️?,0.0
2026-01-03,0,C02B4U0M71N,U016V6KHM36,U03765UPB8C,ao-the-ridge,3,1stf,Chum Bucket,Donner,0.0,Playground Pain Tour at The Ridge ??‍♂️?,0.0
2026-02-05,5,C02B4U0M71N,U016V6KHM36,U03765UPB8C,ao-the-ridge,3,1stf,Chum Bucket,Donner,0.0,Pearls on a String for the Dream,0.0
2026-02-05,5,C02B4U0M71N,U016V6KHM36,U03DP9WRXJN,ao-the-ridge,3,1stf,Backstreet,Rudolph,0.0,Pearls on a String for the Dream,0.0
2026-01-03,0,C02B4U0M71N,U016V6KHM36,U03SX99V3PU,ao-the-ridge,3,1stf,Meta,Comet,0.0,Playground Pain Tour at The Ridge ??‍♂️?,0.0
2026-02-05,5,C02B4U0M71N,U016V6KHM36,U03U8N4P5G8,ao-the-ridge,3,1stf,Flo,Prancer,0.0,Pearls on a String for the Dream,0.0
2026-02-05,5,C02B4U0M71N,U016V6KHM36,U040R8S1N6P,ao-the-ridge,3,1stf,Dilbert,Prancer,0.0,Pearls on a String for the Dream,0.0
2026-01-03,0,C02B4U0M71N,U016V6KHM36,U048GCZ7GBY,ao-the-ridge,3,1stf,Broomstick,Vixen,0.0,Playground Pain Tour at The Ridge ??‍♂️?,0.0
2026-01-03,0,C02B4U0M71N,U016V6KHM36,U04H3PWJN5A,ao-the-ridge,3,1stf,Juanita,Donner,0.0,Playground Pain Tour at The Ridge ??‍♂️?,0.0
2026-01-03,0,C02B4U0M71N,U016V6KHM36,U05LL7ESE79,ao-the-ridge,3,1stf,Cutler,Dancer,0.0,Playground Pain Tour at The Ridge ??‍♂️?,0.0
2026-02-05,5,C02B4U0M71N,U016V6KHM36,U05TUKL5N87,ao-the-ridge,3,1stf,Zimmer,Dasher,0.0,Pearls on a String for the Dream,0.0
2026-01-03,0,C02B4U0M71N,U016V6KHM36,U05ULCL3806,ao-the-ridge,3,1stf,Mr. Kotter,Donner,0.0,Playground Pain Tour at The Ridge ??‍♂️?,0.0
2026-01-03,0,C02B4U0M71N,U016V6KHM36,U06H3QB4KMY,ao-the-ridge,3,1stf,Mahomes,Comet,0.0,Playground Pain Tour at The Ridge ??‍♂️?,0.0
2026-02-07,5,C02B4U0M71N,U016V6KHM36,U06H3QB4KMY,ao-the-ridge,3,1stf,Mahomes,Comet,0.0,Dilly’s BC or RC,0.0
2026-02-05,5,C02B4U0M71N,U016V6KHM36,U07EJ6173S6,ao-the-ridge,3,1stf,Ginga,Vixen,0.0,Pearls on a String for the Dream,0.0
2026-01-03,0,C02B4U0M71N,U016V6KHM36,U07GJC6UG1Z,ao-the-ridge,3,1stf,Celler Dweller,Donner,0.0,Playground Pain Tour at The Ridge ??‍♂️?,0.0
2026-02-05,5,C02B4U0M71N,U016V6KHM36,U07GJC6UG1Z,ao-the-ridge,3,1stf,Celler Dweller,Donner,0.0,Pearls on a String for the Dream,0.0
2026-01-03,0,C02B4U0M71N,U016V6KHM36,U09D5VDKC85,ao-the-ridge,3,1stf,Otto Man,Cupid,0.0,Playground Pain Tour at The Ridge ??‍♂️?,0.0
2026-02-07,5,C02B4U0M71N,U016V6KHM36,U09D5VDKC85,ao-the-ridge,3,1stf,Otto Man,Cupid,0.0,Dilly’s BC or RC,0.0
2026-01-31,4,C02B4U0M71N,U016ZUU67BN,U016890PYHM,ao-the-ridge,3,1stf,Bedpan,Donner,0.0,5-Putts modified Bootcamp,0.0
2026-01-10,1,C02B4U0M71N,U016ZUU67BN,U016M1Z8NLE,ao-the-ridge,3,1stf,Happy Camper,Comet,0.0,5 Putts Ultimate Football Q!,0.0
2026-01-19,3,C02B4U0M71N,U016ZUU67BN,U016M1Z8NLE,ao-the-ridge,3,1stf,Happy Camper,Comet,0.0,Colder then cold Monday morning,0.0
2026-01-31,4,C02B4U0M71N,U016ZUU67BN,U016P7DMTGT,ao-the-ridge,3,1stf,Boston Butt,Dancer,0.0,5-Putts modified Bootcamp,0.0
2026-01-10,1,C02B4U0M71N,U016ZUU67BN,U016ZUU67BN,ao-the-ridge,3,1stf,5-Putt,Vixen,0.0,5 Putts Ultimate Football Q!,0.0
2026-01-19,3,C02B4U0M71N,U016ZUU67BN,U016ZUU67BN,ao-the-ridge,3,1stf,5-Putt,Vixen,0.0,Colder then cold Monday morning,0.0
2026-01-20,3,C02B4U0M71N,U016ZUU67BN,U016ZUU67BN,ao-the-ridge,3,1stf,5-Putt,Vixen,0.0,Butt-LESS Frigid 11's and mosey,0.0
2026-01-31,4,C02B4U0M71N,U016ZUU67BN,U016ZUU67BN,ao-the-ridge,3,1stf,5-Putt,Vixen,0.0,5-Putts modified Bootcamp,0.0
2026-01-31,4,C02B4U0M71N,U016ZUU67BN,U0171KQRB6D,ao-the-ridge,3,1stf,vern,Vixen,0.0,5-Putts modified Bootcamp,0.0
2026-01-20,3,C02B4U0M71N,U016ZUU67BN,U017BQTUL3D,ao-the-ridge,3,1stf,John Denver,Donner,0.0,Butt-LESS Frigid 11's and mosey,0.0
2026-01-10,1,C02B4U0M71N,U016ZUU67BN,U01B8FLBHKP,ao-the-ridge,3,1stf,Nickelback,Rudolph,0.0,5 Putts Ultimate Football Q!,0.0
2026-01-10,1,C02B4U0M71N,U016ZUU67BN,U01ELRMAL7L,ao-the-ridge,3,1stf,Quatro,Vixen,0.0,5 Putts Ultimate Football Q!,0.0
2026-01-10,1,C02B4U0M71N,U016ZUU67BN,U02A96W697X,ao-the-ridge,3,1stf,Dauber,Comet,0.0,5 Putts Ultimate Football Q!,0.0
2026-01-10,1,C02B4U0M71N,U016ZUU67BN,U02KN9HUSE6,ao-the-ridge,3,1stf,Soft Hands,Cupid,0.0,5 Putts Ultimate Football Q!,0.0
2026-01-10,1,C02B4U0M71N,U016ZUU67BN,U03765UPB8C,ao-the-ridge,3,1stf,Chum Bucket,Donner,0.0,5 Putts Ultimate Football Q!,0.0
2026-01-31,4,C02B4U0M71N,U016ZUU67BN,U03765UPB8C,ao-the-ridge,3,1stf,Chum Bucket,Donner,0.0,5-Putts modified Bootcamp,0.0
2026-01-10,1,C02B4U0M71N,U016ZUU67BN,U03TX17L7AQ,ao-the-ridge,3,1stf,Foreclosure,Rudolph,0.0,5 Putts Ultimate Football Q!,0.0
2026-01-10,1,C02B4U0M71N,U016ZUU67BN,U04RBT6T8RJ,ao-the-ridge,3,1stf,Old Maid,Dasher,0.0,5 Putts Ultimate Football Q!,0.0
2026-01-10,1,C02B4U0M71N,U016ZUU67BN,U05LL7ESE79,ao-the-ridge,3,1stf,Cutler,Dancer,0.0,5 Putts Ultimate Football Q!,0.0
2026-01-19,3,C02B4U0M71N,U016ZUU67BN,U05ULCL3806,ao-the-ridge,3,1stf,Mr. Kotter,Donner,0.0,Colder then cold Monday morning,0.0
2026-01-31,4,C02B4U0M71N,U016ZUU67BN,U05ULCL3806,ao-the-ridge,3,1stf,Mr. Kotter,Donner,0.0,5-Putts modified Bootcamp,0.0
2026-01-20,3,C02B4U0M71N,U016ZUU67BN,U06A1RN2DQF,ao-the-ridge,3,1stf,Hank Hill,Prancer,0.0,Butt-LESS Frigid 11's and mosey,0.0
2026-01-10,1,C02B4U0M71N,U016ZUU67BN,U06H3QB4KMY,ao-the-ridge,3,1stf,Mahomes,Comet,0.0,5 Putts Ultimate Football Q!,0.0
2026-01-19,3,C02B4U0M71N,U016ZUU67BN,U080FGLKUH5,ao-the-ridge,3,1stf,Hodl,Dancer,0.0,Colder then cold Monday morning,0.0
2026-01-31,4,C02B4U0M71N,U016ZUU67BN,U09D5VDKC85,ao-the-ridge,3,1stf,Otto Man,Cupid,0.0,5-Putts modified Bootcamp,0.0
2026-01-13,2,C02B4U0M71N,U017G15HA92,U016M1Z8NLE,ao-the-ridge,3,1stf,Happy Camper,Comet,0.0,DJ sump pumps 11’s on the hill,0.0
2026-01-13,2,C02B4U0M71N,U017G15HA92,U016P7DMTGT,ao-the-ridge,3,1stf,Boston Butt,Dancer,0.0,DJ sump pumps 11’s on the hill,0.0
2026-01-13,2,C02B4U0M71N,U017G15HA92,U016V6KHM36,ao-the-ridge,3,1stf,Dilly Dilly,Vixen,0.0,DJ sump pumps 11’s on the hill,0.0
2026-01-13,2,C02B4U0M71N,U017G15HA92,U016ZUU67BN,ao-the-ridge,3,1stf,5-Putt,Vixen,0.0,DJ sump pumps 11’s on the hill,0.0
2026-01-13,2,C02B4U0M71N,U017G15HA92,U0171KQRB6D,ao-the-ridge,3,1stf,vern,Vixen,0.0,DJ sump pumps 11’s on the hill,0.0
2026-01-13,2,C02B4U0M71N,U017G15HA92,U017G15HA92,ao-the-ridge,3,1stf,DJ Sump Pump,Comet,0.0,DJ sump pumps 11’s on the hill,0.0
2026-01-13,2,C02B4U0M71N,U017G15HA92,U017HR8U5RS,ao-the-ridge,3,1stf,SkidMark,Blitzen,0.0,DJ sump pumps 11’s on the hill,0.0
2026-01-13,2,C02B4U0M71N,U017G15HA92,U0186PNUG3T,ao-the-ridge,3,1stf,Hackman,Vixen,0.0,DJ sump pumps 11’s on the hill,0.0
2026-01-13,2,C02B4U0M71N,U017G15HA92,U01APFBACP8,ao-the-ridge,3,1stf,Morticia,Blitzen,0.0,DJ sump pumps 11’s on the hill,0.0
2026-01-13,2,C02B4U0M71N,U017G15HA92,U01ELRMAL7L,ao-the-ridge,3,1stf,Quatro,Vixen,0.0,DJ sump pumps 11’s on the hill,0.0
2026-01-13,2,C02B4U0M71N,U017G15HA92,U020A7W78FQ,ao-the-ridge,3,1stf,Mr. Belding,Donner,0.0,DJ sump pumps 11’s on the hill,0.0
2026-01-13,2,C02B4U0M71N,U017G15HA92,U03U8N4P5G8,ao-the-ridge,3,1stf,Flo,Prancer,0.0,DJ sump pumps 11’s on the hill,0.0
2026-01-13,2,C02B4U0M71N,U017G15HA92,U048GCZ7GBY,ao-the-ridge,3,1stf,Broomstick,Vixen,0.0,DJ sump pumps 11’s on the hill,0.0
2026-01-13,2,C02B4U0M71N,U017G15HA92,U07EJ6173S6,ao-the-ridge,3,1stf,Ginga,Vixen,0.0,DJ sump pumps 11’s on the hill,0.0
2026-01-08,1,C02B4U0M71N,U017Q6TF0TB,U016890PYHM,ao-the-ridge,3,1stf,Bedpan,Donner,0.0,Throwback Thursday 1994 at The Ridge with Gopher ?...,0.0
2026-01-08,1,C02B4U0M71N,U017Q6TF0TB,U016TRPRHKL,ao-the-ridge,3,1stf,Den Mother,Vixen,0.0,Throwback Thursday 1994 at The Ridge with Gopher ?...,0.0
2026-01-08,1,C02B4U0M71N,U017Q6TF0TB,U016ZUU67BN,ao-the-ridge,3,1stf,5-Putt,Vixen,0.0,Throwback Thursday 1994 at The Ridge with Gopher ?...,0.0
2026-01-08,1,C02B4U0M71N,U017Q6TF0TB,U0171KQRB6D,ao-the-ridge,3,1stf,vern,Vixen,0.0,Throwback Thursday 1994 at The Ridge with Gopher ?...,0.0
2026-01-08,1,C02B4U0M71N,U017Q6TF0TB,U017E4NMFQV,ao-the-ridge,3,1stf,Hanger,Donner,0.0,Throwback Thursday 1994 at The Ridge with Gopher ?...,0.0
2026-01-08,1,C02B4U0M71N,U017Q6TF0TB,U017HR8U5RS,ao-the-ridge,3,1stf,SkidMark,Blitzen,0.0,Throwback Thursday 1994 at The Ridge with Gopher ?...,0.0
2026-01-08,1,C02B4U0M71N,U017Q6TF0TB,U017Q6TF0TB,ao-the-ridge,3,1stf,Gopher,Blitzen,0.0,Throwback Thursday 1994 at The Ridge with Gopher ?...,0.0
2026-01-08,1,C02B4U0M71N,U017Q6TF0TB,U0186PNUG3T,ao-the-ridge,3,1stf,Hackman,Vixen,0.0,Throwback Thursday 1994 at The Ridge with Gopher ?...,0.0
2026-01-08,1,C02B4U0M71N,U017Q6TF0TB,U01APFBACP8,ao-the-ridge,3,1stf,Morticia,Blitzen,0.0,Throwback Thursday 1994 at The Ridge with Gopher ?...,0.0
2026-01-08,1,C02B4U0M71N,U017Q6TF0TB,U01B8FLBHKP,ao-the-ridge,3,1stf,Nickelback,Rudolph,0.0,Throwback Thursday 1994 at The Ridge with Gopher ?...,0.0
2026-01-08,1,C02B4U0M71N,U017Q6TF0TB,U020A7W78FQ,ao-the-ridge,3,1stf,Mr. Belding,Donner,0.0,Throwback Thursday 1994 at The Ridge with Gopher ?...,0.0
2026-01-08,1,C02B4U0M71N,U017Q6TF0TB,U02H51CJS30,ao-the-ridge,3,1stf,Pull-up,Comet,0.0,Throwback Thursday 1994 at The Ridge with Gopher ?...,0.0
2026-01-08,1,C02B4U0M71N,U017Q6TF0TB,U02LGCKH24W,ao-the-ridge,3,1stf,Sensodyne,Prancer,0.0,Throwback Thursday 1994 at The Ridge with Gopher ?...,0.0
2026-01-08,1,C02B4U0M71N,U017Q6TF0TB,U03765UPB8C,ao-the-ridge,3,1stf,Chum Bucket,Donner,0.0,Throwback Thursday 1994 at The Ridge with Gopher ?...,0.0
2026-01-08,1,C02B4U0M71N,U017Q6TF0TB,U03U8N4P5G8,ao-the-ridge,3,1stf,Flo,Prancer,0.0,Throwback Thursday 1994 at The Ridge with Gopher ?...,0.0
2026-01-08,1,C02B4U0M71N,U017Q6TF0TB,U040R8S1N6P,ao-the-ridge,3,1stf,Dilbert,Prancer,0.0,Throwback Thursday 1994 at The Ridge with Gopher ?...,0.0
2026-01-08,1,C02B4U0M71N,U017Q6TF0TB,U04H3PWJN5A,ao-the-ridge,3,1stf,Juanita,Donner,0.0,Throwback Thursday 1994 at The Ridge with Gopher ?...,0.0
2026-01-08,1,C02B4U0M71N,U017Q6TF0TB,U04RBT6T8RJ,ao-the-ridge,3,1stf,Old Maid,Dasher,0.0,Throwback Thursday 1994 at The Ridge with Gopher ?...,0.0
2026-01-08,1,C02B4U0M71N,U017Q6TF0TB,U05QJRZNQHH,ao-the-ridge,3,1stf,Corner Kick,Donner,0.0,Throwback Thursday 1994 at The Ridge with Gopher ?...,0.0
2026-01-08,1,C02B4U0M71N,U017Q6TF0TB,U07GJC6UG1Z,ao-the-ridge,3,1stf,Celler Dweller,Donner,0.0,Throwback Thursday 1994 at The Ridge with Gopher ?...,0.0
2026-01-08,1,C02B4U0M71N,U017Q6TF0TB,U08QBC4F5C3,ao-the-ridge,3,1stf,Fish Tape,Vixen,0.0,Throwback Thursday 1994 at The Ridge with Gopher ?...,0.0
2026-01-08,1,C02B4U0M71N,U017Q6TF0TB,U0995LDSXNC,ao-the-ridge,3,1stf,Party in a bottle,Dancer,0.0,Throwback Thursday 1994 at The Ridge with Gopher ?...,0.0
2026-01-27,4,C02B4U0M71N,U018098KAAC,U016P7DMTGT,ao-the-ridge,3,1stf,Boston Butt,Dancer,0.0,Sparkler’s Wind or no Wind,0.0
2026-01-27,4,C02B4U0M71N,U018098KAAC,U016V6KHM36,ao-the-ridge,3,1stf,Dilly Dilly,Vixen,0.0,Sparkler’s Wind or no Wind,0.0
2026-01-27,4,C02B4U0M71N,U018098KAAC,U018098KAAC,ao-the-ridge,3,1stf,Sparkler,Cupid,0.0,Sparkler’s Wind or no Wind,0.0
2026-01-27,4,C02B4U0M71N,U018098KAAC,U01APFBACP8,ao-the-ridge,3,1stf,Morticia,Blitzen,0.0,Sparkler’s Wind or no Wind,0.0
2026-01-27,4,C02B4U0M71N,U018098KAAC,U02H51CJS30,ao-the-ridge,3,1stf,Pull-up,Comet,0.0,Sparkler’s Wind or no Wind,0.0
2026-01-27,4,C02B4U0M71N,U018098KAAC,U02NST5BMKJ,ao-the-ridge,3,1stf,Dear Abby,Dancer,0.0,Sparkler’s Wind or no Wind,0.0
2026-01-27,4,C02B4U0M71N,U018098KAAC,U03765UPB8C,ao-the-ridge,3,1stf,Chum Bucket,Donner,0.0,Sparkler’s Wind or no Wind,0.0
2026-01-27,4,C02B4U0M71N,U018098KAAC,U04H3PWJN5A,ao-the-ridge,3,1stf,Juanita,Donner,0.0,Sparkler’s Wind or no Wind,0.0
2026-01-27,4,C02B4U0M71N,U018098KAAC,U06A1RN2DQF,ao-the-ridge,3,1stf,Hank Hill,Prancer,0.0,Sparkler’s Wind or no Wind,0.0
2026-01-06,1,C02B4U0M71N,U0186PNUG3T,U016M1Z8NLE,ao-the-ridge,3,1stf,Happy Camper,Comet,0.0,Hackman’s 15+15+15+7 Workout,0.0
2026-01-06,1,C02B4U0M71N,U0186PNUG3T,U016MKQUP29,ao-the-ridge,3,1stf,Woody,Blitzen,0.0,Hackman’s 15+15+15+7 Workout,0.0
2026-01-06,1,C02B4U0M71N,U0186PNUG3T,U016P7DMTGT,ao-the-ridge,3,1stf,Boston Butt,Dancer,0.0,Hackman’s 15+15+15+7 Workout,0.0
2026-01-06,1,C02B4U0M71N,U0186PNUG3T,U016TRPRHKL,ao-the-ridge,3,1stf,Den Mother,Vixen,0.0,Hackman’s 15+15+15+7 Workout,0.0
2026-01-06,1,C02B4U0M71N,U0186PNUG3T,U016ZUU67BN,ao-the-ridge,3,1stf,5-Putt,Vixen,0.0,Hackman’s 15+15+15+7 Workout,0.0
2026-01-06,1,C02B4U0M71N,U0186PNUG3T,U0171KQRB6D,ao-the-ridge,3,1stf,vern,Vixen,0.0,Hackman’s 15+15+15+7 Workout,0.0
2026-01-06,1,C02B4U0M71N,U0186PNUG3T,U017BQTUL3D,ao-the-ridge,3,1stf,John Denver,Donner,0.0,Hackman’s 15+15+15+7 Workout,0.0
2026-01-06,1,C02B4U0M71N,U0186PNUG3T,U0186PNUG3T,ao-the-ridge,3,1stf,Hackman,Vixen,0.0,Hackman’s 15+15+15+7 Workout,0.0
2026-01-06,1,C02B4U0M71N,U0186PNUG3T,U01B8FLBHKP,ao-the-ridge,3,1stf,Nickelback,Rudolph,0.0,Hackman’s 15+15+15+7 Workout,0.0
2026-01-06,1,C02B4U0M71N,U0186PNUG3T,U01KXPKDF97,ao-the-ridge,3,1stf,Heifer,Comet,2.0,Hackman’s 15+15+15+7 Workout,0.0
2026-01-06,1,C02B4U0M71N,U0186PNUG3T,U020A7W78FQ,ao-the-ridge,3,1stf,Mr. Belding,Donner,0.0,Hackman’s 15+15+15+7 Workout,0.0
2026-01-06,1,C02B4U0M71N,U0186PNUG3T,U03U8N4P5G8,ao-the-ridge,3,1stf,Flo,Prancer,0.0,Hackman’s 15+15+15+7 Workout,0.0
2026-01-06,1,C02B4U0M71N,U0186PNUG3T,U06A1RN2DQF,ao-the-ridge,3,1stf,Hank Hill,Prancer,0.0,Hackman’s 15+15+15+7 Workout,0.0
2026-01-06,1,C02B4U0M71N,U0186PNUG3T,U073D5MRD4Z,ao-the-ridge,3,1stf,Hat Trick,Vixen,0.0,Hackman’s 15+15+15+7 Workout,0.0
2026-01-06,1,C02B4U0M71N,U0186PNUG3T,U08QBC4F5C3,ao-the-ridge,3,1stf,Fish Tape,Vixen,0.0,Hackman’s 15+15+15+7 Workout,0.0
2026-01-15,2,C02B4U0M71N,U019Y7P6XPF,U016P7DMTGT,ao-the-ridge,3,1stf,Boston Butt,Dancer,0.0,Below Zero Beatdown with Foundation ❄️?,0.0
2026-01-15,2,C02B4U0M71N,U019Y7P6XPF,U016V6KHM36,ao-the-ridge,3,1stf,Dilly Dilly,Vixen,0.0,Below Zero Beatdown with Foundation ❄️?,0.0
2026-01-15,2,C02B4U0M71N,U019Y7P6XPF,U016ZUU67BN,ao-the-ridge,3,1stf,5-Putt,Vixen,0.0,Below Zero Beatdown with Foundation ❄️?,0.0
2026-01-15,2,C02B4U0M71N,U019Y7P6XPF,U0171KQRB6D,ao-the-ridge,3,1stf,vern,Vixen,0.0,Below Zero Beatdown with Foundation ❄️?,0.0
2026-01-15,2,C02B4U0M71N,U019Y7P6XPF,U017E4NMFQV,ao-the-ridge,3,1stf,Hanger,Donner,0.0,Below Zero Beatdown with Foundation ❄️?,0.0
2026-01-15,2,C02B4U0M71N,U019Y7P6XPF,U019Y7P6XPF,ao-the-ridge,3,1stf,Foundation,Blitzen,0.0,Below Zero Beatdown with Foundation ❄️?,0.0
2026-01-15,2,C02B4U0M71N,U019Y7P6XPF,U01APFBACP8,ao-the-ridge,3,1stf,Morticia,Blitzen,0.0,Below Zero Beatdown with Foundation ❄️?,0.0
2026-01-15,2,C02B4U0M71N,U019Y7P6XPF,U020A7W78FQ,ao-the-ridge,3,1stf,Mr. Belding,Donner,0.0,Below Zero Beatdown with Foundation ❄️?,0.0
2026-01-15,2,C02B4U0M71N,U019Y7P6XPF,U07GJC6UG1Z,ao-the-ridge,3,1stf,Celler Dweller,Donner,0.0,Below Zero Beatdown with Foundation ❄️?,0.0
2026-01-15,2,C02B4U0M71N,U019Y7P6XPF,U08QBC4F5C3,ao-the-ridge,3,1stf,Fish Tape,Vixen,0.0,Below Zero Beatdown with Foundation ❄️?,0.0
2026-01-15,2,C02B4U0M71N,U019Y7P6XPF,U0995LDSXNC,ao-the-ridge,3,1stf,Party in a bottle,Dancer,0.0,Below Zero Beatdown with Foundation ❄️?,0.0
2026-01-16,2,C02B4U0M71N,U01APFBACP8,U016M1Z8NLE,ao-the-ridge,3,1stf,Happy Camper,Comet,0.0,Morty’s Bullseye BC,0.0
2026-01-16,2,C02B4U0M71N,U01APFBACP8,U016V6KHM36,ao-the-ridge,3,1stf,Dilly Dilly,Vixen,0.0,Morty’s Bullseye BC,0.0
2026-01-16,2,C02B4U0M71N,U01APFBACP8,U016ZUU67BN,ao-the-ridge,3,1stf,5-Putt,Vixen,0.0,Morty’s Bullseye BC,0.0
2026-01-16,2,C02B4U0M71N,U01APFBACP8,U0171KQRB6D,ao-the-ridge,3,1stf,vern,Vixen,0.0,Morty’s Bullseye BC,0.0
2026-01-16,2,C02B4U0M71N,U01APFBACP8,U017HR8U5RS,ao-the-ridge,3,1stf,SkidMark,Blitzen,0.0,Morty’s Bullseye BC,0.0
2026-01-16,2,C02B4U0M71N,U01APFBACP8,U01APFBACP8,ao-the-ridge,3,1stf,Morticia,Blitzen,0.0,Morty’s Bullseye BC,0.0
2026-01-16,2,C02B4U0M71N,U01APFBACP8,U01B8FLBHKP,ao-the-ridge,3,1stf,Nickelback,Rudolph,0.0,Morty’s Bullseye BC,0.0
2026-01-16,2,C02B4U0M71N,U01APFBACP8,U020A7W78FQ,ao-the-ridge,3,1stf,Mr. Belding,Donner,0.0,Morty’s Bullseye BC,0.0
2026-01-16,2,C02B4U0M71N,U01APFBACP8,U05QJRZNQHH,ao-the-ridge,3,1stf,Corner Kick,Donner,0.0,Morty’s Bullseye BC,0.0
2026-01-16,2,C02B4U0M71N,U01APFBACP8,U05TUKL5N87,ao-the-ridge,3,1stf,Zimmer,Dasher,0.0,Morty’s Bullseye BC,0.0
2026-01-16,2,C02B4U0M71N,U01APFBACP8,U07EJ6173S6,ao-the-ridge,3,1stf,Ginga,Vixen,0.0,Morty’s Bullseye BC,0.0
2026-01-22,3,C02B4U0M71N,U020A7W78FQ,U016M1Z8NLE,ao-the-ridge,3,1stf,Happy Camper,Comet,0.0,Hoosiers on Ice at The Ridge ❄️?,0.0
2026-01-22,3,C02B4U0M71N,U020A7W78FQ,U016V6KHM36,ao-the-ridge,3,1stf,Dilly Dilly,Vixen,0.0,Hoosiers on Ice at The Ridge ❄️?,0.0
2026-01-22,3,C02B4U0M71N,U020A7W78FQ,U016ZUU67BN,ao-the-ridge,3,1stf,5-Putt,Vixen,0.0,Hoosiers on Ice at The Ridge ❄️?,0.0
2026-01-22,3,C02B4U0M71N,U020A7W78FQ,U0171KQRB6D,ao-the-ridge,3,1stf,vern,Vixen,0.0,Hoosiers on Ice at The Ridge ❄️?,0.0
2026-01-22,3,C02B4U0M71N,U020A7W78FQ,U017HR8U5RS,ao-the-ridge,3,1stf,SkidMark,Blitzen,0.0,Hoosiers on Ice at The Ridge ❄️?,0.0
2026-01-22,3,C02B4U0M71N,U020A7W78FQ,U01APFBACP8,ao-the-ridge,3,1stf,Morticia,Blitzen,0.0,Hoosiers on Ice at The Ridge ❄️?,0.0
2026-01-22,3,C02B4U0M71N,U020A7W78FQ,U020A7W78FQ,ao-the-ridge,3,1stf,Mr. Belding,Donner,0.0,Hoosiers on Ice at The Ridge ❄️?,0.0
2026-01-22,3,C02B4U0M71N,U020A7W78FQ,U03SX99V3PU,ao-the-ridge,3,1stf,Meta,Comet,0.0,Hoosiers on Ice at The Ridge ❄️?,0.0
2026-01-22,3,C02B4U0M71N,U020A7W78FQ,U040R8S1N6P,ao-the-ridge,3,1stf,Dilbert,Prancer,0.0,Hoosiers on Ice at The Ridge ❄️?,0.0
2026-01-22,3,C02B4U0M71N,U020A7W78FQ,U05TUKL5N87,ao-the-ridge,3,1stf,Zimmer,Dasher,0.0,Hoosiers on Ice at The Ridge ❄️?,0.0
2026-01-22,3,C02B4U0M71N,U020A7W78FQ,U07GJC6UG1Z,ao-the-ridge,3,1stf,Celler Dweller,Donner,0.0,Hoosiers on Ice at The Ridge ❄️?,0.0
2026-01-07,1,C02B4U0M71N,U02A96W697X,U016890PYHM,ao-the-ridge,3,1stf,Bedpan,Donner,0.0,Dauber's out and back,0.0
2026-01-07,1,C02B4U0M71N,U02A96W697X,U016M1Z8NLE,ao-the-ridge,3,1stf,Happy Camper,Comet,0.0,Dauber's out and back,0.0
2026-01-07,1,C02B4U0M71N,U02A96W697X,U016P7DMTGT,ao-the-ridge,3,1stf,Boston Butt,Dancer,0.0,Dauber's out and back,0.0
2026-01-07,1,C02B4U0M71N,U02A96W697X,U016ZUU67BN,ao-the-ridge,3,1stf,5-Putt,Vixen,0.0,Dauber's out and back,0.0
2026-01-07,1,C02B4U0M71N,U02A96W697X,U0171KQRB6D,ao-the-ridge,3,1stf,vern,Vixen,0.0,Dauber's out and back,0.0
2026-01-07,1,C02B4U0M71N,U02A96W697X,U017BQTUL3D,ao-the-ridge,3,1stf,John Denver,Donner,0.0,Dauber's out and back,0.0
2026-01-07,1,C02B4U0M71N,U02A96W697X,U017G12529J,ao-the-ridge,3,1stf,Carmen San Diego (F3 Naperville),NONE,0.0,Dauber's out and back,0.0
2026-01-07,1,C02B4U0M71N,U02A96W697X,U017HR8U5RS,ao-the-ridge,3,1stf,SkidMark,Blitzen,0.0,Dauber's out and back,0.0
2026-01-07,1,C02B4U0M71N,U02A96W697X,U017X9WAQ9Y,ao-the-ridge,3,1stf,BoilerUp,Rudolph,0.0,Dauber's out and back,0.0
2026-01-07,1,C02B4U0M71N,U02A96W697X,U0186PNUG3T,ao-the-ridge,3,1stf,Hackman,Vixen,0.0,Dauber's out and back,0.0
2026-01-07,1,C02B4U0M71N,U02A96W697X,U020A7W78FQ,ao-the-ridge,3,1stf,Mr. Belding,Donner,0.0,Dauber's out and back,0.0
2026-01-07,1,C02B4U0M71N,U02A96W697X,U02A96W697X,ao-the-ridge,3,1stf,Dauber,Comet,0.0,Dauber's out and back,0.0
2026-01-07,1,C02B4U0M71N,U02A96W697X,U02LGCKH24W,ao-the-ridge,3,1stf,Sensodyne,Prancer,0.0,Dauber's out and back,0.0
2026-01-07,1,C02B4U0M71N,U02A96W697X,U03U8N4P5G8,ao-the-ridge,3,1stf,Flo,Prancer,0.0,Dauber's out and back,0.0
2026-01-07,1,C02B4U0M71N,U02A96W697X,U040R8S1N6P,ao-the-ridge,3,1stf,Dilbert,Prancer,0.0,Dauber's out and back,0.0
2026-01-07,1,C02B4U0M71N,U02A96W697X,U04H6HMNPH9,ao-the-ridge,3,1stf,Cinderella,Dancer,0.0,Dauber's out and back,0.0
2026-01-07,1,C02B4U0M71N,U02A96W697X,U071GSVM24B,ao-the-ridge,3,1stf,Spit Valve,Prancer,0.0,Dauber's out and back,0.0
2026-01-07,1,C02B4U0M71N,U02A96W697X,U07KLPGENJ0,ao-the-ridge,3,1stf,Just Dance,Blitzen,0.0,Dauber's out and back,0.0
2026-01-07,1,C02B4U0M71N,U02A96W697X,U07LY4K586M,ao-the-ridge,3,1stf,Moist,Donner,0.0,Dauber's out and back,0.0
2026-01-21,3,C02B4U0M71N,U02H51CJS30,U016890PYHM,ao-the-ridge,3,1stf,Bedpan,Donner,0.0,Straight out and back,0.0
2026-01-05,1,C02B4U0M71N,U02H51CJS30,U016V6KHM36,ao-the-ridge,3,1stf,Dilly Dilly,Vixen,0.0,Back to it with Pull up,0.0
2026-01-21,3,C02B4U0M71N,U02H51CJS30,U016V6KHM36,ao-the-ridge,3,1stf,Dilly Dilly,Vixen,0.0,Straight out and back,0.0
2026-02-02,5,C02B4U0M71N,U02H51CJS30,U016V6KHM36,ao-the-ridge,3,1stf,Dilly Dilly,Vixen,0.0,"How much wood, would a woodchuck chuck, if a wood ...",0.0
2026-01-21,3,C02B4U0M71N,U02H51CJS30,U016VPSQSFR,ao-the-ridge,3,1stf,Trickle,Donner,0.0,Straight out and back,0.0
2026-01-21,3,C02B4U0M71N,U02H51CJS30,U016ZUU67BN,ao-the-ridge,3,1stf,5-Putt,Vixen,0.0,Straight out and back,0.0
2026-01-21,3,C02B4U0M71N,U02H51CJS30,U0171KQRB6D,ao-the-ridge,3,1stf,vern,Vixen,0.0,Straight out and back,0.0
2026-02-02,5,C02B4U0M71N,U02H51CJS30,U017E4NMFQV,ao-the-ridge,3,1stf,Hanger,Donner,0.0,"How much wood, would a woodchuck chuck, if a wood ...",0.0
2026-01-05,1,C02B4U0M71N,U02H51CJS30,U017HR8U5RS,ao-the-ridge,3,1stf,SkidMark,Blitzen,0.0,Back to it with Pull up,0.0
2026-01-21,3,C02B4U0M71N,U02H51CJS30,U017HR8U5RS,ao-the-ridge,3,1stf,SkidMark,Blitzen,0.0,Straight out and back,0.0
2026-01-21,3,C02B4U0M71N,U02H51CJS30,U017Q6TF0TB,ao-the-ridge,3,1stf,Gopher,Blitzen,0.0,Straight out and back,0.0
2026-01-21,3,C02B4U0M71N,U02H51CJS30,U018098KAAC,ao-the-ridge,3,1stf,Sparkler,Cupid,0.0,Straight out and back,0.0
2026-01-05,1,C02B4U0M71N,U02H51CJS30,U0186PNUG3T,ao-the-ridge,3,1stf,Hackman,Vixen,0.0,Back to it with Pull up,0.0
2026-02-02,5,C02B4U0M71N,U02H51CJS30,U0186PNUG3T,ao-the-ridge,3,1stf,Hackman,Vixen,0.0,"How much wood, would a woodchuck chuck, if a wood ...",0.0
2026-02-02,5,C02B4U0M71N,U02H51CJS30,U01APFBACP8,ao-the-ridge,3,1stf,Morticia,Blitzen,0.0,"How much wood, would a woodchuck chuck, if a wood ...",0.0
2026-01-05,1,C02B4U0M71N,U02H51CJS30,U01ELRMAL7L,ao-the-ridge,3,1stf,Quatro,Vixen,0.0,Back to it with Pull up,0.0
2026-01-21,3,C02B4U0M71N,U02H51CJS30,U020A7W78FQ,ao-the-ridge,3,1stf,Mr. Belding,Donner,0.0,Straight out and back,0.0
2026-01-21,3,C02B4U0M71N,U02H51CJS30,U02A96W697X,ao-the-ridge,3,1stf,Dauber,Comet,0.0,Straight out and back,0.0
2026-01-05,1,C02B4U0M71N,U02H51CJS30,U02H51CJS30,ao-the-ridge,3,1stf,Pull-up,Comet,0.0,Back to it with Pull up,0.0
2026-01-21,3,C02B4U0M71N,U02H51CJS30,U02H51CJS30,ao-the-ridge,3,1stf,Pull-up,Comet,0.0,Straight out and back,0.0
2026-02-02,5,C02B4U0M71N,U02H51CJS30,U02H51CJS30,ao-the-ridge,3,1stf,Pull-up,Comet,0.0,"How much wood, would a woodchuck chuck, if a wood ...",0.0
2026-01-21,3,C02B4U0M71N,U02H51CJS30,U02KN9HUSE6,ao-the-ridge,3,1stf,Soft Hands,Cupid,0.0,Straight out and back,0.0
2026-02-02,5,C02B4U0M71N,U02H51CJS30,U02NST5BMKJ,ao-the-ridge,3,1stf,Dear Abby,Dancer,0.0,"How much wood, would a woodchuck chuck, if a wood ...",0.0
2026-02-02,5,C02B4U0M71N,U02H51CJS30,U03EPDEKY4U,ao-the-ridge,3,1stf,Schlitz,Blitzen,0.0,"How much wood, would a woodchuck chuck, if a wood ...",0.0
2026-01-05,1,C02B4U0M71N,U02H51CJS30,U03U8N4P5G8,ao-the-ridge,3,1stf,Flo,Prancer,0.0,Back to it with Pull up,0.0
2026-01-21,3,C02B4U0M71N,U02H51CJS30,U03U8N4P5G8,ao-the-ridge,3,1stf,Flo,Prancer,0.0,Straight out and back,0.0
2026-02-02,5,C02B4U0M71N,U02H51CJS30,U048GCZ7GBY,ao-the-ridge,3,1stf,Broomstick,Vixen,0.0,"How much wood, would a woodchuck chuck, if a wood ...",0.0
2026-01-21,3,C02B4U0M71N,U02H51CJS30,U04H3PWJN5A,ao-the-ridge,3,1stf,Juanita,Donner,0.0,Straight out and back,0.0
2026-01-21,3,C02B4U0M71N,U02H51CJS30,U04H6HMNPH9,ao-the-ridge,3,1stf,Cinderella,Dancer,0.0,Straight out and back,0.0
2026-01-05,1,C02B4U0M71N,U02H51CJS30,U05C8DP6YS0,ao-the-ridge,3,1stf,Algorithm,Comet,0.0,Back to it with Pull up,0.0
2026-01-21,3,C02B4U0M71N,U02H51CJS30,U05LL7ESE79,ao-the-ridge,3,1stf,Cutler,Dancer,0.0,Straight out and back,0.0
2026-01-05,1,C02B4U0M71N,U02H51CJS30,U05QJRZNQHH,ao-the-ridge,3,1stf,Corner Kick,Donner,0.0,Back to it with Pull up,0.0
2026-01-21,3,C02B4U0M71N,U02H51CJS30,U05ULCL3806,ao-the-ridge,3,1stf,Mr. Kotter,Donner,0.0,Straight out and back,0.0
2026-01-05,1,C02B4U0M71N,U02H51CJS30,U073D5MRD4Z,ao-the-ridge,3,1stf,Hat Trick,Vixen,0.0,Back to it with Pull up,0.0
2026-01-21,3,C02B4U0M71N,U02H51CJS30,U07LY4K586M,ao-the-ridge,3,1stf,Moist,Donner,0.0,Straight out and back,0.0
2026-01-21,3,C02B4U0M71N,U02H51CJS30,U07RD0ACG80,ao-the-ridge,3,1stf,Nemo,Prancer,0.0,Straight out and back,0.0
2026-02-02,5,C02B4U0M71N,U02H51CJS30,U080FGLKUH5,ao-the-ridge,3,1stf,Hodl,Dancer,0.0,"How much wood, would a woodchuck chuck, if a wood ...",0.0
2026-01-05,1,C02B4U0M71N,U02H51CJS30,U08QBC4F5C3,ao-the-ridge,3,1stf,Fish Tape,Vixen,0.0,Back to it with Pull up,0.0
2026-02-02,5,C02B4U0M71N,U02H51CJS30,U08QBC4F5C3,ao-the-ridge,3,1stf,Fish Tape,Vixen,0.0,"How much wood, would a woodchuck chuck, if a wood ...",0.0
2026-02-10,6,C02B4U0M71N,U03U8N4P5G8,U016M1Z8NLE,ao-the-ridge,3,1stf,Happy Camper,Comet,0.0,"Flo’s Coupons, Half Laps and Suicides",0.0
2026-02-10,6,C02B4U0M71N,U03U8N4P5G8,U016TRPRHKL,ao-the-ridge,3,1stf,Den Mother,Vixen,0.0,"Flo’s Coupons, Half Laps and Suicides",0.0
2026-02-10,6,C02B4U0M71N,U03U8N4P5G8,U016ZUU67BN,ao-the-ridge,3,1stf,5-Putt,Vixen,0.0,"Flo’s Coupons, Half Laps and Suicides",0.0
2026-02-10,6,C02B4U0M71N,U03U8N4P5G8,U0171KQRB6D,ao-the-ridge,3,1stf,vern,Vixen,0.0,"Flo’s Coupons, Half Laps and Suicides",0.0
2026-02-10,6,C02B4U0M71N,U03U8N4P5G8,U017HR8U5RS,ao-the-ridge,3,1stf,SkidMark,Blitzen,0.0,"Flo’s Coupons, Half Laps and Suicides",0.0
2026-02-10,6,C02B4U0M71N,U03U8N4P5G8,U01APFBACP8,ao-the-ridge,3,1stf,Morticia,Blitzen,0.0,"Flo’s Coupons, Half Laps and Suicides",0.0
2026-02-10,6,C02B4U0M71N,U03U8N4P5G8,U020A7W78FQ,ao-the-ridge,3,1stf,Mr. Belding,Donner,0.0,"Flo’s Coupons, Half Laps and Suicides",0.0
2026-02-10,6,C02B4U0M71N,U03U8N4P5G8,U02F2UV0MCL,ao-the-ridge,3,1stf,Blue Gill,Vixen,0.0,"Flo’s Coupons, Half Laps and Suicides",0.0
2026-02-10,6,C02B4U0M71N,U03U8N4P5G8,U02H51CJS30,ao-the-ridge,3,1stf,Pull-up,Comet,0.0,"Flo’s Coupons, Half Laps and Suicides",0.0
2026-02-10,6,C02B4U0M71N,U03U8N4P5G8,U03765UPB8C,ao-the-ridge,3,1stf,Chum Bucket,Donner,0.0,"Flo’s Coupons, Half Laps and Suicides",0.0
2026-02-10,6,C02B4U0M71N,U03U8N4P5G8,U03U8N4P5G8,ao-the-ridge,3,1stf,Flo,Prancer,0.0,"Flo’s Coupons, Half Laps and Suicides",0.0
2026-02-10,6,C02B4U0M71N,U03U8N4P5G8,U040R8S1N6P,ao-the-ridge,3,1stf,Dilbert,Prancer,0.0,"Flo’s Coupons, Half Laps and Suicides",0.0
2026-02-10,6,C02B4U0M71N,U03U8N4P5G8,U04H3PWJN5A,ao-the-ridge,3,1stf,Juanita,Donner,0.0,"Flo’s Coupons, Half Laps and Suicides",0.0
2026-02-10,6,C02B4U0M71N,U03U8N4P5G8,U04H6HMNPH9,ao-the-ridge,3,1stf,Cinderella,Dancer,0.0,"Flo’s Coupons, Half Laps and Suicides",0.0
2026-02-10,6,C02B4U0M71N,U03U8N4P5G8,U05TUKL5N87,ao-the-ridge,3,1stf,Zimmer,Dasher,0.0,"Flo’s Coupons, Half Laps and Suicides",0.0
2026-02-10,6,C02B4U0M71N,U03U8N4P5G8,U06A1RN2DQF,ao-the-ridge,3,1stf,Hank Hill,Prancer,0.0,"Flo’s Coupons, Half Laps and Suicides",0.0
2026-02-10,6,C02B4U0M71N,U03U8N4P5G8,U073D5MRD4Z,ao-the-ridge,3,1stf,Hat Trick,Vixen,0.0,"Flo’s Coupons, Half Laps and Suicides",0.0
2026-02-10,6,C02B4U0M71N,U03U8N4P5G8,U074T16JBDX,ao-the-ridge,3,1stf,Deliverance,Prancer,0.0,"Flo’s Coupons, Half Laps and Suicides",0.0
2026-02-10,6,C02B4U0M71N,U03U8N4P5G8,U07EJ6173S6,ao-the-ridge,3,1stf,Ginga,Vixen,0.0,"Flo’s Coupons, Half Laps and Suicides",0.0
2026-02-06,5,C02B4U0M71N,U048GCZ7GBY,U016M1Z8NLE,ao-the-ridge,3,1stf,Happy Camper,Comet,0.0,BOOOMSTICK,0.0
2026-02-06,5,C02B4U0M71N,U048GCZ7GBY,U016V6KHM36,ao-the-ridge,3,1stf,Dilly Dilly,Vixen,0.0,BOOOMSTICK,0.0
2026-02-06,5,C02B4U0M71N,U048GCZ7GBY,U016ZUU67BN,ao-the-ridge,3,1stf,5-Putt,Vixen,0.0,BOOOMSTICK,0.0
2026-02-06,5,C02B4U0M71N,U048GCZ7GBY,U0171KQRB6D,ao-the-ridge,3,1stf,vern,Vixen,0.0,BOOOMSTICK,0.0
2026-02-06,5,C02B4U0M71N,U048GCZ7GBY,U0186PNUG3T,ao-the-ridge,3,1stf,Hackman,Vixen,0.0,BOOOMSTICK,0.0
2026-02-06,5,C02B4U0M71N,U048GCZ7GBY,U01APFBACP8,ao-the-ridge,3,1stf,Morticia,Blitzen,0.0,BOOOMSTICK,0.0
2026-02-06,5,C02B4U0M71N,U048GCZ7GBY,U040R8S1N6P,ao-the-ridge,3,1stf,Dilbert,Prancer,0.0,BOOOMSTICK,0.0
2026-02-06,5,C02B4U0M71N,U048GCZ7GBY,U048GCZ7GBY,ao-the-ridge,3,1stf,Broomstick,Vixen,0.0,BOOOMSTICK,0.0
2026-02-06,5,C02B4U0M71N,U048GCZ7GBY,U05ULCL3806,ao-the-ridge,3,1stf,Mr. Kotter,Donner,0.0,BOOOMSTICK,0.0
2026-01-12,2,C02B4U0M71N,U058SP7GRJ6,U017E4NMFQV,ao-the-ridge,3,1stf,Hanger,Donner,0.0,Hatchet getting back out ITG ?,0.0
2026-01-12,2,C02B4U0M71N,U058SP7GRJ6,U0186PNUG3T,ao-the-ridge,3,1stf,Hackman,Vixen,0.0,Hatchet getting back out ITG ?,0.0
2026-01-12,2,C02B4U0M71N,U058SP7GRJ6,U02H51CJS30,ao-the-ridge,3,1stf,Pull-up,Comet,0.0,Hatchet getting back out ITG ?,0.0
2026-01-12,2,C02B4U0M71N,U058SP7GRJ6,U04RBT6T8RJ,ao-the-ridge,3,1stf,Old Maid,Dasher,0.0,Hatchet getting back out ITG ?,0.0
2026-01-12,2,C02B4U0M71N,U058SP7GRJ6,U058SP7GRJ6,ao-the-ridge,3,1stf,Hatchet (Lizard Q),Comet,0.0,Hatchet getting back out ITG ?,0.0
2026-01-12,2,C02B4U0M71N,U058SP7GRJ6,U05LL7ESE79,ao-the-ridge,3,1stf,Cutler,Dancer,0.0,Hatchet getting back out ITG ?,0.0
2026-01-12,2,C02B4U0M71N,U058SP7GRJ6,U070NTWF7G8,ao-the-ridge,3,1stf,Foghorn,Dancer,0.0,Hatchet getting back out ITG ?,0.0
2026-01-12,2,C02B4U0M71N,U058SP7GRJ6,U073D5MRD4Z,ao-the-ridge,3,1stf,Hat Trick,Vixen,0.0,Hatchet getting back out ITG ?,0.0
2026-01-12,2,C02B4U0M71N,U058SP7GRJ6,U080FGLKUH5,ao-the-ridge,3,1stf,Hodl,Dancer,0.0,Hatchet getting back out ITG ?,0.0
2026-01-12,2,C02B4U0M71N,U058SP7GRJ6,U08QBC4F5C3,ao-the-ridge,3,1stf,Fish Tape,Vixen,0.0,Hatchet getting back out ITG ?,0.0
2026-01-17,2,C02B4U0M71N,U05LL7ESE79,U016M1Z8NLE,ao-the-ridge,3,1stf,Happy Camper,Comet,0.0,Ultimate Football,0.0
2026-01-17,2,C02B4U0M71N,U05LL7ESE79,U016ZUU67BN,ao-the-ridge,3,1stf,5-Putt,Vixen,0.0,Ultimate Football,0.0
2026-01-17,2,C02B4U0M71N,U05LL7ESE79,U0171KQRB6D,ao-the-ridge,3,1stf,vern,Vixen,0.0,Ultimate Football,0.0
2026-01-17,2,C02B4U0M71N,U05LL7ESE79,U01B8FLBHKP,ao-the-ridge,3,1stf,Nickelback,Rudolph,0.0,Ultimate Football,0.0
2026-01-17,2,C02B4U0M71N,U05LL7ESE79,U01ELRMAL7L,ao-the-ridge,3,1stf,Quatro,Vixen,0.0,Ultimate Football,0.0
2026-01-17,2,C02B4U0M71N,U05LL7ESE79,U02KN9HUSE6,ao-the-ridge,3,1stf,Soft Hands,Cupid,0.0,Ultimate Football,0.0
2026-01-17,2,C02B4U0M71N,U05LL7ESE79,U05LL7ESE79,ao-the-ridge,3,1stf,Cutler,Dancer,0.0,Ultimate Football,0.0
2026-01-17,2,C02B4U0M71N,U05LL7ESE79,U075J9NN91N,ao-the-ridge,3,1stf,Pop-Tart,Dancer,0.0,Ultimate Football,0.0
2026-02-03,5,C02B4U0M71N,U05QD3D6ZK7,U016V6KHM36,ao-the-ridge,3,1stf,Dilly Dilly,Vixen,0.0,Ladder Workout - Caboose style,0.0
2026-02-03,5,C02B4U0M71N,U05QD3D6ZK7,U016ZUU67BN,ao-the-ridge,3,1stf,5-Putt,Vixen,0.0,Ladder Workout - Caboose style,0.0
2026-02-03,5,C02B4U0M71N,U05QD3D6ZK7,U0171KQRB6D,ao-the-ridge,3,1stf,vern,Vixen,0.0,Ladder Workout - Caboose style,0.0
2026-02-03,5,C02B4U0M71N,U05QD3D6ZK7,U017E4NMFQV,ao-the-ridge,3,1stf,Hanger,Donner,0.0,Ladder Workout - Caboose style,0.0
2026-02-03,5,C02B4U0M71N,U05QD3D6ZK7,U017HR8U5RS,ao-the-ridge,3,1stf,SkidMark,Blitzen,0.0,Ladder Workout - Caboose style,0.0
2026-02-03,5,C02B4U0M71N,U05QD3D6ZK7,U01APFBACP8,ao-the-ridge,3,1stf,Morticia,Blitzen,0.0,Ladder Workout - Caboose style,0.0
2026-02-03,5,C02B4U0M71N,U05QD3D6ZK7,U020A7W78FQ,ao-the-ridge,3,1stf,Mr. Belding,Donner,0.0,Ladder Workout - Caboose style,0.0
2026-02-03,5,C02B4U0M71N,U05QD3D6ZK7,U03FQ2U8UJK,ao-the-ridge,3,1stf,Mapquest,Rudolph,0.0,Ladder Workout - Caboose style,0.0
2026-02-03,5,C02B4U0M71N,U05QD3D6ZK7,U04H3PWJN5A,ao-the-ridge,3,1stf,Juanita,Donner,0.0,Ladder Workout - Caboose style,0.0
2026-02-03,5,C02B4U0M71N,U05QD3D6ZK7,U05QD3D6ZK7,ao-the-ridge,3,1stf,Caboose,Cupid,0.0,Ladder Workout - Caboose style,0.0
2026-02-03,5,C02B4U0M71N,U05QD3D6ZK7,U05TUKL5N87,ao-the-ridge,3,1stf,Zimmer,Dasher,0.0,Ladder Workout - Caboose style,0.0
2026-02-03,5,C02B4U0M71N,U05QD3D6ZK7,U074T16JBDX,ao-the-ridge,3,1stf,Deliverance,Prancer,0.0,Ladder Workout - Caboose style,0.0
2026-02-03,5,C02B4U0M71N,U05QD3D6ZK7,U07EJ6173S6,ao-the-ridge,3,1stf,Ginga,Vixen,0.0,Ladder Workout - Caboose style,0.0
2026-01-30,4,C02B4U0M71N,U05QJRZNQHH,U020A7W78FQ,ao-the-ridge,3,1stf,Mr. Belding,Donner,0.0,Privilege of Pressure,0.0
2026-01-30,4,C02B4U0M71N,U05QJRZNQHH,U048GCZ7GBY,ao-the-ridge,3,1stf,Broomstick,Vixen,0.0,Privilege of Pressure,0.0
2026-01-30,4,C02B4U0M71N,U05QJRZNQHH,U05QJRZNQHH,ao-the-ridge,3,1stf,Corner Kick,Donner,0.0,Privilege of Pressure,0.0
2026-01-30,4,C02B4U0M71N,U05QJRZNQHH,U05TUKL5N87,ao-the-ridge,3,1stf,Zimmer,Dasher,0.0,Privilege of Pressure,0.0
2026-01-30,4,C02B4U0M71N,U05QJRZNQHH,U05ULCL3806,ao-the-ridge,3,1stf,Mr. Kotter,Donner,0.0,Privilege of Pressure,0.0
2026-01-30,4,C02B4U0M71N,U05QJRZNQHH,U080FGLKUH5,ao-the-ridge,3,1stf,Hodl,Dancer,0.0,Privilege of Pressure,0.0
2026-01-29,4,C02B4U0M71N,U05TUKL5N87,U016M1Z8NLE,ao-the-ridge,3,1stf,Happy Camper,Comet,0.0,Just Missed Zero at The Ridge - Pearls on a String...,0.0
2026-01-29,4,C02B4U0M71N,U05TUKL5N87,U016P7DMTGT,ao-the-ridge,3,1stf,Boston Butt,Dancer,0.0,Just Missed Zero at The Ridge - Pearls on a String...,0.0
2026-01-01,0,C02B4U0M71N,U05TUKL5N87,U016ZUU67BN,ao-the-ridge,3,1stf,5-Putt,Vixen,0.0,Zimmer’s Plan C - Ruck Club,0.0
2026-01-29,4,C02B4U0M71N,U05TUKL5N87,U016ZUU67BN,ao-the-ridge,3,1stf,5-Putt,Vixen,0.0,Just Missed Zero at The Ridge - Pearls on a String...,0.0
2026-01-29,4,C02B4U0M71N,U05TUKL5N87,U0171KQRB6D,ao-the-ridge,3,1stf,vern,Vixen,0.0,Just Missed Zero at The Ridge - Pearls on a String...,0.0
2026-01-29,4,C02B4U0M71N,U05TUKL5N87,U020A7W78FQ,ao-the-ridge,3,1stf,Mr. Belding,Donner,0.0,Just Missed Zero at The Ridge - Pearls on a String...,0.0
2026-01-01,0,C02B4U0M71N,U05TUKL5N87,U02H51CJS30,ao-the-ridge,3,1stf,Pull-up,Comet,0.0,Zimmer’s Plan C - Ruck Club,0.0
2026-01-29,4,C02B4U0M71N,U05TUKL5N87,U040R8S1N6P,ao-the-ridge,3,1stf,Dilbert,Prancer,0.0,Just Missed Zero at The Ridge - Pearls on a String...,0.0
2026-01-01,0,C02B4U0M71N,U05TUKL5N87,U05TUKL5N87,ao-the-ridge,3,1stf,Zimmer,Dasher,0.0,Zimmer’s Plan C - Ruck Club,0.0
2026-01-29,4,C02B4U0M71N,U05TUKL5N87,U05TUKL5N87,ao-the-ridge,3,1stf,Zimmer,Dasher,0.0,Just Missed Zero at The Ridge - Pearls on a String...,0.0
2026-01-01,0,C02B4U0M71N,U05TUKL5N87,U06H3QB4KMY,ao-the-ridge,3,1stf,Mahomes,Comet,0.0,Zimmer’s Plan C - Ruck Club,0.0
2026-01-29,4,C02B4U0M71N,U05TUKL5N87,U07GJC6UG1Z,ao-the-ridge,3,1stf,Celler Dweller,Donner,0.0,Just Missed Zero at The Ridge - Pearls on a String...,0.0
2026-01-14,2,C02B4U0M71N,U05ULCL3806,U016890PYHM,ao-the-ridge,3,1stf,Bedpan,Donner,0.0,Dog park loop,0.0
2026-01-14,2,C02B4U0M71N,U05ULCL3806,U016TRPRHKL,ao-the-ridge,3,1stf,Den Mother,Vixen,0.0,Dog park loop,0.0
2026-01-14,2,C02B4U0M71N,U05ULCL3806,U016V6KHM36,ao-the-ridge,3,1stf,Dilly Dilly,Vixen,0.0,Dog park loop,0.0
2026-01-28,4,C02B4U0M71N,U05ULCL3806,U016V6KHM36,ao-the-ridge,3,1stf,Dilly Dilly,Vixen,0.0,Which way did he go??,0.0
2026-01-14,2,C02B4U0M71N,U05ULCL3806,U016ZUU67BN,ao-the-ridge,3,1stf,5-Putt,Vixen,0.0,Dog park loop,0.0
2026-01-28,4,C02B4U0M71N,U05ULCL3806,U016ZUU67BN,ao-the-ridge,3,1stf,5-Putt,Vixen,0.0,Which way did he go??,0.0
2026-01-14,2,C02B4U0M71N,U05ULCL3806,U0171KQRB6D,ao-the-ridge,3,1stf,vern,Vixen,0.0,Dog park loop,0.0
2026-01-28,4,C02B4U0M71N,U05ULCL3806,U0171KQRB6D,ao-the-ridge,3,1stf,vern,Vixen,0.0,Which way did he go??,0.0
2026-01-14,2,C02B4U0M71N,U05ULCL3806,U017G15HA92,ao-the-ridge,3,1stf,DJ Sump Pump,Comet,0.0,Dog park loop,0.0
2026-01-14,2,C02B4U0M71N,U05ULCL3806,U017HR8U5RS,ao-the-ridge,3,1stf,SkidMark,Blitzen,0.0,Dog park loop,0.0
2026-01-28,4,C02B4U0M71N,U05ULCL3806,U017QPPJVJ5,ao-the-ridge,3,1stf,Bob Villa,Comet,0.0,Which way did he go??,0.0
2026-01-14,2,C02B4U0M71N,U05ULCL3806,U017X9WAQ9Y,ao-the-ridge,3,1stf,BoilerUp,Rudolph,0.0,Dog park loop,0.0
2026-01-28,4,C02B4U0M71N,U05ULCL3806,U017X9WAQ9Y,ao-the-ridge,3,1stf,BoilerUp,Rudolph,0.0,Which way did he go??,0.0
2026-01-14,2,C02B4U0M71N,U05ULCL3806,U0186PNUG3T,ao-the-ridge,3,1stf,Hackman,Vixen,0.0,Dog park loop,0.0
2026-01-14,2,C02B4U0M71N,U05ULCL3806,U020A7W78FQ,ao-the-ridge,3,1stf,Mr. Belding,Donner,0.0,Dog park loop,0.0
2026-01-14,2,C02B4U0M71N,U05ULCL3806,U02A96W697X,ao-the-ridge,3,1stf,Dauber,Comet,0.0,Dog park loop,0.0
2026-01-28,4,C02B4U0M71N,U05ULCL3806,U02A96W697X,ao-the-ridge,3,1stf,Dauber,Comet,0.0,Which way did he go??,0.0
2026-01-28,4,C02B4U0M71N,U05ULCL3806,U02KN9HUSE6,ao-the-ridge,3,1stf,Soft Hands,Cupid,0.0,Which way did he go??,0.0
2026-01-14,2,C02B4U0M71N,U05ULCL3806,U02LGCKH24W,ao-the-ridge,3,1stf,Sensodyne,Prancer,0.0,Dog park loop,0.0
2026-01-28,4,C02B4U0M71N,U05ULCL3806,U02LGCKH24W,ao-the-ridge,3,1stf,Sensodyne,Prancer,0.0,Which way did he go??,0.0
2026-01-28,4,C02B4U0M71N,U05ULCL3806,U03765UPB8C,ao-the-ridge,3,1stf,Chum Bucket,Donner,0.0,Which way did he go??,0.0
2026-01-14,2,C02B4U0M71N,U05ULCL3806,U040R8S1N6P,ao-the-ridge,3,1stf,Dilbert,Prancer,0.0,Dog park loop,0.0
2026-01-14,2,C02B4U0M71N,U05ULCL3806,U048GCZ7GBY,ao-the-ridge,3,1stf,Broomstick,Vixen,0.0,Dog park loop,0.0
2026-01-14,2,C02B4U0M71N,U05ULCL3806,U04H6HMNPH9,ao-the-ridge,3,1stf,Cinderella,Dancer,0.0,Dog park loop,0.0
2026-01-28,4,C02B4U0M71N,U05ULCL3806,U04H6HMNPH9,ao-the-ridge,3,1stf,Cinderella,Dancer,0.0,Which way did he go??,0.0
2026-01-28,4,C02B4U0M71N,U05ULCL3806,U05TUKL5N87,ao-the-ridge,3,1stf,Zimmer,Dasher,0.0,Which way did he go??,0.0
2026-01-14,2,C02B4U0M71N,U05ULCL3806,U05ULCL3806,ao-the-ridge,3,1stf,Mr. Kotter,Donner,0.0,Dog park loop,0.0
2026-01-28,4,C02B4U0M71N,U05ULCL3806,U05ULCL3806,ao-the-ridge,3,1stf,Mr. Kotter,Donner,0.0,Which way did he go??,0.0
2026-01-28,4,C02B4U0M71N,U05ULCL3806,U071GSVM24B,ao-the-ridge,3,1stf,Spit Valve,Prancer,0.0,Which way did he go??,0.0
2026-01-14,2,C02B4U0M71N,U05ULCL3806,U07KLPGENJ0,ao-the-ridge,3,1stf,Just Dance,Blitzen,0.0,Dog park loop,0.0
2026-01-14,2,C02B4U0M71N,U05ULCL3806,U07LY4K586M,ao-the-ridge,3,1stf,Moist,Donner,0.0,Dog park loop,0.0
2026-01-28,4,C02B4U0M71N,U05ULCL3806,U07LY4K586M,ao-the-ridge,3,1stf,Moist,Donner,0.0,Which way did he go??,0.0
2026-01-26,4,C02B4U0M71N,U075J9NN91N,U075J9NN91N,ao-the-ridge,3,1stf,Pop-Tart,Dancer,0.0,The cold don’t stop Poptart,0.0
2026-01-26,4,C02B4U0M71N,U075J9NN91N,U080FGLKUH5,ao-the-ridge,3,1stf,Hodl,Dancer,0.0,The cold don’t stop Poptart,0.0
2026-01-26,4,C02B4U0M71N,U075J9NN91N,U093QHS5CV6,ao-the-ridge,3,1stf,Martha Stewart,Dancer,1.0,The cold don’t stop Poptart,0.0
2026-01-26,4,C02B4U0M71N,U075J9NN91N,U09U2DZRCU9,ao-the-ridge,3,1stf,Stitch,Vixen,1.0,The cold don’t stop Poptart,0.0
2026-01-24,3,C02B4U0M71N,U080FGLKUH5,U03EPDEKY4U,ao-the-ridge,3,1stf,Schlitz,Blitzen,0.0,Holds Ruck Club with Merkins - Too cold for a pict...,0.0
2026-01-24,3,C02B4U0M71N,U080FGLKUH5,U03SX99V3PU,ao-the-ridge,3,1stf,Meta,Comet,0.0,Holds Ruck Club with Merkins - Too cold for a pict...,0.0
2026-01-24,3,C02B4U0M71N,U080FGLKUH5,U06H3QB4KMY,ao-the-ridge,3,1stf,Mahomes,Comet,0.0,Holds Ruck Club with Merkins - Too cold for a pict...,0.0
2026-01-24,3,C02B4U0M71N,U080FGLKUH5,U080FGLKUH5,ao-the-ridge,3,1stf,Hodl,Dancer,0.0,Holds Ruck Club with Merkins - Too cold for a pict...,0.0
2026-01-02,0,C02B4U0M71N,U0995LDSXNC,U040R8S1N6P,ao-the-ridge,3,1stf,Dilbert,Prancer,0.0,It's a party ( in a bottle),0.0
2026-01-02,0,C02B4U0M71N,U0995LDSXNC,U07GJC6UG1Z,ao-the-ridge,3,1stf,Celler Dweller,Donner,0.0,It's a party ( in a bottle),0.0
2026-01-02,0,C02B4U0M71N,U0995LDSXNC,U0995LDSXNC,ao-the-ridge,3,1stf,Party in a bottle,Dancer,0.0,It's a party ( in a bottle),0.0
2026-01-09,1,C02B4U0M71N,U09U2DZRCU9,U016V6KHM36,ao-the-ridge,3,1stf,Dilly Dilly,Vixen,0.0,Stitch VQ !,0.0
2026-01-09,1,C02B4U0M71N,U09U2DZRCU9,U019MT194E7,ao-the-ridge,3,1stf,Jellystone,Dasher,0.0,Stitch VQ !,0.0
2026-01-09,1,C02B4U0M71N,U09U2DZRCU9,U01ELRMAL7L,ao-the-ridge,3,1stf,Quatro,Vixen,0.0,Stitch VQ !,0.0
2026-01-09,1,C02B4U0M71N,U09U2DZRCU9,U02F2UV0MCL,ao-the-ridge,3,1stf,Blue Gill,Vixen,0.0,Stitch VQ !,0.0
2026-01-09,1,C02B4U0M71N,U09U2DZRCU9,U02H51CJS30,ao-the-ridge,3,1stf,Pull-up,Comet,0.0,Stitch VQ !,0.0
2026-01-09,1,C02B4U0M71N,U09U2DZRCU9,U03EPDEKY4U,ao-the-ridge,3,1stf,Schlitz,Blitzen,0.0,Stitch VQ !,0.0
2026-01-09,1,C02B4U0M71N,U09U2DZRCU9,U040R8S1N6P,ao-the-ridge,3,1stf,Dilbert,Prancer,0.0,Stitch VQ !,0.0
2026-01-09,1,C02B4U0M71N,U09U2DZRCU9,U048GCZ7GBY,ao-the-ridge,3,1stf,Broomstick,Vixen,0.0,Stitch VQ !,0.0
2026-01-09,1,C02B4U0M71N,U09U2DZRCU9,U04H6HMNPH9,ao-the-ridge,3,1stf,Cinderella,Dancer,0.0,Stitch VQ !,0.0
2026-01-09,1,C02B4U0M71N,U09U2DZRCU9,U04RBT6T8RJ,ao-the-ridge,3,1stf,Old Maid,Dasher,0.0,Stitch VQ !,0.0
2026-01-09,1,C02B4U0M71N,U09U2DZRCU9,U057QBF3TPW,ao-the-ridge,3,1stf,Deja vu,NONE,0.0,Stitch VQ !,0.0
2026-01-09,1,C02B4U0M71N,U09U2DZRCU9,U05LL7ESE79,ao-the-ridge,3,1stf,Cutler,Dancer,0.0,Stitch VQ !,0.0
2026-01-09,1,C02B4U0M71N,U09U2DZRCU9,U05QD3D6ZK7,ao-the-ridge,3,1stf,Caboose,Cupid,0.0,Stitch VQ !,0.0
2026-01-09,1,C02B4U0M71N,U09U2DZRCU9,U06A1RN2DQF,ao-the-ridge,3,1stf,Hank Hill,Prancer,0.0,Stitch VQ !,0.0
2026-01-09,1,C02B4U0M71N,U09U2DZRCU9,U07EJ6173S6,ao-the-ridge,3,1stf,Ginga,Vixen,0.0,Stitch VQ !,0.0
2026-01-09,1,C02B4U0M71N,U09U2DZRCU9,U080FGLKUH5,ao-the-ridge,3,1stf,Hodl,Dancer,0.0,Stitch VQ !,0.0
2026-01-09,1,C02B4U0M71N,U09U2DZRCU9,U09U2DZRCU9,ao-the-ridge,3,1stf,Stitch,Vixen,1.0,Stitch VQ !,0.0
2026-01-06,1,C02DNLUQN9Y,U018098KAAC,U018098KAAC,ao-black-diamond,4,1stf,Sparkler,Cupid,0.0,Hard shit sparkler,0.0
2026-01-06,1,C02DNLUQN9Y,U018098KAAC,U02H51CJS30,ao-black-diamond,4,1stf,Pull-up,Comet,0.0,Hard shit sparkler,0.0
2026-01-06,1,C02DNLUQN9Y,U018098KAAC,U02KN9HUSE6,ao-black-diamond,4,1stf,Soft Hands,Cupid,0.0,Hard shit sparkler,0.0
2026-01-06,1,C02DNLUQN9Y,U018098KAAC,U03765UPB8C,ao-black-diamond,4,1stf,Chum Bucket,Donner,0.0,Hard shit sparkler,0.0
2026-01-06,1,C02DNLUQN9Y,U018098KAAC,U03TX17L7AQ,ao-black-diamond,4,1stf,Foreclosure,Rudolph,0.0,Hard shit sparkler,0.0
2026-01-06,1,C02DNLUQN9Y,U018098KAAC,U040R8S1N6P,ao-black-diamond,4,1stf,Dilbert,Prancer,0.0,Hard shit sparkler,0.0
2026-01-06,1,C02DNLUQN9Y,U018098KAAC,U051330RY2J,ao-black-diamond,4,1stf,Depends (3rdF Q),Prancer,0.0,Hard shit sparkler,0.0
2026-01-06,1,C02DNLUQN9Y,U018098KAAC,U05LL7ESE79,ao-black-diamond,4,1stf,Cutler,Dancer,0.0,Hard shit sparkler,0.0
2026-01-06,1,C02DNLUQN9Y,U018098KAAC,U0654SUAQRL,ao-black-diamond,4,1stf,Huggies,Unknown Team,<NA>,Hard shit sparkler,0.0
2026-01-06,1,C02DNLUQN9Y,U018098KAAC,U0672VB7Q3C,ao-black-diamond,4,1stf,Hot Tent,Unknown Team,<NA>,Hard shit sparkler,0.0
2026-01-06,1,C02DNLUQN9Y,U018098KAAC,U073J179LHM,ao-black-diamond,4,1stf,Sizzler,Cupid,0.0,Hard shit sparkler,0.0
2026-01-15,2,C02DNLUQN9Y,U02H51CJS30,U018098KAAC,ao-black-diamond,4,1stf,Sparkler,Cupid,0.0,Pull Up’s 4 Corner Beatdown,0.0
2026-01-15,2,C02DNLUQN9Y,U02H51CJS30,U02H51CJS30,ao-black-diamond,4,1stf,Pull-up,Comet,0.0,Pull Up’s 4 Corner Beatdown,0.0
2026-01-15,2,C02DNLUQN9Y,U02H51CJS30,U03TX17L7AQ,ao-black-diamond,4,1stf,Foreclosure,Rudolph,0.0,Pull Up’s 4 Corner Beatdown,0.0
2026-01-15,2,C02DNLUQN9Y,U02H51CJS30,U048GCZ7GBY,ao-black-diamond,4,1stf,Broomstick,Vixen,0.0,Pull Up’s 4 Corner Beatdown,0.0
2026-01-15,2,C02DNLUQN9Y,U02H51CJS30,U05ULCL3806,ao-black-diamond,4,1stf,Mr. Kotter,Donner,0.0,Pull Up’s 4 Corner Beatdown,0.0
2026-01-15,2,C02DNLUQN9Y,U02H51CJS30,U06K8PKQGA1,ao-black-diamond,4,1stf,Duck Hunt,Cupid,0.0,Pull Up’s 4 Corner Beatdown,0.0
2026-01-15,2,C02DNLUQN9Y,U02H51CJS30,U070NTWF7G8,ao-black-diamond,4,1stf,Foghorn,Dancer,0.0,Pull Up’s 4 Corner Beatdown,0.0
2026-01-15,2,C02DNLUQN9Y,U02H51CJS30,U073J179LHM,ao-black-diamond,4,1stf,Sizzler,Cupid,0.0,Pull Up’s 4 Corner Beatdown,0.0
2026-01-08,1,C02DNLUQN9Y,U03TX17L7AQ,U018098KAAC,ao-black-diamond,4,1stf,Sparkler,Cupid,0.0,Running With Bricks,0.0
2026-01-29,4,C02DNLUQN9Y,U03TX17L7AQ,U018098KAAC,ao-black-diamond,4,1stf,Sparkler,Cupid,0.0,BD Fit Check,0.0
2026-02-10,6,C02DNLUQN9Y,U03TX17L7AQ,U02KN9HUSE6,ao-black-diamond,4,1stf,Soft Hands,Cupid,0.0,Foreclosure on the move at the olympiad,0.0
2026-01-08,1,C02DNLUQN9Y,U03TX17L7AQ,U03TX17L7AQ,ao-black-diamond,4,1stf,Foreclosure,Rudolph,0.0,Running With Bricks,0.0
2026-01-29,4,C02DNLUQN9Y,U03TX17L7AQ,U03TX17L7AQ,ao-black-diamond,4,1stf,Foreclosure,Rudolph,0.0,BD Fit Check,0.0
2026-02-10,6,C02DNLUQN9Y,U03TX17L7AQ,U03TX17L7AQ,ao-black-diamond,4,1stf,Foreclosure,Rudolph,0.0,Foreclosure on the move at the olympiad,0.0
2026-01-08,1,C02DNLUQN9Y,U03TX17L7AQ,U048GCZ7GBY,ao-black-diamond,4,1stf,Broomstick,Vixen,0.0,Running With Bricks,0.0
2026-01-08,1,C02DNLUQN9Y,U03TX17L7AQ,U05LL7ESE79,ao-black-diamond,4,1stf,Cutler,Dancer,0.0,Running With Bricks,0.0
2026-01-08,1,C02DNLUQN9Y,U03TX17L7AQ,U05ULCL3806,ao-black-diamond,4,1stf,Mr. Kotter,Donner,0.0,Running With Bricks,0.0
2026-01-29,4,C02DNLUQN9Y,U03TX17L7AQ,U05ULCL3806,ao-black-diamond,4,1stf,Mr. Kotter,Donner,0.0,BD Fit Check,0.0
2026-02-10,6,C02DNLUQN9Y,U03TX17L7AQ,U05ULCL3806,ao-black-diamond,4,1stf,Mr. Kotter,Donner,0.0,Foreclosure on the move at the olympiad,0.0
2026-01-29,4,C02DNLUQN9Y,U03TX17L7AQ,U06A1RN2DQF,ao-black-diamond,4,1stf,Hank Hill,Prancer,0.0,BD Fit Check,0.0
2026-01-08,1,C02DNLUQN9Y,U03TX17L7AQ,U06K8PKQGA1,ao-black-diamond,4,1stf,Duck Hunt,Cupid,0.0,Running With Bricks,0.0
2026-02-10,6,C02DNLUQN9Y,U03TX17L7AQ,U073J179LHM,ao-black-diamond,4,1stf,Sizzler,Cupid,0.0,Foreclosure on the move at the olympiad,0.0
2026-02-10,6,C02DNLUQN9Y,U03TX17L7AQ,U098XEDSKJN,ao-black-diamond,4,1stf,Liberty Biberty,Prancer,0.0,Foreclosure on the move at the olympiad,0.0
2026-02-05,5,C02DNLUQN9Y,U048CPRR342,U048CPRR342,ao-black-diamond,4,1stf,Hot for Teacher,Unknown Team,<NA>,Hot For Teacher Farmer Carry Extravaganza,0.0
2026-02-05,5,C02DNLUQN9Y,U048CPRR342,U048GCZ7GBY,ao-black-diamond,4,1stf,Broomstick,Vixen,0.0,Hot For Teacher Farmer Carry Extravaganza,0.0
2026-02-05,5,C02DNLUQN9Y,U048CPRR342,U05LL7ESE79,ao-black-diamond,4,1stf,Cutler,Dancer,0.0,Hot For Teacher Farmer Carry Extravaganza,0.0
2026-02-05,5,C02DNLUQN9Y,U048CPRR342,U05QJRZNQHH,ao-black-diamond,4,1stf,Corner Kick,Donner,0.0,Hot For Teacher Farmer Carry Extravaganza,0.0
2026-02-05,5,C02DNLUQN9Y,U048CPRR342,U05ULCL3806,ao-black-diamond,4,1stf,Mr. Kotter,Donner,0.0,Hot For Teacher Farmer Carry Extravaganza,0.0
2026-02-05,5,C02DNLUQN9Y,U048CPRR342,U073J179LHM,ao-black-diamond,4,1stf,Sizzler,Cupid,0.0,Hot For Teacher Farmer Carry Extravaganza,0.0
2026-01-22,3,C02DNLUQN9Y,U05ULCL3806,U018098KAAC,ao-black-diamond,4,1stf,Sparkler,Cupid,0.0,Leg Day by Mr Kotter,0.0
2026-01-22,3,C02DNLUQN9Y,U05ULCL3806,U02H51CJS30,ao-black-diamond,4,1stf,Pull-up,Comet,0.0,Leg Day by Mr Kotter,0.0
2026-01-22,3,C02DNLUQN9Y,U05ULCL3806,U03TX17L7AQ,ao-black-diamond,4,1stf,Foreclosure,Rudolph,0.0,Leg Day by Mr Kotter,0.0
2026-01-22,3,C02DNLUQN9Y,U05ULCL3806,U048GCZ7GBY,ao-black-diamond,4,1stf,Broomstick,Vixen,0.0,Leg Day by Mr Kotter,0.0
2026-01-22,3,C02DNLUQN9Y,U05ULCL3806,U05LL7ESE79,ao-black-diamond,4,1stf,Cutler,Dancer,0.0,Leg Day by Mr Kotter,0.0
2026-01-22,3,C02DNLUQN9Y,U05ULCL3806,U05QJRZNQHH,ao-black-diamond,4,1stf,Corner Kick,Donner,0.0,Leg Day by Mr Kotter,0.0
2026-01-22,3,C02DNLUQN9Y,U05ULCL3806,U05ULCL3806,ao-black-diamond,4,1stf,Mr. Kotter,Donner,0.0,Leg Day by Mr Kotter,0.0
2026-01-22,3,C02DNLUQN9Y,U05ULCL3806,U070NTWF7G8,ao-black-diamond,4,1stf,Foghorn,Dancer,0.0,Leg Day by Mr Kotter,0.0
2026-01-01,0,C02DNLUQN9Y,U070NTWF7G8,U018098KAAC,ao-black-diamond,4,1stf,Sparkler,Cupid,0.0,Foghorn Brings In 2026,0.0
2026-01-01,0,C02DNLUQN9Y,U070NTWF7G8,U048GCZ7GBY,ao-black-diamond,4,1stf,Broomstick,Vixen,0.0,Foghorn Brings In 2026,0.0
2026-01-01,0,C02DNLUQN9Y,U070NTWF7G8,U06K8PKQGA1,ao-black-diamond,4,1stf,Duck Hunt,Cupid,0.0,Foghorn Brings In 2026,0.0
2026-01-01,0,C02DNLUQN9Y,U070NTWF7G8,U070NTWF7G8,ao-black-diamond,4,1stf,Foghorn,Dancer,0.0,Foghorn Brings In 2026,0.0
2026-01-20,3,C02DNLUQN9Y,U071GSVM24B,U016V6KHM36,ao-black-diamond,4,1stf,Dilly Dilly,Vixen,0.0,Spit valve run club,0.0
2026-01-20,3,C02DNLUQN9Y,U071GSVM24B,U02A96W697X,ao-black-diamond,4,1stf,Dauber,Comet,0.0,Spit valve run club,0.0
2026-01-27,4,C02DNLUQN9Y,U071GSVM24B,U02A96W697X,ao-black-diamond,4,1stf,Dauber,Comet,0.0,Spit valve run club,0.0
2026-01-20,3,C02DNLUQN9Y,U071GSVM24B,U03765UPB8C,ao-black-diamond,4,1stf,Chum Bucket,Donner,0.0,Spit valve run club,0.0
2026-01-20,3,C02DNLUQN9Y,U071GSVM24B,U05ULCL3806,ao-black-diamond,4,1stf,Mr. Kotter,Donner,0.0,Spit valve run club,0.0
2026-01-20,3,C02DNLUQN9Y,U071GSVM24B,U06H3QB4KMY,ao-black-diamond,4,1stf,Mahomes,Comet,0.0,Spit valve run club,0.0
2026-01-20,3,C02DNLUQN9Y,U071GSVM24B,U071GSVM24B,ao-black-diamond,4,1stf,Spit Valve,Prancer,0.0,Spit valve run club,0.0
2026-01-27,4,C02DNLUQN9Y,U071GSVM24B,U071GSVM24B,ao-black-diamond,4,1stf,Spit Valve,Prancer,0.0,Spit valve run club,0.0
2026-01-20,3,C02DNLUQN9Y,U071GSVM24B,U073J179LHM,ao-black-diamond,4,1stf,Sizzler,Cupid,0.0,Spit valve run club,0.0
2026-01-27,4,C02DNLUQN9Y,U071GSVM24B,U073J179LHM,ao-black-diamond,4,1stf,Sizzler,Cupid,0.0,Spit valve run club,0.0
2026-01-27,4,C02DNLUQN9Y,U071GSVM24B,U07RD0ACG80,ao-black-diamond,4,1stf,Nemo,Prancer,0.0,Spit valve run club,0.0
2026-01-20,3,C02DNLUQN9Y,U071GSVM24B,U080FGLKUH5,ao-black-diamond,4,1stf,Hodl,Dancer,0.0,Spit valve run club,0.0
2026-01-13,2,C02DNLUQN9Y,U075J9NN91N,U02H51CJS30,ao-black-diamond,4,1stf,Pull-up,Comet,0.0,Poptart lift club,0.0
2026-01-13,2,C02DNLUQN9Y,U075J9NN91N,U03765UPB8C,ao-black-diamond,4,1stf,Chum Bucket,Donner,0.0,Poptart lift club,0.0
2026-01-13,2,C02DNLUQN9Y,U075J9NN91N,U04RBT6T8RJ,ao-black-diamond,4,1stf,Old Maid,Dasher,0.0,Poptart lift club,0.0
2026-01-13,2,C02DNLUQN9Y,U075J9NN91N,U05LL7ESE79,ao-black-diamond,4,1stf,Cutler,Dancer,0.0,Poptart lift club,0.0
2026-01-13,2,C02DNLUQN9Y,U075J9NN91N,U05ULCL3806,ao-black-diamond,4,1stf,Mr. Kotter,Donner,0.0,Poptart lift club,0.0
2026-01-13,2,C02DNLUQN9Y,U075J9NN91N,U06A1RN2DQF,ao-black-diamond,4,1stf,Hank Hill,Prancer,0.0,Poptart lift club,0.0
2026-01-13,2,C02DNLUQN9Y,U075J9NN91N,U073J179LHM,ao-black-diamond,4,1stf,Sizzler,Cupid,0.0,Poptart lift club,0.0
2026-01-13,2,C02DNLUQN9Y,U075J9NN91N,U075J9NN91N,ao-black-diamond,4,1stf,Pop-Tart,Dancer,0.0,Poptart lift club,0.0
2026-01-13,2,C02DNLUQN9Y,U075J9NN91N,U07GJC6UG1Z,ao-black-diamond,4,1stf,Celler Dweller,Donner,0.0,Poptart lift club,0.0
2026-01-13,2,C02DNLUQN9Y,U075J9NN91N,U08EEQUUKSN,ao-black-diamond,4,1stf,Elsa,NONE,0.0,Poptart lift club,0.0
2026-01-13,2,C02DNLUQN9Y,U075J9NN91N,U0995LDSXNC,ao-black-diamond,4,1stf,Party in a bottle,Dancer,0.0,Poptart lift club,0.0
2026-02-03,5,C02DNLUQN9Y,U08EEQUUKSN,U02H51CJS30,ao-black-diamond,4,1stf,Pull-up,Comet,0.0,Elsa VQ,0.0
2026-02-03,5,C02DNLUQN9Y,U08EEQUUKSN,U03EPDEKY4U,ao-black-diamond,4,1stf,Schlitz,Blitzen,0.0,Elsa VQ,0.0
2026-02-03,5,C02DNLUQN9Y,U08EEQUUKSN,U047GFQH4HL,ao-black-diamond,4,1stf,Bronco,Unknown Team,<NA>,Elsa VQ,0.0
2026-02-03,5,C02DNLUQN9Y,U08EEQUUKSN,U04RBT6T8RJ,ao-black-diamond,4,1stf,Old Maid,Dasher,0.0,Elsa VQ,0.0
2026-02-03,5,C02DNLUQN9Y,U08EEQUUKSN,U05ULCL3806,ao-black-diamond,4,1stf,Mr. Kotter,Donner,0.0,Elsa VQ,0.0
2026-02-03,5,C02DNLUQN9Y,U08EEQUUKSN,U06A1RN2DQF,ao-black-diamond,4,1stf,Hank Hill,Prancer,0.0,Elsa VQ,0.0
2026-02-03,5,C02DNLUQN9Y,U08EEQUUKSN,U073J179LHM,ao-black-diamond,4,1stf,Sizzler,Cupid,0.0,Elsa VQ,0.0
2026-02-03,5,C02DNLUQN9Y,U08EEQUUKSN,U075J9NN91N,ao-black-diamond,4,1stf,Pop-Tart,Dancer,0.0,Elsa VQ,0.0
2026-02-03,5,C02DNLUQN9Y,U08EEQUUKSN,U080FGLKUH5,ao-black-diamond,4,1stf,Hodl,Dancer,0.0,Elsa VQ,0.0
2026-02-03,5,C02DNLUQN9Y,U08EEQUUKSN,U08EEQUUKSN,ao-black-diamond,4,1stf,Elsa,NONE,0.0,Elsa VQ,0.0
2026-02-03,5,C02DNLUQN9Y,U08EEQUUKSN,U098XEDSKJN,ao-black-diamond,4,1stf,Liberty Biberty,Prancer,0.0,Elsa VQ,0.0
2026-01-10,1,C0329PXMA6T,U017Q7Q4CSD,U017Q7Q4CSD,ao-da-grizz,3,1stf,Ozark,Dancer,0.0,I like big bells and I cannot lie,0.0
2026-01-23,3,C0329PXMA6T,U017Q7Q4CSD,U017Q7Q4CSD,ao-da-grizz,3,1stf,Ozark,Dancer,0.0,No Ozark Shorts today ❄️,0.0
2026-01-10,1,C0329PXMA6T,U017Q7Q4CSD,U03EPDEKY4U,ao-da-grizz,3,1stf,Schlitz,Blitzen,0.0,I like big bells and I cannot lie,0.0
2026-01-23,3,C0329PXMA6T,U017Q7Q4CSD,U03KV19V5JS,ao-da-grizz,3,1stf,Cowbell,Rudolph,0.0,No Ozark Shorts today ❄️,0.0
2026-01-10,1,C0329PXMA6T,U017Q7Q4CSD,U056VUVJ63D,ao-da-grizz,3,1stf,Napster,Rudolph,0.0,I like big bells and I cannot lie,0.0
2026-01-10,1,C0329PXMA6T,U017Q7Q4CSD,U06A1RN2DQF,ao-da-grizz,3,1stf,Hank Hill,Prancer,0.0,I like big bells and I cannot lie,0.0
2026-01-10,1,C0329PXMA6T,U017Q7Q4CSD,U06GZ8ECZC5,ao-da-grizz,3,1stf,Boomer,Prancer,0.0,I like big bells and I cannot lie,0.0
2026-01-23,3,C0329PXMA6T,U017Q7Q4CSD,U06GZ8ECZC5,ao-da-grizz,3,1stf,Boomer,Prancer,0.0,No Ozark Shorts today ❄️,0.0
2026-01-10,1,C0329PXMA6T,U017Q7Q4CSD,U06J46ZTPEZ,ao-da-grizz,3,1stf,Folgers,Rudolph,0.0,I like big bells and I cannot lie,0.0
2026-01-10,1,C0329PXMA6T,U017Q7Q4CSD,U06K8PKQGA1,ao-da-grizz,3,1stf,Duck Hunt,Cupid,0.0,I like big bells and I cannot lie,0.0
2026-01-23,3,C0329PXMA6T,U017Q7Q4CSD,U06K8PKQGA1,ao-da-grizz,3,1stf,Duck Hunt,Cupid,0.0,No Ozark Shorts today ❄️,0.0
2026-01-10,1,C0329PXMA6T,U017Q7Q4CSD,U080FGLKUH5,ao-da-grizz,3,1stf,Hodl,Dancer,0.0,I like big bells and I cannot lie,0.0
2026-01-10,1,C0329PXMA6T,U017Q7Q4CSD,U09AH747KEF,ao-da-grizz,3,1stf,Italian Ice,Rudolph,0.0,I like big bells and I cannot lie,0.0
2026-01-10,1,C0329PXMA6T,U017Q7Q4CSD,U09BBJ81140,ao-da-grizz,3,1stf,Slapshot,Rudolph,0.0,I like big bells and I cannot lie,0.0
2026-01-24,3,C0329PXMA6T,U019MT194E7,U019MT194E7,ao-da-grizz,3,1stf,Jellystone,Dasher,0.0,"""Hey Boo Boo, it's -25 degrees time for a Ruck to ...",0.0
2026-01-24,3,C0329PXMA6T,U019MT194E7,U03KV19V5JS,ao-da-grizz,3,1stf,Cowbell,Rudolph,0.0,"""Hey Boo Boo, it's -25 degrees time for a Ruck to ...",0.0
2026-01-24,3,C0329PXMA6T,U019MT194E7,U041R4GK79V,ao-da-grizz,3,1stf,fuzzy navel,Donner,0.0,"""Hey Boo Boo, it's -25 degrees time for a Ruck to ...",0.0
2026-01-24,3,C0329PXMA6T,U019MT194E7,U051330RY2J,ao-da-grizz,3,1stf,Depends (3rdF Q),Prancer,0.0,"""Hey Boo Boo, it's -25 degrees time for a Ruck to ...",0.0
2026-01-24,3,C0329PXMA6T,U019MT194E7,U06GZ8ECZC5,ao-da-grizz,3,1stf,Boomer,Prancer,0.0,"""Hey Boo Boo, it's -25 degrees time for a Ruck to ...",0.0
2026-01-24,3,C0329PXMA6T,U019MT194E7,U06J46ZTPEZ,ao-da-grizz,3,1stf,Folgers,Rudolph,0.0,"""Hey Boo Boo, it's -25 degrees time for a Ruck to ...",0.0
2026-01-24,3,C0329PXMA6T,U019MT194E7,U09EZ6NN6HH,ao-da-grizz,3,1stf,Thesaurus,Dancer,0.0,"""Hey Boo Boo, it's -25 degrees time for a Ruck to ...",0.0
2026-01-31,4,C0329PXMA6T,U03KV19V5JS,U017Q7Q4CSD,ao-da-grizz,3,1stf,Ozark,Dancer,0.0,DING DING!,0.0
2026-01-03,0,C0329PXMA6T,U03KV19V5JS,U020A3PMS14,ao-da-grizz,3,1stf,Ringo,Rudolph,0.0,Gotta have more cowbell,2.97
2026-01-03,0,C0329PXMA6T,U03KV19V5JS,U03KV19V5JS,ao-da-grizz,3,1stf,Cowbell,Rudolph,0.0,Gotta have more cowbell,2.97
2026-01-31,4,C0329PXMA6T,U03KV19V5JS,U03KV19V5JS,ao-da-grizz,3,1stf,Cowbell,Rudolph,0.0,DING DING!,0.0
2026-01-03,0,C0329PXMA6T,U03KV19V5JS,U041R4GK79V,ao-da-grizz,3,1stf,fuzzy navel,Donner,0.0,Gotta have more cowbell,2.97
2026-01-31,4,C0329PXMA6T,U03KV19V5JS,U041R4GK79V,ao-da-grizz,3,1stf,fuzzy navel,Donner,0.0,DING DING!,0.0
2026-01-31,4,C0329PXMA6T,U03KV19V5JS,U05LL7ESE79,ao-da-grizz,3,1stf,Cutler,Dancer,0.0,DING DING!,0.0
2026-01-03,0,C0329PXMA6T,U03KV19V5JS,U06A1RN2DQF,ao-da-grizz,3,1stf,Hank Hill,Prancer,0.0,Gotta have more cowbell,2.97
2026-01-31,4,C0329PXMA6T,U03KV19V5JS,U06A1RN2DQF,ao-da-grizz,3,1stf,Hank Hill,Prancer,0.0,DING DING!,0.0
2026-01-03,0,C0329PXMA6T,U03KV19V5JS,U06GZ8ECZC5,ao-da-grizz,3,1stf,Boomer,Prancer,0.0,Gotta have more cowbell,2.97
2026-01-31,4,C0329PXMA6T,U03KV19V5JS,U06GZ8ECZC5,ao-da-grizz,3,1stf,Boomer,Prancer,0.0,DING DING!,0.0
2026-01-03,0,C0329PXMA6T,U03KV19V5JS,U06J46ZTPEZ,ao-da-grizz,3,1stf,Folgers,Rudolph,0.0,Gotta have more cowbell,2.97
2026-01-31,4,C0329PXMA6T,U03KV19V5JS,U06J46ZTPEZ,ao-da-grizz,3,1stf,Folgers,Rudolph,0.0,DING DING!,0.0
2026-01-03,0,C0329PXMA6T,U03KV19V5JS,U06K8PKQGA1,ao-da-grizz,3,1stf,Duck Hunt,Cupid,0.0,Gotta have more cowbell,2.97
2026-01-31,4,C0329PXMA6T,U03KV19V5JS,U06K8PKQGA1,ao-da-grizz,3,1stf,Duck Hunt,Cupid,0.0,DING DING!,0.0
2026-01-31,4,C0329PXMA6T,U03KV19V5JS,U075J9NN91N,ao-da-grizz,3,1stf,Pop-Tart,Dancer,0.0,DING DING!,0.0
2026-01-03,0,C0329PXMA6T,U03KV19V5JS,U09AH747KEF,ao-da-grizz,3,1stf,Italian Ice,Rudolph,0.0,Gotta have more cowbell,2.97
2026-01-31,4,C0329PXMA6T,U03KV19V5JS,U09AH747KEF,ao-da-grizz,3,1stf,Italian Ice,Rudolph,0.0,DING DING!,0.0
2026-01-03,0,C0329PXMA6T,U03KV19V5JS,U09EZ6NN6HH,ao-da-grizz,3,1stf,Thesaurus,Dancer,0.0,Gotta have more cowbell,2.97
2026-01-31,4,C0329PXMA6T,U03KV19V5JS,U09EZ6NN6HH,ao-da-grizz,3,1stf,Thesaurus,Dancer,0.0,DING DING!,0.0
2026-01-03,0,C0329PXMA6T,U03T43SBJNA,U0194BS66MQ,ao-da-grizz,3,1stf,Binford,NONE,0.0,Homer's Cliffhanger Ruck,0.0
2026-01-03,0,C0329PXMA6T,U03T43SBJNA,U020A3PMS14,ao-da-grizz,3,1stf,Ringo,Rudolph,0.0,Homer's Cliffhanger Ruck,0.0
2026-01-03,0,C0329PXMA6T,U03T43SBJNA,U03KV19V5JS,ao-da-grizz,3,1stf,Cowbell,Rudolph,0.0,Homer's Cliffhanger Ruck,0.0
2026-01-03,0,C0329PXMA6T,U03T43SBJNA,U03T43SBJNA,ao-da-grizz,3,1stf,Homer Simpson,Rudolph,0.0,Homer's Cliffhanger Ruck,0.0
2026-01-03,0,C0329PXMA6T,U03T43SBJNA,U041R4GK79V,ao-da-grizz,3,1stf,fuzzy navel,Donner,0.0,Homer's Cliffhanger Ruck,0.0
2026-01-03,0,C0329PXMA6T,U03T43SBJNA,U041T99TNTC,ao-da-grizz,3,1stf,YellowPages,Prancer,0.0,Homer's Cliffhanger Ruck,0.0
2026-01-03,0,C0329PXMA6T,U03T43SBJNA,U056VUVJ63D,ao-da-grizz,3,1stf,Napster,Rudolph,0.0,Homer's Cliffhanger Ruck,0.0
2026-01-03,0,C0329PXMA6T,U03T43SBJNA,U06GZ8ECZC5,ao-da-grizz,3,1stf,Boomer,Prancer,0.0,Homer's Cliffhanger Ruck,0.0
2026-01-03,0,C0329PXMA6T,U03T43SBJNA,U06J46ZTPEZ,ao-da-grizz,3,1stf,Folgers,Rudolph,0.0,Homer's Cliffhanger Ruck,0.0
2026-01-03,0,C0329PXMA6T,U03T43SBJNA,U06K8PKQGA1,ao-da-grizz,3,1stf,Duck Hunt,Cupid,0.0,Homer's Cliffhanger Ruck,0.0
2026-01-03,0,C0329PXMA6T,U03T43SBJNA,U07UKT9J213,ao-da-grizz,3,1stf,Large Marge,Donner,0.0,Homer's Cliffhanger Ruck,0.0
2026-01-03,0,C0329PXMA6T,U03T43SBJNA,U081JKWAR33,ao-da-grizz,3,1stf,Sailer Moon,Blitzen,0.0,Homer's Cliffhanger Ruck,0.0
2026-01-03,0,C0329PXMA6T,U03T43SBJNA,U090GAA7QE6,ao-da-grizz,3,1stf,Laces Out,Cupid,0.0,Homer's Cliffhanger Ruck,0.0
2026-01-03,0,C0329PXMA6T,U03T43SBJNA,U09AH747KEF,ao-da-grizz,3,1stf,Italian Ice,Rudolph,0.0,Homer's Cliffhanger Ruck,0.0
2026-01-03,0,C0329PXMA6T,U03T43SBJNA,U09EZ6NN6HH,ao-da-grizz,3,1stf,Thesaurus,Dancer,0.0,Homer's Cliffhanger Ruck,0.0
2026-02-06,5,C0329PXMA6T,U041T99TNTC,U020A3PMS14,ao-da-grizz,3,1stf,Ringo,Rudolph,0.0,Yellow Snow,0.0
2026-01-09,1,C0329PXMA6T,U041T99TNTC,U03KV19V5JS,ao-da-grizz,3,1stf,Cowbell,Rudolph,0.0,EMOM,0.0
2026-02-06,5,C0329PXMA6T,U041T99TNTC,U03KV19V5JS,ao-da-grizz,3,1stf,Cowbell,Rudolph,0.0,Yellow Snow,0.0
2026-01-09,1,C0329PXMA6T,U041T99TNTC,U041T99TNTC,ao-da-grizz,3,1stf,YellowPages,Prancer,0.0,EMOM,0.0
2026-02-06,5,C0329PXMA6T,U041T99TNTC,U041T99TNTC,ao-da-grizz,3,1stf,YellowPages,Prancer,0.0,Yellow Snow,0.0
2026-02-06,5,C0329PXMA6T,U041T99TNTC,U06A1RN2DQF,ao-da-grizz,3,1stf,Hank Hill,Prancer,0.0,Yellow Snow,0.0
2026-01-09,1,C0329PXMA6T,U041T99TNTC,U06GZ8ECZC5,ao-da-grizz,3,1stf,Boomer,Prancer,0.0,EMOM,0.0
2026-02-06,5,C0329PXMA6T,U041T99TNTC,U06GZ8ECZC5,ao-da-grizz,3,1stf,Boomer,Prancer,0.0,Yellow Snow,0.0
2026-01-09,1,C0329PXMA6T,U041T99TNTC,U06K8PKQGA1,ao-da-grizz,3,1stf,Duck Hunt,Cupid,0.0,EMOM,0.0
2026-02-06,5,C0329PXMA6T,U041T99TNTC,U06K8PKQGA1,ao-da-grizz,3,1stf,Duck Hunt,Cupid,0.0,Yellow Snow,0.0
2026-01-09,1,C0329PXMA6T,U041T99TNTC,U09EZ6NN6HH,ao-da-grizz,3,1stf,Thesaurus,Dancer,0.0,EMOM,0.0
2026-01-30,4,C0329PXMA6T,U04RQB0TXFS,U017Q7Q4CSD,ao-da-grizz,3,1stf,Ozark,Dancer,0.0,Hot Lava vs the Artic Grizz,0.0
2026-01-30,4,C0329PXMA6T,U04RQB0TXFS,U03KV19V5JS,ao-da-grizz,3,1stf,Cowbell,Rudolph,0.0,Hot Lava vs the Artic Grizz,0.0
2026-01-30,4,C0329PXMA6T,U04RQB0TXFS,U03SX99V3PU,ao-da-grizz,3,1stf,Meta,Comet,0.0,Hot Lava vs the Artic Grizz,0.0
2026-01-30,4,C0329PXMA6T,U04RQB0TXFS,U04RQB0TXFS,ao-da-grizz,3,1stf,Hot Lava,Comet,0.0,Hot Lava vs the Artic Grizz,0.0
2026-01-30,4,C0329PXMA6T,U04RQB0TXFS,U06GZ8ECZC5,ao-da-grizz,3,1stf,Boomer,Prancer,0.0,Hot Lava vs the Artic Grizz,0.0
2026-01-30,4,C0329PXMA6T,U04RQB0TXFS,U06K8PKQGA1,ao-da-grizz,3,1stf,Duck Hunt,Cupid,0.0,Hot Lava vs the Artic Grizz,0.0
2026-01-31,4,C0329PXMA6T,U064F9H5MAR,U041R4GK79V,ao-da-grizz,3,1stf,fuzzy navel,Donner,0.0,Polar Ruck Club,0.0
2026-01-31,4,C0329PXMA6T,U064F9H5MAR,U056VUVJ63D,ao-da-grizz,3,1stf,Napster,Rudolph,0.0,Polar Ruck Club,0.0
2026-01-31,4,C0329PXMA6T,U064F9H5MAR,U064F9H5MAR,ao-da-grizz,3,1stf,Dog House,Dasher,0.0,Polar Ruck Club,0.0
2026-01-31,4,C0329PXMA6T,U064F9H5MAR,U06GZ8ECZC5,ao-da-grizz,3,1stf,Boomer,Prancer,0.0,Polar Ruck Club,0.0
2026-01-31,4,C0329PXMA6T,U064F9H5MAR,U06J46ZTPEZ,ao-da-grizz,3,1stf,Folgers,Rudolph,0.0,Polar Ruck Club,0.0
2026-01-31,4,C0329PXMA6T,U064F9H5MAR,U06K8PKQGA1,ao-da-grizz,3,1stf,Duck Hunt,Cupid,0.0,Polar Ruck Club,0.0
2026-01-31,4,C0329PXMA6T,U064F9H5MAR,U075J9NN91N,ao-da-grizz,3,1stf,Pop-Tart,Dancer,0.0,Polar Ruck Club,0.0
2026-01-31,4,C0329PXMA6T,U064F9H5MAR,U090GAA7QE6,ao-da-grizz,3,1stf,Laces Out,Cupid,0.0,Polar Ruck Club,0.0
2026-01-31,4,C0329PXMA6T,U064F9H5MAR,U09AH747KEF,ao-da-grizz,3,1stf,Italian Ice,Rudolph,0.0,Polar Ruck Club,0.0
2026-01-31,4,C0329PXMA6T,U064F9H5MAR,U09EZ6NN6HH,ao-da-grizz,3,1stf,Thesaurus,Dancer,0.0,Polar Ruck Club,0.0
2026-01-02,0,C0329PXMA6T,U06A1RN2DQF,U017Q7Q4CSD,ao-da-grizz,3,1stf,Ozark,Dancer,0.0,11x2xHank Hill,0.0
2026-01-02,0,C0329PXMA6T,U06A1RN2DQF,U03KV19V5JS,ao-da-grizz,3,1stf,Cowbell,Rudolph,0.0,11x2xHank Hill,0.0
2026-01-02,0,C0329PXMA6T,U06A1RN2DQF,U041T99TNTC,ao-da-grizz,3,1stf,YellowPages,Prancer,0.0,11x2xHank Hill,0.0
2026-01-02,0,C0329PXMA6T,U06A1RN2DQF,U06A1RN2DQF,ao-da-grizz,3,1stf,Hank Hill,Prancer,0.0,11x2xHank Hill,0.0
2026-01-02,0,C0329PXMA6T,U06A1RN2DQF,U06GZ8ECZC5,ao-da-grizz,3,1stf,Boomer,Prancer,0.0,11x2xHank Hill,0.0
2026-01-02,0,C0329PXMA6T,U06A1RN2DQF,U06K8PKQGA1,ao-da-grizz,3,1stf,Duck Hunt,Cupid,0.0,11x2xHank Hill,0.0
2026-01-02,0,C0329PXMA6T,U06A1RN2DQF,U077RQMTNG3,ao-da-grizz,3,1stf,Celine Dion,Rudolph,0.0,11x2xHank Hill,0.0
2026-01-02,0,C0329PXMA6T,U06A1RN2DQF,U09AH747KEF,ao-da-grizz,3,1stf,Italian Ice,Rudolph,0.0,11x2xHank Hill,0.0
2026-01-02,0,C0329PXMA6T,U06A1RN2DQF,U09BBJ81140,ao-da-grizz,3,1stf,Slapshot,Rudolph,0.0,11x2xHank Hill,0.0
2026-01-17,2,C0329PXMA6T,U06GZ8ECZC5,U03EPDEKY4U,ao-da-grizz,3,1stf,Schlitz,Blitzen,0.0,Windchill and Mumblechatter,0.0
2026-01-17,2,C0329PXMA6T,U06GZ8ECZC5,U041R4GK79V,ao-da-grizz,3,1stf,fuzzy navel,Donner,0.0,Windchill and Mumblechatter,0.0
2026-02-07,5,C0329PXMA6T,U06GZ8ECZC5,U041T99TNTC,ao-da-grizz,3,1stf,YellowPages,Prancer,0.0,Boomers Mosey Ruck,0.0
2026-01-17,2,C0329PXMA6T,U06GZ8ECZC5,U05ULCL3806,ao-da-grizz,3,1stf,Mr. Kotter,Donner,0.0,Windchill and Mumblechatter,0.0
2026-01-17,2,C0329PXMA6T,U06GZ8ECZC5,U06GZ8ECZC5,ao-da-grizz,3,1stf,Boomer,Prancer,0.0,Windchill and Mumblechatter,0.0
2026-02-07,5,C0329PXMA6T,U06GZ8ECZC5,U06GZ8ECZC5,ao-da-grizz,3,1stf,Boomer,Prancer,0.0,Boomers Mosey Ruck,0.0
2026-01-17,2,C0329PXMA6T,U06GZ8ECZC5,U06J46ZTPEZ,ao-da-grizz,3,1stf,Folgers,Rudolph,0.0,Windchill and Mumblechatter,0.0
2026-01-17,2,C0329PXMA6T,U06GZ8ECZC5,U06K8PKQGA1,ao-da-grizz,3,1stf,Duck Hunt,Cupid,0.0,Windchill and Mumblechatter,0.0
2026-01-17,2,C0329PXMA6T,U06GZ8ECZC5,U081JKWAR33,ao-da-grizz,3,1stf,Sailer Moon,Blitzen,0.0,Windchill and Mumblechatter,0.0
2026-02-07,5,C0329PXMA6T,U06GZ8ECZC5,U081JKWAR33,ao-da-grizz,3,1stf,Sailer Moon,Blitzen,0.0,Boomers Mosey Ruck,0.0
2026-01-17,2,C0329PXMA6T,U06GZ8ECZC5,U081S4SDQEB,ao-da-grizz,3,1stf,HGTV,Donner,0.0,Windchill and Mumblechatter,0.0
2026-02-07,5,C0329PXMA6T,U06GZ8ECZC5,U081S4SDQEB,ao-da-grizz,3,1stf,HGTV,Donner,0.0,Boomers Mosey Ruck,0.0
2026-02-07,5,C0329PXMA6T,U06GZ8ECZC5,U090GAA7QE6,ao-da-grizz,3,1stf,Laces Out,Cupid,0.0,Boomers Mosey Ruck,0.0
2026-01-17,2,C0329PXMA6T,U06GZ8ECZC5,U09BBJ81140,ao-da-grizz,3,1stf,Slapshot,Rudolph,0.0,Windchill and Mumblechatter,0.0
2026-01-16,2,C0329PXMA6T,U077RQMTNG3,U017Q7Q4CSD,ao-da-grizz,3,1stf,Ozark,Dancer,0.0,Against the odds,0.0
2026-01-16,2,C0329PXMA6T,U077RQMTNG3,U020A3PMS14,ao-da-grizz,3,1stf,Ringo,Rudolph,0.0,Against the odds,0.0
2026-01-16,2,C0329PXMA6T,U077RQMTNG3,U03KV19V5JS,ao-da-grizz,3,1stf,Cowbell,Rudolph,0.0,Against the odds,0.0
2026-01-16,2,C0329PXMA6T,U077RQMTNG3,U041T99TNTC,ao-da-grizz,3,1stf,YellowPages,Prancer,0.0,Against the odds,0.0
2026-01-16,2,C0329PXMA6T,U077RQMTNG3,U06A1RN2DQF,ao-da-grizz,3,1stf,Hank Hill,Prancer,0.0,Against the odds,0.0
2026-01-16,2,C0329PXMA6T,U077RQMTNG3,U06GZ8ECZC5,ao-da-grizz,3,1stf,Boomer,Prancer,0.0,Against the odds,0.0
2026-01-16,2,C0329PXMA6T,U077RQMTNG3,U06K8PKQGA1,ao-da-grizz,3,1stf,Duck Hunt,Cupid,0.0,Against the odds,0.0
2026-01-16,2,C0329PXMA6T,U077RQMTNG3,U077RQMTNG3,ao-da-grizz,3,1stf,Celine Dion,Rudolph,0.0,Against the odds,0.0
2026-01-10,1,C0329PXMA6T,U090GAA7QE6,U03EPDEKY4U,ao-da-grizz,3,1stf,Schlitz,Blitzen,0.0,"""Lacing"" thru the Hills of Lockport",0.0
2026-01-10,1,C0329PXMA6T,U090GAA7QE6,U041R4GK79V,ao-da-grizz,3,1stf,fuzzy navel,Donner,0.0,"""Lacing"" thru the Hills of Lockport",0.0
2026-01-10,1,C0329PXMA6T,U090GAA7QE6,U041T99TNTC,ao-da-grizz,3,1stf,YellowPages,Prancer,0.0,"""Lacing"" thru the Hills of Lockport",0.0
2026-01-10,1,C0329PXMA6T,U090GAA7QE6,U041T9ACB3L,ao-da-grizz,3,1stf,UPS,Dasher,0.0,"""Lacing"" thru the Hills of Lockport",0.0
2026-01-10,1,C0329PXMA6T,U090GAA7QE6,U06A1RN2DQF,ao-da-grizz,3,1stf,Hank Hill,Prancer,0.0,"""Lacing"" thru the Hills of Lockport",0.0
2026-01-10,1,C0329PXMA6T,U090GAA7QE6,U06GZ8ECZC5,ao-da-grizz,3,1stf,Boomer,Prancer,0.0,"""Lacing"" thru the Hills of Lockport",0.0
2026-01-10,1,C0329PXMA6T,U090GAA7QE6,U06J46ZTPEZ,ao-da-grizz,3,1stf,Folgers,Rudolph,0.0,"""Lacing"" thru the Hills of Lockport",0.0
2026-01-10,1,C0329PXMA6T,U090GAA7QE6,U06K8PKQGA1,ao-da-grizz,3,1stf,Duck Hunt,Cupid,0.0,"""Lacing"" thru the Hills of Lockport",0.0
2026-01-10,1,C0329PXMA6T,U090GAA7QE6,U080FGLKUH5,ao-da-grizz,3,1stf,Hodl,Dancer,0.0,"""Lacing"" thru the Hills of Lockport",0.0
2026-01-10,1,C0329PXMA6T,U090GAA7QE6,U081JKWAR33,ao-da-grizz,3,1stf,Sailer Moon,Blitzen,0.0,"""Lacing"" thru the Hills of Lockport",0.0
2026-01-10,1,C0329PXMA6T,U090GAA7QE6,U081S4SDQEB,ao-da-grizz,3,1stf,HGTV,Donner,0.0,"""Lacing"" thru the Hills of Lockport",0.0
2026-01-10,1,C0329PXMA6T,U090GAA7QE6,U090GAA7QE6,ao-da-grizz,3,1stf,Laces Out,Cupid,0.0,"""Lacing"" thru the Hills of Lockport",0.0
2026-01-10,1,C0329PXMA6T,U090GAA7QE6,U09AH747KEF,ao-da-grizz,3,1stf,Italian Ice,Rudolph,0.0,"""Lacing"" thru the Hills of Lockport",0.0
2026-01-10,1,C0329PXMA6T,U090GAA7QE6,U09BBJ81140,ao-da-grizz,3,1stf,Slapshot,Rudolph,0.0,"""Lacing"" thru the Hills of Lockport",0.0
2026-01-24,3,C0329PXMA6T,U09EZ6NN6HH,U017Q7Q4CSD,ao-da-grizz,3,1stf,Ozark,Dancer,0.0,Thesaurus on Q!,0.0
2026-01-24,3,C0329PXMA6T,U09EZ6NN6HH,U041R4GK79V,ao-da-grizz,3,1stf,fuzzy navel,Donner,0.0,Thesaurus on Q!,0.0
2026-01-24,3,C0329PXMA6T,U09EZ6NN6HH,U051330RY2J,ao-da-grizz,3,1stf,Depends (3rdF Q),Prancer,0.0,Thesaurus on Q!,0.0
2026-01-24,3,C0329PXMA6T,U09EZ6NN6HH,U06GZ8ECZC5,ao-da-grizz,3,1stf,Boomer,Prancer,0.0,Thesaurus on Q!,0.0
2026-01-24,3,C0329PXMA6T,U09EZ6NN6HH,U06J46ZTPEZ,ao-da-grizz,3,1stf,Folgers,Rudolph,0.0,Thesaurus on Q!,0.0
2026-01-24,3,C0329PXMA6T,U09EZ6NN6HH,U09BBJ81140,ao-da-grizz,3,1stf,Slapshot,Rudolph,0.0,Thesaurus on Q!,0.0
2026-01-24,3,C0329PXMA6T,U09EZ6NN6HH,U09EZ6NN6HH,ao-da-grizz,3,1stf,Thesaurus,Dancer,0.0,Thesaurus on Q!,0.0
2026-01-21,3,C03KZ95AS75,U02A96W697X,U02A96W697X,3rd-f-qsource,5,qs,Dauber,Comet,0.0,M Source Week #3,0.0
2026-01-21,3,C03KZ95AS75,U02A96W697X,U03SX99V3PU,3rd-f-qsource,5,qs,Meta,Comet,0.0,M Source Week #3,0.0
2026-01-21,3,C03KZ95AS75,U02A96W697X,U051330RY2J,3rd-f-qsource,5,qs,Depends (3rdF Q),Prancer,0.0,M Source Week #3,0.0
2026-01-21,3,C03KZ95AS75,U02A96W697X,U0536BG9AMU,3rd-f-qsource,5,qs,TruGreen,Dancer,0.0,M Source Week #3,0.0
2026-01-21,3,C03KZ95AS75,U02A96W697X,U05LL7ESE79,3rd-f-qsource,5,qs,Cutler,Dancer,0.0,M Source Week #3,0.0
2026-01-21,3,C03KZ95AS75,U02A96W697X,U05TUKL5N87,3rd-f-qsource,5,qs,Zimmer,Dasher,0.0,M Source Week #3,0.0
2026-01-21,3,C03KZ95AS75,U02A96W697X,U05ULCL3806,3rd-f-qsource,5,qs,Mr. Kotter,Donner,0.0,M Source Week #3,0.0
2026-01-21,3,C03KZ95AS75,U02A96W697X,U070NTWF7G8,3rd-f-qsource,5,qs,Foghorn,Dancer,0.0,M Source Week #3,0.0
2026-01-21,3,C03KZ95AS75,U02A96W697X,U075J9NN91N,3rd-f-qsource,5,qs,Pop-Tart,Dancer,0.0,M Source Week #3,0.0
2026-01-21,3,C03KZ95AS75,U02A96W697X,U080FGLKUH5,3rd-f-qsource,5,qs,Hodl,Dancer,0.0,M Source Week #3,0.0
2026-01-08,1,C03KZ95AS75,U02H51CJS30,U02H51CJS30,3rd-f-qsource,5,qs,Pull-up,Comet,0.0,Disruption,0.0
2026-02-05,5,C03KZ95AS75,U02H51CJS30,U02H51CJS30,3rd-f-qsource,5,qs,Pull-up,Comet,0.0,Get Right with Pullup,0.0
2026-01-08,1,C03KZ95AS75,U02H51CJS30,U02LGCKH24W,3rd-f-qsource,5,qs,Sensodyne,Prancer,0.0,Disruption,0.0
2026-02-05,5,C03KZ95AS75,U02H51CJS30,U03765UPB8C,3rd-f-qsource,5,qs,Chum Bucket,Donner,0.0,Get Right with Pullup,0.0
2026-01-08,1,C03KZ95AS75,U02H51CJS30,U04Q01BPTPE,3rd-f-qsource,5,qs,Olive Oyl,Dasher,0.0,Disruption,0.0
2026-02-05,5,C03KZ95AS75,U02H51CJS30,U04Q01BPTPE,3rd-f-qsource,5,qs,Olive Oyl,Dasher,0.0,Get Right with Pullup,0.0
2026-01-08,1,C03KZ95AS75,U02H51CJS30,U051330RY2J,3rd-f-qsource,5,qs,Depends (3rdF Q),Prancer,0.0,Disruption,0.0
2026-02-05,5,C03KZ95AS75,U02H51CJS30,U051330RY2J,3rd-f-qsource,5,qs,Depends (3rdF Q),Prancer,0.0,Get Right with Pullup,0.0
2026-01-08,1,C03KZ95AS75,U02H51CJS30,U098XEDSKJN,3rd-f-qsource,5,qs,Liberty Biberty,Prancer,0.0,Disruption,0.0
2026-01-15,2,C03KZ95AS75,U02LGCKH24W,U02H51CJS30,3rd-f-qsource,5,qs,Pull-up,Comet,0.0,QS Language,0.0
2026-01-29,4,C03KZ95AS75,U02LGCKH24W,U02H51CJS30,3rd-f-qsource,5,qs,Pull-up,Comet,0.0,QSOURCE-LDP,0.0
2026-01-15,2,C03KZ95AS75,U02LGCKH24W,U02LGCKH24W,3rd-f-qsource,5,qs,Sensodyne,Prancer,0.0,QS Language,0.0
2026-01-29,4,C03KZ95AS75,U02LGCKH24W,U02LGCKH24W,3rd-f-qsource,5,qs,Sensodyne,Prancer,0.0,QSOURCE-LDP,0.0
2026-01-29,4,C03KZ95AS75,U02LGCKH24W,U04Q01BPTPE,3rd-f-qsource,5,qs,Olive Oyl,Dasher,0.0,QSOURCE-LDP,0.0
2026-01-15,2,C03KZ95AS75,U02LGCKH24W,U051330RY2J,3rd-f-qsource,5,qs,Depends (3rdF Q),Prancer,0.0,QS Language,0.0
2026-01-29,4,C03KZ95AS75,U02LGCKH24W,U051330RY2J,3rd-f-qsource,5,qs,Depends (3rdF Q),Prancer,0.0,QSOURCE-LDP,0.0
2026-01-15,2,C03KZ95AS75,U02LGCKH24W,U0536BG9AMU,3rd-f-qsource,5,qs,TruGreen,Dancer,0.0,QS Language,0.0
2026-01-15,2,C03KZ95AS75,U02LGCKH24W,U05ULCL3806,3rd-f-qsource,5,qs,Mr. Kotter,Donner,0.0,QS Language,0.0
2026-01-20,3,C03KZ95AS75,U04RQB0TXFS,U04RQB0TXFS,3rd-f-qsource,5,qs,Hot Lava,Comet,0.0,Hot Lava  VQ,0.0
2026-01-20,3,C03KZ95AS75,U04RQB0TXFS,U04U8EGCQS1,3rd-f-qsource,5,qs,Manhole,Comet,0.0,Hot Lava  VQ,0.0
2026-01-20,3,C03KZ95AS75,U04RQB0TXFS,U06A1RN2DQF,3rd-f-qsource,5,qs,Hank Hill,Prancer,0.0,Hot Lava  VQ,0.0
2026-01-20,3,C03KZ95AS75,U04RQB0TXFS,U06GZ8ECZC5,3rd-f-qsource,5,qs,Boomer,Prancer,0.0,Hot Lava  VQ,0.0
2026-01-22,3,C03KZ95AS75,U051330RY2J,U02H51CJS30,3rd-f-qsource,5,qs,Pull-up,Comet,0.0,Group!,0.0
2026-01-22,3,C03KZ95AS75,U051330RY2J,U03765UPB8C,3rd-f-qsource,5,qs,Chum Bucket,Donner,0.0,Group!,0.0
2026-01-22,3,C03KZ95AS75,U051330RY2J,U051330RY2J,3rd-f-qsource,5,qs,Depends (3rdF Q),Prancer,0.0,Group!,0.0
2026-01-22,3,C03KZ95AS75,U051330RY2J,U0536BG9AMU,3rd-f-qsource,5,qs,TruGreen,Dancer,0.0,Group!,0.0
2026-01-07,1,C03KZ95AS75,U0536BG9AMU,U02A96W697X,3rd-f-qsource,5,qs,Dauber,Comet,0.0,M Source Week#1,0.0
2026-01-07,1,C03KZ95AS75,U0536BG9AMU,U03SX99V3PU,3rd-f-qsource,5,qs,Meta,Comet,0.0,M Source Week#1,0.0
2026-01-07,1,C03KZ95AS75,U0536BG9AMU,U051330RY2J,3rd-f-qsource,5,qs,Depends (3rdF Q),Prancer,0.0,M Source Week#1,0.0
2026-01-07,1,C03KZ95AS75,U0536BG9AMU,U0536BG9AMU,3rd-f-qsource,5,qs,TruGreen,Dancer,0.0,M Source Week#1,0.0
2026-01-07,1,C03KZ95AS75,U0536BG9AMU,U05LL7ESE79,3rd-f-qsource,5,qs,Cutler,Dancer,0.0,M Source Week#1,0.0
2026-01-07,1,C03KZ95AS75,U0536BG9AMU,U05TUKL5N87,3rd-f-qsource,5,qs,Zimmer,Dasher,0.0,M Source Week#1,0.0
2026-01-07,1,C03KZ95AS75,U0536BG9AMU,U070NTWF7G8,3rd-f-qsource,5,qs,Foghorn,Dancer,0.0,M Source Week#1,0.0
2026-01-07,1,C03KZ95AS75,U0536BG9AMU,U075J9NN91N,3rd-f-qsource,5,qs,Pop-Tart,Dancer,0.0,M Source Week#1,0.0
2026-02-03,5,C03KZ95AS75,U057QBF3TPW,U057QBF3TPW,3rd-f-qsource,5,qs,Deja vu,NONE,0.0,Q Source in Chaminwood,0.0
2026-02-04,5,C03KZ95AS75,U05LL7ESE79,U02A96W697X,3rd-f-qsource,5,qs,Dauber,Comet,0.0,M Source week#5,0.0
2026-02-04,5,C03KZ95AS75,U05LL7ESE79,U0536BG9AMU,3rd-f-qsource,5,qs,TruGreen,Dancer,0.0,M Source week#5,0.0
2026-02-04,5,C03KZ95AS75,U05LL7ESE79,U05LL7ESE79,3rd-f-qsource,5,qs,Cutler,Dancer,0.0,M Source week#5,0.0
2026-02-04,5,C03KZ95AS75,U05LL7ESE79,U05TUKL5N87,3rd-f-qsource,5,qs,Zimmer,Dasher,0.0,M Source week#5,0.0
2026-02-04,5,C03KZ95AS75,U05LL7ESE79,U05ULCL3806,3rd-f-qsource,5,qs,Mr. Kotter,Donner,0.0,M Source week#5,0.0
2026-01-06,1,C03KZ95AS75,U06A1RN2DQF,U04RQB0TXFS,3rd-f-qsource,5,qs,Hot Lava,Comet,0.0,QSource - Q2.2 - Influence,0.0
2026-01-27,4,C03KZ95AS75,U06A1RN2DQF,U04RQB0TXFS,3rd-f-qsource,5,qs,Hot Lava,Comet,0.0,Q Source - Q2.5 - Accountability,0.0
2026-02-03,5,C03KZ95AS75,U06A1RN2DQF,U04RQB0TXFS,3rd-f-qsource,5,qs,Hot Lava,Comet,0.0,Correction Q2.6,0.0
2026-01-27,4,C03KZ95AS75,U06A1RN2DQF,U04U8EGCQS1,3rd-f-qsource,5,qs,Manhole,Comet,0.0,Q Source - Q2.5 - Accountability,0.0
2026-02-03,5,C03KZ95AS75,U06A1RN2DQF,U04U8EGCQS1,3rd-f-qsource,5,qs,Manhole,Comet,0.0,Correction Q2.6,0.0
2026-01-06,1,C03KZ95AS75,U06A1RN2DQF,U06A1RN2DQF,3rd-f-qsource,5,qs,Hank Hill,Prancer,0.0,QSource - Q2.2 - Influence,0.0
2026-01-27,4,C03KZ95AS75,U06A1RN2DQF,U06A1RN2DQF,3rd-f-qsource,5,qs,Hank Hill,Prancer,0.0,Q Source - Q2.5 - Accountability,0.0
2026-02-03,5,C03KZ95AS75,U06A1RN2DQF,U06A1RN2DQF,3rd-f-qsource,5,qs,Hank Hill,Prancer,0.0,Correction Q2.6,0.0
2026-01-06,1,C03KZ95AS75,U06A1RN2DQF,U06GZ8ECZC5,3rd-f-qsource,5,qs,Boomer,Prancer,0.0,QSource - Q2.2 - Influence,0.0
2026-01-27,4,C03KZ95AS75,U06A1RN2DQF,U06GZ8ECZC5,3rd-f-qsource,5,qs,Boomer,Prancer,0.0,Q Source - Q2.5 - Accountability,0.0
2026-02-03,5,C03KZ95AS75,U06A1RN2DQF,U06GZ8ECZC5,3rd-f-qsource,5,qs,Boomer,Prancer,0.0,Correction Q2.6,0.0
2026-01-27,4,C03KZ95AS75,U06A1RN2DQF,U06GZE2D66R,3rd-f-qsource,5,qs,Sparky,Dancer,0.0,Q Source - Q2.5 - Accountability,0.0
2026-01-06,1,C03KZ95AS75,U06A1RN2DQF,U06H3QB4KMY,3rd-f-qsource,5,qs,Mahomes,Comet,0.0,QSource - Q2.2 - Influence,0.0
2026-01-27,4,C03KZ95AS75,U06A1RN2DQF,U06H3QB4KMY,3rd-f-qsource,5,qs,Mahomes,Comet,0.0,Q Source - Q2.5 - Accountability,0.0
2026-02-10,6,C03KZ95AS75,U06GZ8ECZC5,U03TX17L7AQ,3rd-f-qsource,5,qs,Foreclosure,Rudolph,0.0,Q2.7 - Targeting,0.0
2026-02-10,6,C03KZ95AS75,U06GZ8ECZC5,U04M8MS2WHJ,3rd-f-qsource,5,qs,FINCH,NONE,0.0,Q2.7 - Targeting,0.0
2026-02-10,6,C03KZ95AS75,U06GZ8ECZC5,U04RQB0TXFS,3rd-f-qsource,5,qs,Hot Lava,Comet,0.0,Q2.7 - Targeting,0.0
2026-02-10,6,C03KZ95AS75,U06GZ8ECZC5,U04U8EGCQS1,3rd-f-qsource,5,qs,Manhole,Comet,0.0,Q2.7 - Targeting,0.0
2026-02-10,6,C03KZ95AS75,U06GZ8ECZC5,U06A1RN2DQF,3rd-f-qsource,5,qs,Hank Hill,Prancer,0.0,Q2.7 - Targeting,0.0
2026-02-10,6,C03KZ95AS75,U06GZ8ECZC5,U06GZ8ECZC5,3rd-f-qsource,5,qs,Boomer,Prancer,0.0,Q2.7 - Targeting,0.0
2026-02-10,6,C03KZ95AS75,U06GZ8ECZC5,U06GZE2D66R,3rd-f-qsource,5,qs,Sparky,Dancer,0.0,Q2.7 - Targeting,0.0
2026-02-10,6,C03KZ95AS75,U06GZ8ECZC5,U06H3QB4KMY,3rd-f-qsource,5,qs,Mahomes,Comet,0.0,Q2.7 - Targeting,0.0
2026-01-14,2,C03KZ95AS75,U06H3QB4KMY,U04RQB0TXFS,3rd-f-qsource,5,qs,Hot Lava,Comet,0.0,Qsource - Q2.3 - Missionality,0.0
2026-01-14,2,C03KZ95AS75,U06H3QB4KMY,U06A1RN2DQF,3rd-f-qsource,5,qs,Hank Hill,Prancer,0.0,Qsource - Q2.3 - Missionality,0.0
2026-01-14,2,C03KZ95AS75,U06H3QB4KMY,U06GZ8ECZC5,3rd-f-qsource,5,qs,Boomer,Prancer,0.0,Qsource - Q2.3 - Missionality,0.0
2026-01-14,2,C03KZ95AS75,U06H3QB4KMY,U06H3QB4KMY,3rd-f-qsource,5,qs,Mahomes,Comet,0.0,Qsource - Q2.3 - Missionality,0.0
2026-01-29,4,C03KZ95AS75,U070NTWF7G8,U02A96W697X,3rd-f-qsource,5,qs,Dauber,Comet,0.0,The art of turning Interruption into Invitation!!,0.0
2026-01-29,4,C03KZ95AS75,U070NTWF7G8,U040R8S1N6P,3rd-f-qsource,5,qs,Dilbert,Prancer,0.0,The art of turning Interruption into Invitation!!,0.0
2026-01-29,4,C03KZ95AS75,U070NTWF7G8,U051330RY2J,3rd-f-qsource,5,qs,Depends (3rdF Q),Prancer,0.0,The art of turning Interruption into Invitation!!,0.0
2026-01-29,4,C03KZ95AS75,U070NTWF7G8,U05LL7ESE79,3rd-f-qsource,5,qs,Cutler,Dancer,0.0,The art of turning Interruption into Invitation!!,0.0
2026-01-29,4,C03KZ95AS75,U070NTWF7G8,U05TUKL5N87,3rd-f-qsource,5,qs,Zimmer,Dasher,0.0,The art of turning Interruption into Invitation!!,0.0
2026-01-29,4,C03KZ95AS75,U070NTWF7G8,U05ULCL3806,3rd-f-qsource,5,qs,Mr. Kotter,Donner,0.0,The art of turning Interruption into Invitation!!,0.0
2026-01-29,4,C03KZ95AS75,U070NTWF7G8,U070NTWF7G8,3rd-f-qsource,5,qs,Foghorn,Dancer,0.0,The art of turning Interruption into Invitation!!,0.0
2026-01-29,4,C03KZ95AS75,U070NTWF7G8,U075J9NN91N,3rd-f-qsource,5,qs,Pop-Tart,Dancer,0.0,The art of turning Interruption into Invitation!!,0.0
2026-01-29,4,C03KZ95AS75,U070NTWF7G8,U080FGLKUH5,3rd-f-qsource,5,qs,Hodl,Dancer,0.0,The art of turning Interruption into Invitation!!,0.0
2026-01-14,2,C03KZ95AS75,U075J9NN91N,U02A96W697X,3rd-f-qsource,5,qs,Dauber,Comet,0.0,M Source Week#2,0.0
2026-01-14,2,C03KZ95AS75,U075J9NN91N,U03SX99V3PU,3rd-f-qsource,5,qs,Meta,Comet,0.0,M Source Week#2,0.0
2026-01-14,2,C03KZ95AS75,U075J9NN91N,U051330RY2J,3rd-f-qsource,5,qs,Depends (3rdF Q),Prancer,0.0,M Source Week#2,0.0
2026-01-14,2,C03KZ95AS75,U075J9NN91N,U0536BG9AMU,3rd-f-qsource,5,qs,TruGreen,Dancer,0.0,M Source Week#2,0.0
2026-01-14,2,C03KZ95AS75,U075J9NN91N,U05LL7ESE79,3rd-f-qsource,5,qs,Cutler,Dancer,0.0,M Source Week#2,0.0
2026-01-14,2,C03KZ95AS75,U075J9NN91N,U05TUKL5N87,3rd-f-qsource,5,qs,Zimmer,Dasher,0.0,M Source Week#2,0.0
2026-01-14,2,C03KZ95AS75,U075J9NN91N,U05ULCL3806,3rd-f-qsource,5,qs,Mr. Kotter,Donner,0.0,M Source Week#2,0.0
2026-01-14,2,C03KZ95AS75,U075J9NN91N,U070NTWF7G8,3rd-f-qsource,5,qs,Foghorn,Dancer,0.0,M Source Week#2,0.0
2026-01-14,2,C03KZ95AS75,U075J9NN91N,U075J9NN91N,3rd-f-qsource,5,qs,Pop-Tart,Dancer,0.0,M Source Week#2,0.0
2026-01-14,2,C03KZ95AS75,U075J9NN91N,U080FGLKUH5,3rd-f-qsource,5,qs,Hodl,Dancer,0.0,M Source Week#2,0.0
2026-01-05,1,C04P7LRFBTM,U016M1Z8NLE,U016M1Z8NLE,ao-the-silo,3,1stf,Happy Camper,Comet,0.0,And this one time at Band Camp…,0.0
2026-01-05,1,C04P7LRFBTM,U016M1Z8NLE,U016TRPRHKL,ao-the-silo,3,1stf,Den Mother,Vixen,0.0,And this one time at Band Camp…,0.0
2026-01-05,1,C04P7LRFBTM,U016M1Z8NLE,U016ZUU67BN,ao-the-silo,3,1stf,5-Putt,Vixen,0.0,And this one time at Band Camp…,0.0
2026-01-05,1,C04P7LRFBTM,U016M1Z8NLE,U0171KQRB6D,ao-the-silo,3,1stf,vern,Vixen,0.0,And this one time at Band Camp…,0.0
2026-01-05,1,C04P7LRFBTM,U016M1Z8NLE,U018098KAAC,ao-the-silo,3,1stf,Sparkler,Cupid,0.0,And this one time at Band Camp…,0.0
2026-01-05,1,C04P7LRFBTM,U016M1Z8NLE,U020A7W78FQ,ao-the-silo,3,1stf,Mr. Belding,Donner,0.0,And this one time at Band Camp…,0.0
2026-01-05,1,C04P7LRFBTM,U016M1Z8NLE,U03765UPB8C,ao-the-silo,3,1stf,Chum Bucket,Donner,0.0,And this one time at Band Camp…,0.0
2026-01-05,1,C04P7LRFBTM,U016M1Z8NLE,U03SX99V3PU,ao-the-silo,3,1stf,Meta,Comet,0.0,And this one time at Band Camp…,0.0
2026-01-05,1,C04P7LRFBTM,U016M1Z8NLE,U03TX17L7AQ,ao-the-silo,3,1stf,Foreclosure,Rudolph,0.0,And this one time at Band Camp…,0.0
2026-01-05,1,C04P7LRFBTM,U016M1Z8NLE,U03TYSW2933,ao-the-silo,3,1stf,The Worm,Prancer,0.0,And this one time at Band Camp…,0.0
2026-01-05,1,C04P7LRFBTM,U016M1Z8NLE,U05LL7ESE79,ao-the-silo,3,1stf,Cutler,Dancer,0.0,And this one time at Band Camp…,0.0
2026-01-05,1,C04P7LRFBTM,U016M1Z8NLE,U05TUKL5N87,ao-the-silo,3,1stf,Zimmer,Dasher,0.0,And this one time at Band Camp…,0.0
2026-01-05,1,C04P7LRFBTM,U016M1Z8NLE,U070NTWF7G8,ao-the-silo,3,1stf,Foghorn,Dancer,0.0,And this one time at Band Camp…,0.0
2026-01-05,1,C04P7LRFBTM,U016M1Z8NLE,U087CHQLZ7B,ao-the-silo,3,1stf,Scratch and Dent,Dasher,0.0,And this one time at Band Camp…,0.0
2026-01-05,1,C04P7LRFBTM,U016M1Z8NLE,U09U2DZRCU9,ao-the-silo,3,1stf,Stitch,Vixen,1.0,And this one time at Band Camp…,0.0
2026-01-26,4,C04P7LRFBTM,U019Y7P6XPF,U019Y7P6XPF,ao-the-silo,3,1stf,Foundation,Blitzen,0.0,Not Hawaii,0.0
2026-02-02,5,C04P7LRFBTM,U019Y7P6XPF,U019Y7P6XPF,ao-the-silo,3,1stf,Foundation,Blitzen,0.0,Monday Silo Funday,0.0
2026-02-09,6,C04P7LRFBTM,U019Y7P6XPF,U019Y7P6XPF,ao-the-silo,3,1stf,Foundation,Blitzen,0.0,Foundation’s Deuces,0.0
2026-02-09,6,C04P7LRFBTM,U019Y7P6XPF,U01APFBACP8,ao-the-silo,3,1stf,Morticia,Blitzen,0.0,Foundation’s Deuces,0.0
2026-02-02,5,C04P7LRFBTM,U019Y7P6XPF,U02A96WLKRB,ao-the-silo,3,1stf,Scat,Dasher,0.0,Monday Silo Funday,0.0
2026-01-26,4,C04P7LRFBTM,U019Y7P6XPF,U02H51CJS30,ao-the-silo,3,1stf,Pull-up,Comet,0.0,Not Hawaii,0.0
2026-02-09,6,C04P7LRFBTM,U019Y7P6XPF,U02H51CJS30,ao-the-silo,3,1stf,Pull-up,Comet,0.0,Foundation’s Deuces,0.0
2026-02-09,6,C04P7LRFBTM,U019Y7P6XPF,U02NST5BMKJ,ao-the-silo,3,1stf,Dear Abby,Dancer,0.0,Foundation’s Deuces,0.0
2026-02-02,5,C04P7LRFBTM,U019Y7P6XPF,U04Q01BPTPE,ao-the-silo,3,1stf,Olive Oyl,Dasher,0.0,Monday Silo Funday,0.0
2026-02-09,6,C04P7LRFBTM,U019Y7P6XPF,U04Q01BPTPE,ao-the-silo,3,1stf,Olive Oyl,Dasher,0.0,Foundation’s Deuces,0.0
2026-02-02,5,C04P7LRFBTM,U019Y7P6XPF,U074T16JBDX,ao-the-silo,3,1stf,Deliverance,Prancer,0.0,Monday Silo Funday,0.0
2026-01-26,4,C04P7LRFBTM,U019Y7P6XPF,U087CHQLZ7B,ao-the-silo,3,1stf,Scratch and Dent,Dasher,0.0,Not Hawaii,0.0
2026-02-02,5,C04P7LRFBTM,U019Y7P6XPF,U087CHQLZ7B,ao-the-silo,3,1stf,Scratch and Dent,Dasher,0.0,Monday Silo Funday,0.0
2026-02-09,6,C04P7LRFBTM,U019Y7P6XPF,U087CHQLZ7B,ao-the-silo,3,1stf,Scratch and Dent,Dasher,0.0,Foundation’s Deuces,0.0
2026-02-09,6,C04P7LRFBTM,U019Y7P6XPF,U08QBC4F5C3,ao-the-silo,3,1stf,Fish Tape,Vixen,0.0,Foundation’s Deuces,0.0
2026-02-02,5,C04P7LRFBTM,U019Y7P6XPF,U08TD9DD6M6,ao-the-silo,3,1stf,Scuba Steve,Vixen,0.0,Monday Silo Funday,0.0
2026-01-26,4,C04P7LRFBTM,U019Y7P6XPF,U0995LDSXNC,ao-the-silo,3,1stf,Party in a bottle,Dancer,0.0,Not Hawaii,0.0
2026-01-28,4,C04P7LRFBTM,U02H51CJS30,U02H51CJS30,ao-the-silo,3,1stf,Pull-up,Comet,0.0,Wazzzup Wednesday w/ PullUp,0.0
2026-01-28,4,C04P7LRFBTM,U02H51CJS30,U03SX99V3PU,ao-the-silo,3,1stf,Meta,Comet,0.0,Wazzzup Wednesday w/ PullUp,0.0
2026-01-28,4,C04P7LRFBTM,U02H51CJS30,U070NTWF7G8,ao-the-silo,3,1stf,Foghorn,Dancer,0.0,Wazzzup Wednesday w/ PullUp,0.0
2026-01-28,4,C04P7LRFBTM,U02H51CJS30,U07GJC6UG1Z,ao-the-silo,3,1stf,Celler Dweller,Donner,0.0,Wazzzup Wednesday w/ PullUp,0.0
2026-02-04,5,C04P7LRFBTM,U02NST5BMKJ,U017E4NMFQV,ao-the-silo,3,1stf,Hanger,Donner,0.0,DA’s Silo Circuit,0.0
2026-02-04,5,C04P7LRFBTM,U02NST5BMKJ,U018098KAAC,ao-the-silo,3,1stf,Sparkler,Cupid,0.0,DA’s Silo Circuit,0.0
2026-02-04,5,C04P7LRFBTM,U02NST5BMKJ,U02NST5BMKJ,ao-the-silo,3,1stf,Dear Abby,Dancer,0.0,DA’s Silo Circuit,0.0
2026-02-04,5,C04P7LRFBTM,U02NST5BMKJ,U03765UPB8C,ao-the-silo,3,1stf,Chum Bucket,Donner,0.0,DA’s Silo Circuit,0.0
2026-02-04,5,C04P7LRFBTM,U02NST5BMKJ,U03TX17L7AQ,ao-the-silo,3,1stf,Foreclosure,Rudolph,0.0,DA’s Silo Circuit,0.0
2026-02-04,5,C04P7LRFBTM,U02NST5BMKJ,U03U8N4P5G8,ao-the-silo,3,1stf,Flo,Prancer,0.0,DA’s Silo Circuit,0.0
2026-02-04,5,C04P7LRFBTM,U02NST5BMKJ,U040R8S1N6P,ao-the-silo,3,1stf,Dilbert,Prancer,0.0,DA’s Silo Circuit,0.0
2026-02-04,5,C04P7LRFBTM,U02NST5BMKJ,U04H6HMNPH9,ao-the-silo,3,1stf,Cinderella,Dancer,0.0,DA’s Silo Circuit,0.0
2026-02-04,5,C04P7LRFBTM,U02NST5BMKJ,U04RBT6T8RJ,ao-the-silo,3,1stf,Old Maid,Dasher,0.0,DA’s Silo Circuit,0.0
2026-02-04,5,C04P7LRFBTM,U02NST5BMKJ,U05FDSP0YD7,ao-the-silo,3,1stf,Peterbilt,Comet,0.0,DA’s Silo Circuit,0.0
2026-02-04,5,C04P7LRFBTM,U02NST5BMKJ,U05QJRZNQHH,ao-the-silo,3,1stf,Corner Kick,Donner,0.0,DA’s Silo Circuit,0.0
2026-02-04,5,C04P7LRFBTM,U02NST5BMKJ,U070NTWF7G8,ao-the-silo,3,1stf,Foghorn,Dancer,0.0,DA’s Silo Circuit,0.0
2026-02-04,5,C04P7LRFBTM,U02NST5BMKJ,U087CHQLZ7B,ao-the-silo,3,1stf,Scratch and Dent,Dasher,0.0,DA’s Silo Circuit,0.0
2026-02-04,5,C04P7LRFBTM,U02NST5BMKJ,U08TD9DD6M6,ao-the-silo,3,1stf,Scuba Steve,Vixen,0.0,DA’s Silo Circuit,0.0
2026-01-12,2,C04P7LRFBTM,U03765UPB8C,U016ZUU67BN,ao-the-silo,3,1stf,5-Putt,Vixen,0.0,Cardinals VQ,0.0
2026-01-12,2,C04P7LRFBTM,U03765UPB8C,U0171KQRB6D,ao-the-silo,3,1stf,vern,Vixen,0.0,Cardinals VQ,0.0
2026-01-12,2,C04P7LRFBTM,U03765UPB8C,U017HR8U5RS,ao-the-silo,3,1stf,SkidMark,Blitzen,0.0,Cardinals VQ,0.0
2026-01-12,2,C04P7LRFBTM,U03765UPB8C,U018098KAAC,ao-the-silo,3,1stf,Sparkler,Cupid,0.0,Cardinals VQ,0.0
2026-01-12,2,C04P7LRFBTM,U03765UPB8C,U03765UPB8C,ao-the-silo,3,1stf,Chum Bucket,Donner,0.0,Cardinals VQ,0.0
2026-01-12,2,C04P7LRFBTM,U03765UPB8C,U03TX17L7AQ,ao-the-silo,3,1stf,Foreclosure,Rudolph,0.0,Cardinals VQ,0.0
2026-01-12,2,C04P7LRFBTM,U03765UPB8C,U05ULCL3806,ao-the-silo,3,1stf,Mr. Kotter,Donner,0.0,Cardinals VQ,0.0
2026-01-12,2,C04P7LRFBTM,U03765UPB8C,U073J179LHM,ao-the-silo,3,1stf,Sizzler,Cupid,0.0,Cardinals VQ,0.0
2026-01-12,2,C04P7LRFBTM,U03765UPB8C,U087CHQLZ7B,ao-the-silo,3,1stf,Scratch and Dent,Dasher,0.0,Cardinals VQ,0.0
2026-01-21,3,C04P7LRFBTM,U051330RY2J,U016P7DMTGT,ao-the-silo,3,1stf,Boston Butt,Dancer,0.0,Cake and Ice Cream! j/k Cake and Burpees,0.0
2026-01-21,3,C04P7LRFBTM,U051330RY2J,U017E4NMFQV,ao-the-silo,3,1stf,Hanger,Donner,0.0,Cake and Ice Cream! j/k Cake and Burpees,0.0
2026-01-21,3,C04P7LRFBTM,U051330RY2J,U03765UPB8C,ao-the-silo,3,1stf,Chum Bucket,Donner,0.0,Cake and Ice Cream! j/k Cake and Burpees,0.0
2026-01-21,3,C04P7LRFBTM,U051330RY2J,U03TX17L7AQ,ao-the-silo,3,1stf,Foreclosure,Rudolph,0.0,Cake and Ice Cream! j/k Cake and Burpees,0.0
2026-01-21,3,C04P7LRFBTM,U051330RY2J,U051330RY2J,ao-the-silo,3,1stf,Depends (3rdF Q),Prancer,0.0,Cake and Ice Cream! j/k Cake and Burpees,0.0
2026-01-21,3,C04P7LRFBTM,U051330RY2J,U05FDSP0YD7,ao-the-silo,3,1stf,Peterbilt,Comet,0.0,Cake and Ice Cream! j/k Cake and Burpees,0.0
2026-01-21,3,C04P7LRFBTM,U051330RY2J,U05QJRZNQHH,ao-the-silo,3,1stf,Corner Kick,Donner,0.0,Cake and Ice Cream! j/k Cake and Burpees,0.0
2026-01-21,3,C04P7LRFBTM,U051330RY2J,U070NTWF7G8,ao-the-silo,3,1stf,Foghorn,Dancer,0.0,Cake and Ice Cream! j/k Cake and Burpees,0.0
2026-01-21,3,C04P7LRFBTM,U051330RY2J,U08QBC4F5C3,ao-the-silo,3,1stf,Fish Tape,Vixen,0.0,Cake and Ice Cream! j/k Cake and Burpees,0.0
2026-01-07,1,C04P7LRFBTM,U05QJRZNQHH,U017E4NMFQV,ao-the-silo,3,1stf,Hanger,Donner,0.0,1000DORA by CornerKick,0.0
2026-01-07,1,C04P7LRFBTM,U05QJRZNQHH,U019Y7P6XPF,ao-the-silo,3,1stf,Foundation,Blitzen,0.0,1000DORA by CornerKick,0.0
2026-01-07,1,C04P7LRFBTM,U05QJRZNQHH,U02H51CJS30,ao-the-silo,3,1stf,Pull-up,Comet,0.0,1000DORA by CornerKick,0.0
2026-01-07,1,C04P7LRFBTM,U05QJRZNQHH,U02NST5BMKJ,ao-the-silo,3,1stf,Dear Abby,Dancer,0.0,1000DORA by CornerKick,0.0
2026-01-07,1,C04P7LRFBTM,U05QJRZNQHH,U05FDSP0YD7,ao-the-silo,3,1stf,Peterbilt,Comet,0.0,1000DORA by CornerKick,0.0
2026-01-07,1,C04P7LRFBTM,U05QJRZNQHH,U05QJRZNQHH,ao-the-silo,3,1stf,Corner Kick,Donner,0.0,1000DORA by CornerKick,0.0
2026-01-07,1,C04P7LRFBTM,U05QJRZNQHH,U070NTWF7G8,ao-the-silo,3,1stf,Foghorn,Dancer,0.0,1000DORA by CornerKick,0.0
2026-01-07,1,C04P7LRFBTM,U05QJRZNQHH,U087CHQLZ7B,ao-the-silo,3,1stf,Scratch and Dent,Dasher,0.0,1000DORA by CornerKick,0.0
2026-01-07,1,C04P7LRFBTM,U05QJRZNQHH,U08QBC4F5C3,ao-the-silo,3,1stf,Fish Tape,Vixen,0.0,1000DORA by CornerKick,0.0
2026-01-07,1,C04P7LRFBTM,U05QJRZNQHH,U08TD9DD6M6,ao-the-silo,3,1stf,Scuba Steve,Vixen,0.0,1000DORA by CornerKick,0.0
2026-01-19,3,C04P7LRFBTM,U070NTWF7G8,U018098KAAC,ao-the-silo,3,1stf,Sparkler,Cupid,0.0,Antarctica at The Silo with EC and Foghorn,0.0
2026-01-19,3,C04P7LRFBTM,U070NTWF7G8,U02H51CJS30,ao-the-silo,3,1stf,Pull-up,Comet,0.0,Antarctica at The Silo with EC and Foghorn,0.0
2026-01-19,3,C04P7LRFBTM,U070NTWF7G8,U051330RY2J,ao-the-silo,3,1stf,Depends (3rdF Q),Prancer,0.0,Antarctica at The Silo with EC and Foghorn,0.0
2026-01-19,3,C04P7LRFBTM,U070NTWF7G8,U05FDSP0YD7,ao-the-silo,3,1stf,Peterbilt,Comet,0.0,Antarctica at The Silo with EC and Foghorn,0.0
2026-01-19,3,C04P7LRFBTM,U070NTWF7G8,U070NTWF7G8,ao-the-silo,3,1stf,Foghorn,Dancer,0.0,Antarctica at The Silo with EC and Foghorn,0.0
2026-01-19,3,C04P7LRFBTM,U070NTWF7G8,U09D5VDKC85,ao-the-silo,3,1stf,Otto Man,Cupid,0.0,Antarctica at The Silo with EC and Foghorn,0.0
2026-01-19,3,C04P7LRFBTM,U070NTWF7G8,U09U2DZRCU9,ao-the-silo,3,1stf,Stitch,Vixen,1.0,Antarctica at The Silo with EC and Foghorn,0.0
2026-01-14,2,C04P7LRFBTM,U080FGLKUH5,U019Y7P6XPF,ao-the-silo,3,1stf,Foundation,Blitzen,0.0,AMRAP à la Hodl,0.0
2026-01-14,2,C04P7LRFBTM,U080FGLKUH5,U03SX99V3PU,ao-the-silo,3,1stf,Meta,Comet,0.0,AMRAP à la Hodl,0.0
2026-01-14,2,C04P7LRFBTM,U080FGLKUH5,U04RBT6T8RJ,ao-the-silo,3,1stf,Old Maid,Dasher,0.0,AMRAP à la Hodl,0.0
2026-01-14,2,C04P7LRFBTM,U080FGLKUH5,U05FDSP0YD7,ao-the-silo,3,1stf,Peterbilt,Comet,0.0,AMRAP à la Hodl,0.0
2026-01-14,2,C04P7LRFBTM,U080FGLKUH5,U070NTWF7G8,ao-the-silo,3,1stf,Foghorn,Dancer,0.0,AMRAP à la Hodl,0.0
2026-01-14,2,C04P7LRFBTM,U080FGLKUH5,U080FGLKUH5,ao-the-silo,3,1stf,Hodl,Dancer,0.0,AMRAP à la Hodl,0.0
2026-01-14,2,C04P7LRFBTM,U080FGLKUH5,U087CHQLZ7B,ao-the-silo,3,1stf,Scratch and Dent,Dasher,0.0,AMRAP à la Hodl,0.0
2026-01-14,2,C04P7LRFBTM,U080FGLKUH5,U08QBC4F5C3,ao-the-silo,3,1stf,Fish Tape,Vixen,0.0,AMRAP à la Hodl,0.0
2026-01-14,2,C04P7LRFBTM,U080FGLKUH5,U08TD9DD6M6,ao-the-silo,3,1stf,Scuba Steve,Vixen,0.0,AMRAP à la Hodl,0.0
2026-01-02,0,C04PLDCTSJV,U019Y7P6XPF,U018098KAAC,ao-the-grove,3,1stf,Sparkler,Cupid,0.0,Foundation's Present Bootcamp at TG,0.0
2026-01-02,0,C04PLDCTSJV,U019Y7P6XPF,U019Y7P6XPF,ao-the-grove,3,1stf,Foundation,Blitzen,0.0,Foundation's Present Bootcamp at TG,0.0
2026-01-02,0,C04PLDCTSJV,U019Y7P6XPF,U02H51CJS30,ao-the-grove,3,1stf,Pull-up,Comet,0.0,Foundation's Present Bootcamp at TG,0.0
2026-01-02,0,C04PLDCTSJV,U019Y7P6XPF,U02NBKHN3NK,ao-the-grove,3,1stf,Dungeon Master,Prancer,1.0,Foundation's Present Bootcamp at TG,0.0
2026-01-02,0,C04PLDCTSJV,U019Y7P6XPF,U05C8DP6YS0,ao-the-grove,3,1stf,Algorithm,Comet,0.0,Foundation's Present Bootcamp at TG,0.0
2026-01-02,0,C04PLDCTSJV,U019Y7P6XPF,U05QD3D6ZK7,ao-the-grove,3,1stf,Caboose,Cupid,0.0,Foundation's Present Bootcamp at TG,0.0
2026-01-02,0,C04PLDCTSJV,U019Y7P6XPF,U070NTWF7G8,ao-the-grove,3,1stf,Foghorn,Dancer,0.0,Foundation's Present Bootcamp at TG,0.0
2026-01-02,0,C04PLDCTSJV,U019Y7P6XPF,U087CHQLZ7B,ao-the-grove,3,1stf,Scratch and Dent,Dasher,0.0,Foundation's Present Bootcamp at TG,0.0
2026-01-02,0,C04PLDCTSJV,U019Y7P6XPF,U08QBC4F5C3,ao-the-grove,3,1stf,Fish Tape,Vixen,0.0,Foundation's Present Bootcamp at TG,0.0
2026-01-02,0,C04PLDCTSJV,U019Y7P6XPF,U09U2DZRCU9,ao-the-grove,3,1stf,Stitch,Vixen,1.0,Foundation's Present Bootcamp at TG,0.0
2026-01-26,4,C04PLDCTSJV,U02A96W697X,U016M1Z8NLE,ao-the-grove,3,1stf,Happy Camper,Comet,0.0,Keep moving with Dauber,0.0
2026-01-26,4,C04PLDCTSJV,U02A96W697X,U016ZUU67BN,ao-the-grove,3,1stf,5-Putt,Vixen,0.0,Keep moving with Dauber,0.0
2026-01-26,4,C04PLDCTSJV,U02A96W697X,U020A3PMS14,ao-the-grove,3,1stf,Ringo,Rudolph,0.0,Keep moving with Dauber,0.0
2026-01-26,4,C04PLDCTSJV,U02A96W697X,U02A96W697X,ao-the-grove,3,1stf,Dauber,Comet,0.0,Keep moving with Dauber,0.0
2026-01-26,4,C04PLDCTSJV,U02A96W697X,U03765UPB8C,ao-the-grove,3,1stf,Chum Bucket,Donner,0.0,Keep moving with Dauber,0.0
2026-01-26,4,C04PLDCTSJV,U02A96W697X,U03TX17L7AQ,ao-the-grove,3,1stf,Foreclosure,Rudolph,0.0,Keep moving with Dauber,0.0
2026-01-26,4,C04PLDCTSJV,U02A96W697X,U040R8S1N6P,ao-the-grove,3,1stf,Dilbert,Prancer,0.0,Keep moving with Dauber,0.0
2026-01-26,4,C04PLDCTSJV,U02A96W697X,U04H6HMNPH9,ao-the-grove,3,1stf,Cinderella,Dancer,0.0,Keep moving with Dauber,0.0
2026-01-26,4,C04PLDCTSJV,U02A96W697X,U05QJRZNQHH,ao-the-grove,3,1stf,Corner Kick,Donner,0.0,Keep moving with Dauber,0.0
2026-01-26,4,C04PLDCTSJV,U02A96W697X,U06A1RN2DQF,ao-the-grove,3,1stf,Hank Hill,Prancer,0.0,Keep moving with Dauber,0.0
2026-01-26,4,C04PLDCTSJV,U02A96W697X,U07GJC6UG1Z,ao-the-grove,3,1stf,Celler Dweller,Donner,0.0,Keep moving with Dauber,0.0
2026-01-26,4,C04PLDCTSJV,U02A96W697X,U092LRKGN2E,ao-the-grove,3,1stf,Pearl,Comet,0.0,Keep moving with Dauber,0.0
2026-01-30,4,C04PLDCTSJV,U03EPDEKY4U,U016M1Z8NLE,ao-the-grove,3,1stf,Happy Camper,Comet,0.0,Schlitz's Bags Bootcamp Beatdown at Grove Fridays,0.0
2026-01-30,4,C04PLDCTSJV,U03EPDEKY4U,U018098KAAC,ao-the-grove,3,1stf,Sparkler,Cupid,0.0,Schlitz's Bags Bootcamp Beatdown at Grove Fridays,0.0
2026-01-30,4,C04PLDCTSJV,U03EPDEKY4U,U02H51CJS30,ao-the-grove,3,1stf,Pull-up,Comet,0.0,Schlitz's Bags Bootcamp Beatdown at Grove Fridays,0.0
2026-01-05,1,C04PLDCTSJV,U03EPDEKY4U,U02NST5BMKJ,ao-the-grove,3,1stf,Dear Abby,Dancer,0.0,Schlitz's New Outlook,0.0
2026-01-30,4,C04PLDCTSJV,U03EPDEKY4U,U03765UPB8C,ao-the-grove,3,1stf,Chum Bucket,Donner,0.0,Schlitz's Bags Bootcamp Beatdown at Grove Fridays,0.0
2026-01-05,1,C04PLDCTSJV,U03EPDEKY4U,U03EPDEKY4U,ao-the-grove,3,1stf,Schlitz,Blitzen,0.0,Schlitz's New Outlook,0.0
2026-01-30,4,C04PLDCTSJV,U03EPDEKY4U,U03EPDEKY4U,ao-the-grove,3,1stf,Schlitz,Blitzen,0.0,Schlitz's Bags Bootcamp Beatdown at Grove Fridays,0.0
2026-01-05,1,C04PLDCTSJV,U03EPDEKY4U,U040R8S1N6P,ao-the-grove,3,1stf,Dilbert,Prancer,0.0,Schlitz's New Outlook,0.0
2026-01-05,1,C04PLDCTSJV,U03EPDEKY4U,U053LEBRMM4,ao-the-grove,3,1stf,Derailed,Blitzen,0.0,Schlitz's New Outlook,0.0
2026-01-05,1,C04PLDCTSJV,U03EPDEKY4U,U056VUVJ63D,ao-the-grove,3,1stf,Napster,Rudolph,0.0,Schlitz's New Outlook,0.0
2026-01-30,4,C04PLDCTSJV,U03EPDEKY4U,U056VUVJ63D,ao-the-grove,3,1stf,Napster,Rudolph,0.0,Schlitz's Bags Bootcamp Beatdown at Grove Fridays,0.0
2026-01-30,4,C04PLDCTSJV,U03EPDEKY4U,U05QD3D6ZK7,ao-the-grove,3,1stf,Caboose,Cupid,0.0,Schlitz's Bags Bootcamp Beatdown at Grove Fridays,0.0
2026-01-05,1,C04PLDCTSJV,U03EPDEKY4U,U06A1RN2DQF,ao-the-grove,3,1stf,Hank Hill,Prancer,0.0,Schlitz's New Outlook,0.0
2026-01-05,1,C04PLDCTSJV,U03EPDEKY4U,U075J9NN91N,ao-the-grove,3,1stf,Pop-Tart,Dancer,0.0,Schlitz's New Outlook,0.0
2026-01-05,1,C04PLDCTSJV,U03EPDEKY4U,U098XEDSKJN,ao-the-grove,3,1stf,Liberty Biberty,Prancer,0.0,Schlitz's New Outlook,0.0
2026-01-16,2,C04PLDCTSJV,U04RBT6T8RJ,U017BQTUL3D,ao-the-grove,3,1stf,John Denver,Donner,0.0,Old Maid's 500th Post with 500 Reps at TG,0.0
2026-01-16,2,C04PLDCTSJV,U04RBT6T8RJ,U018098KAAC,ao-the-grove,3,1stf,Sparkler,Cupid,0.0,Old Maid's 500th Post with 500 Reps at TG,0.0
2026-01-16,2,C04PLDCTSJV,U04RBT6T8RJ,U02H51CJS30,ao-the-grove,3,1stf,Pull-up,Comet,0.0,Old Maid's 500th Post with 500 Reps at TG,0.0
2026-01-16,2,C04PLDCTSJV,U04RBT6T8RJ,U02NBKHN3NK,ao-the-grove,3,1stf,Dungeon Master,Prancer,1.0,Old Maid's 500th Post with 500 Reps at TG,0.0
2026-01-16,2,C04PLDCTSJV,U04RBT6T8RJ,U03765UPB8C,ao-the-grove,3,1stf,Chum Bucket,Donner,0.0,Old Maid's 500th Post with 500 Reps at TG,0.0
2026-01-16,2,C04PLDCTSJV,U04RBT6T8RJ,U04H3PWJN5A,ao-the-grove,3,1stf,Juanita,Donner,0.0,Old Maid's 500th Post with 500 Reps at TG,0.0
2026-01-16,2,C04PLDCTSJV,U04RBT6T8RJ,U04H6HMNPH9,ao-the-grove,3,1stf,Cinderella,Dancer,0.0,Old Maid's 500th Post with 500 Reps at TG,0.0
2026-01-16,2,C04PLDCTSJV,U04RBT6T8RJ,U04RBT6T8RJ,ao-the-grove,3,1stf,Old Maid,Dasher,0.0,Old Maid's 500th Post with 500 Reps at TG,0.0
2026-01-16,2,C04PLDCTSJV,U04RBT6T8RJ,U05ULCL3806,ao-the-grove,3,1stf,Mr. Kotter,Donner,0.0,Old Maid's 500th Post with 500 Reps at TG,0.0
2026-01-16,2,C04PLDCTSJV,U04RBT6T8RJ,U092LRKGN2E,ao-the-grove,3,1stf,Pearl,Comet,0.0,Old Maid's 500th Post with 500 Reps at TG,0.0
2026-01-23,3,C04PLDCTSJV,U058SP7GRJ6,U018098KAAC,ao-the-grove,3,1stf,Sparkler,Cupid,0.0,Hatchet is Back at Grove Fridays!,0.0
2026-01-23,3,C04PLDCTSJV,U058SP7GRJ6,U058SP7GRJ6,ao-the-grove,3,1stf,Hatchet (Lizard Q),Comet,0.0,Hatchet is Back at Grove Fridays!,0.0
2026-01-23,3,C04PLDCTSJV,U058SP7GRJ6,U070NTWF7G8,ao-the-grove,3,1stf,Foghorn,Dancer,0.0,Hatchet is Back at Grove Fridays!,0.0
2026-01-19,3,C04PLDCTSJV,U05QJRZNQHH,U053LEBRMM4,ao-the-grove,3,1stf,Derailed,Blitzen,0.0,It's Just a Summer Breeze,0.0
2026-01-19,3,C04PLDCTSJV,U05QJRZNQHH,U05LL7ESE79,ao-the-grove,3,1stf,Cutler,Dancer,0.0,It's Just a Summer Breeze,0.0
2026-01-19,3,C04PLDCTSJV,U05QJRZNQHH,U05QJRZNQHH,ao-the-grove,3,1stf,Corner Kick,Donner,0.0,It's Just a Summer Breeze,0.0
2026-01-19,3,C04PLDCTSJV,U05QJRZNQHH,U06A1RN2DQF,ao-the-grove,3,1stf,Hank Hill,Prancer,0.0,It's Just a Summer Breeze,0.0
2026-02-02,5,C04PLDCTSJV,U05ULCL3806,U016ZUU67BN,ao-the-grove,3,1stf,5-Putt,Vixen,0.0,"Gentlemen, your enthusiasm is inspiring. Unfortuna...",0.0
2026-02-02,5,C04PLDCTSJV,U05ULCL3806,U0171KQRB6D,ao-the-grove,3,1stf,vern,Vixen,0.0,"Gentlemen, your enthusiasm is inspiring. Unfortuna...",0.0
2026-02-02,5,C04PLDCTSJV,U05ULCL3806,U017HR8U5RS,ao-the-grove,3,1stf,SkidMark,Blitzen,0.0,"Gentlemen, your enthusiasm is inspiring. Unfortuna...",0.0
2026-02-02,5,C04PLDCTSJV,U05ULCL3806,U020A7W78FQ,ao-the-grove,3,1stf,Mr. Belding,Donner,0.0,"Gentlemen, your enthusiasm is inspiring. Unfortuna...",0.0
2026-02-02,5,C04PLDCTSJV,U05ULCL3806,U03765UPB8C,ao-the-grove,3,1stf,Chum Bucket,Donner,0.0,"Gentlemen, your enthusiasm is inspiring. Unfortuna...",0.0
2026-02-02,5,C04PLDCTSJV,U05ULCL3806,U03U8N4P5G8,ao-the-grove,3,1stf,Flo,Prancer,0.0,"Gentlemen, your enthusiasm is inspiring. Unfortuna...",0.0
2026-02-02,5,C04PLDCTSJV,U05ULCL3806,U041T99TNTC,ao-the-grove,3,1stf,YellowPages,Prancer,0.0,"Gentlemen, your enthusiasm is inspiring. Unfortuna...",0.0
2026-02-02,5,C04PLDCTSJV,U05ULCL3806,U04H6HMNPH9,ao-the-grove,3,1stf,Cinderella,Dancer,0.0,"Gentlemen, your enthusiasm is inspiring. Unfortuna...",0.0
2026-02-02,5,C04PLDCTSJV,U05ULCL3806,U053LEBRMM4,ao-the-grove,3,1stf,Derailed,Blitzen,0.0,"Gentlemen, your enthusiasm is inspiring. Unfortuna...",0.0
2026-02-02,5,C04PLDCTSJV,U05ULCL3806,U05QJRZNQHH,ao-the-grove,3,1stf,Corner Kick,Donner,0.0,"Gentlemen, your enthusiasm is inspiring. Unfortuna...",0.0
2026-02-02,5,C04PLDCTSJV,U05ULCL3806,U05ULCL3806,ao-the-grove,3,1stf,Mr. Kotter,Donner,0.0,"Gentlemen, your enthusiasm is inspiring. Unfortuna...",0.0
2026-02-02,5,C04PLDCTSJV,U05ULCL3806,U06A1RN2DQF,ao-the-grove,3,1stf,Hank Hill,Prancer,0.0,"Gentlemen, your enthusiasm is inspiring. Unfortuna...",0.0
2026-01-12,2,C04PLDCTSJV,U06A1RN2DQF,U017BQTUL3D,ao-the-grove,3,1stf,John Denver,Donner,0.0,Hank Hill's Hysteria,0.0
2026-01-12,2,C04PLDCTSJV,U06A1RN2DQF,U01E40PTNFJ,ao-the-grove,3,1stf,Bunker,Cupid,0.0,Hank Hill's Hysteria,0.0
2026-01-12,2,C04PLDCTSJV,U06A1RN2DQF,U020A3PMS14,ao-the-grove,3,1stf,Ringo,Rudolph,0.0,Hank Hill's Hysteria,0.0
2026-01-12,2,C04PLDCTSJV,U06A1RN2DQF,U02NBKHN3NK,ao-the-grove,3,1stf,Dungeon Master,Prancer,1.0,Hank Hill's Hysteria,0.0
2026-01-12,2,C04PLDCTSJV,U06A1RN2DQF,U02NST5BMKJ,ao-the-grove,3,1stf,Dear Abby,Dancer,0.0,Hank Hill's Hysteria,0.0
2026-02-09,6,C04PLDCTSJV,U06A1RN2DQF,U03EPDEKY4U,ao-the-grove,3,1stf,Schlitz,Blitzen,0.0,Hank’s Super Bowl Recal,0.0
2026-01-12,2,C04PLDCTSJV,U06A1RN2DQF,U040R8S1N6P,ao-the-grove,3,1stf,Dilbert,Prancer,0.0,Hank Hill's Hysteria,0.0
2026-02-09,6,C04PLDCTSJV,U06A1RN2DQF,U048GCZ7GBY,ao-the-grove,3,1stf,Broomstick,Vixen,0.0,Hank’s Super Bowl Recal,0.0
2026-01-12,2,C04PLDCTSJV,U06A1RN2DQF,U04H3PWJN5A,ao-the-grove,3,1stf,Juanita,Donner,0.0,Hank Hill's Hysteria,0.0
2026-01-12,2,C04PLDCTSJV,U06A1RN2DQF,U053LEBRMM4,ao-the-grove,3,1stf,Derailed,Blitzen,0.0,Hank Hill's Hysteria,0.0
2026-02-09,6,C04PLDCTSJV,U06A1RN2DQF,U053LEBRMM4,ao-the-grove,3,1stf,Derailed,Blitzen,0.0,Hank’s Super Bowl Recal,0.0
2026-01-12,2,C04PLDCTSJV,U06A1RN2DQF,U056VUVJ63D,ao-the-grove,3,1stf,Napster,Rudolph,0.0,Hank Hill's Hysteria,0.0
2026-01-12,2,C04PLDCTSJV,U06A1RN2DQF,U05QD3D6ZK7,ao-the-grove,3,1stf,Caboose,Cupid,0.0,Hank Hill's Hysteria,0.0
2026-01-12,2,C04PLDCTSJV,U06A1RN2DQF,U06A1RN2DQF,ao-the-grove,3,1stf,Hank Hill,Prancer,0.0,Hank Hill's Hysteria,0.0
2026-02-09,6,C04PLDCTSJV,U06A1RN2DQF,U06A1RN2DQF,ao-the-grove,3,1stf,Hank Hill,Prancer,0.0,Hank’s Super Bowl Recal,0.0
2026-01-12,2,C04PLDCTSJV,U06A1RN2DQF,U075J9NN91N,ao-the-grove,3,1stf,Pop-Tart,Dancer,0.0,Hank Hill's Hysteria,0.0
2026-01-12,2,C04PLDCTSJV,U06A1RN2DQF,U07GJC6UG1Z,ao-the-grove,3,1stf,Celler Dweller,Donner,0.0,Hank Hill's Hysteria,0.0
2026-02-09,6,C04PLDCTSJV,U06A1RN2DQF,U07GJC6UG1Z,ao-the-grove,3,1stf,Celler Dweller,Donner,0.0,Hank’s Super Bowl Recal,0.0
2026-02-09,6,C04PLDCTSJV,U06A1RN2DQF,U0ACS91NF0C,ao-the-grove,3,1stf,Marilyn,Unknown Team,<NA>,Hank’s Super Bowl Recal,0.0
2026-01-09,1,C04PLDCTSJV,U071GSVM24B,U018098KAAC,ao-the-grove,3,1stf,Sparkler,Cupid,0.0,Grove Friday Pearls on a Spit Valve,0.0
2026-01-09,1,C04PLDCTSJV,U071GSVM24B,U02NBKHN3NK,ao-the-grove,3,1stf,Dungeon Master,Prancer,1.0,Grove Friday Pearls on a Spit Valve,0.0
2026-01-09,1,C04PLDCTSJV,U071GSVM24B,U071GSVM24B,ao-the-grove,3,1stf,Spit Valve,Prancer,0.0,Grove Friday Pearls on a Spit Valve,0.0
2026-02-06,5,C04PLDCTSJV,U080FGLKUH5,U016890PYHM,ao-the-grove,3,1stf,Bedpan,Donner,0.0,Bitcoin is Dead Bootcamp,0.0
2026-02-06,5,C04PLDCTSJV,U080FGLKUH5,U02H51CJS30,ao-the-grove,3,1stf,Pull-up,Comet,0.0,Bitcoin is Dead Bootcamp,0.0
2026-02-06,5,C04PLDCTSJV,U080FGLKUH5,U02NST5BMKJ,ao-the-grove,3,1stf,Dear Abby,Dancer,0.0,Bitcoin is Dead Bootcamp,0.0
2026-02-06,5,C04PLDCTSJV,U080FGLKUH5,U03EPDEKY4U,ao-the-grove,3,1stf,Schlitz,Blitzen,0.0,Bitcoin is Dead Bootcamp,0.0
2026-02-06,5,C04PLDCTSJV,U080FGLKUH5,U04RBT6T8RJ,ao-the-grove,3,1stf,Old Maid,Dasher,0.0,Bitcoin is Dead Bootcamp,0.0
2026-02-06,5,C04PLDCTSJV,U080FGLKUH5,U056VUVJ63D,ao-the-grove,3,1stf,Napster,Rudolph,0.0,Bitcoin is Dead Bootcamp,0.0
2026-02-06,5,C04PLDCTSJV,U080FGLKUH5,U070NTWF7G8,ao-the-grove,3,1stf,Foghorn,Dancer,0.0,Bitcoin is Dead Bootcamp,0.0
2026-02-06,5,C04PLDCTSJV,U080FGLKUH5,U080FGLKUH5,ao-the-grove,3,1stf,Hodl,Dancer,0.0,Bitcoin is Dead Bootcamp,0.0
2026-01-21,3,C059PJF5NTU,U019Y7P6XPF,U019Y7P6XPF,ao-dmz,3,1stf,Foundation,Blitzen,0.0,Foundations ladders,0.0
2026-01-21,3,C059PJF5NTU,U019Y7P6XPF,U01APFBACP8,ao-dmz,3,1stf,Morticia,Blitzen,0.0,Foundations ladders,0.0
2026-01-21,3,C059PJF5NTU,U019Y7P6XPF,U03SX99V3PU,ao-dmz,3,1stf,Meta,Comet,0.0,Foundations ladders,0.0
2026-01-21,3,C059PJF5NTU,U019Y7P6XPF,U04RBT6T8RJ,ao-dmz,3,1stf,Old Maid,Dasher,0.0,Foundations ladders,0.0
2026-01-21,3,C059PJF5NTU,U019Y7P6XPF,U05TUKL5N87,ao-dmz,3,1stf,Zimmer,Dasher,0.0,Foundations ladders,0.0
2026-01-07,1,C059PJF5NTU,U05LL7ESE79,U017G126ESY,ao-dmz,3,1stf,Elway F3 Naperville,NONE,0.0,Curriers Field goal,0.0
2026-01-07,1,C059PJF5NTU,U05LL7ESE79,U01APFBACP8,ao-dmz,3,1stf,Morticia,Blitzen,0.0,Curriers Field goal,0.0
2026-01-07,1,C059PJF5NTU,U05LL7ESE79,U03765UPB8C,ao-dmz,3,1stf,Chum Bucket,Donner,0.0,Curriers Field goal,0.0
2026-01-07,1,C059PJF5NTU,U05LL7ESE79,U05LL7ESE79,ao-dmz,3,1stf,Cutler,Dancer,0.0,Curriers Field goal,0.0
2026-01-07,1,C059PJF5NTU,U05LL7ESE79,U075J9NN91N,ao-dmz,3,1stf,Pop-Tart,Dancer,0.0,Curriers Field goal,0.0
2026-01-14,2,C059PJF5NTU,U05QJRZNQHH,U017E4NMFQV,ao-dmz,3,1stf,Hanger,Donner,0.0,Corners Hockey,0.0
2026-01-14,2,C059PJF5NTU,U05QJRZNQHH,U01APFBACP8,ao-dmz,3,1stf,Morticia,Blitzen,0.0,Corners Hockey,0.0
2026-01-14,2,C059PJF5NTU,U05QJRZNQHH,U02H51CJS30,ao-dmz,3,1stf,Pull-up,Comet,0.0,Corners Hockey,0.0
2026-01-14,2,C059PJF5NTU,U05QJRZNQHH,U02NST5BMKJ,ao-dmz,3,1stf,Dear Abby,Dancer,0.0,Corners Hockey,0.0
2026-01-14,2,C059PJF5NTU,U05QJRZNQHH,U05LL7ESE79,ao-dmz,3,1stf,Cutler,Dancer,0.0,Corners Hockey,0.0
2026-01-14,2,C059PJF5NTU,U05QJRZNQHH,U05QJRZNQHH,ao-dmz,3,1stf,Corner Kick,Donner,0.0,Corners Hockey,0.0
2026-01-14,2,C059PJF5NTU,U05QJRZNQHH,U05TUKL5N87,ao-dmz,3,1stf,Zimmer,Dasher,0.0,Corners Hockey,0.0
2026-02-11,6,C059PJF5NTU,U05TUKL5N87,U016ZUU67BN,ao-dmz,3,1stf,5-Putt,Vixen,0.0,Zimmer 3 stations,0.0
2026-02-11,6,C059PJF5NTU,U05TUKL5N87,U0171KQRB6D,ao-dmz,3,1stf,vern,Vixen,0.0,Zimmer 3 stations,0.0
2026-02-11,6,C059PJF5NTU,U05TUKL5N87,U017G126ESY,ao-dmz,3,1stf,Elway F3 Naperville,NONE,0.0,Zimmer 3 stations,0.0
2026-02-11,6,C059PJF5NTU,U05TUKL5N87,U017HR8U5RS,ao-dmz,3,1stf,SkidMark,Blitzen,0.0,Zimmer 3 stations,0.0
2026-02-11,6,C059PJF5NTU,U05TUKL5N87,U01APFBACP8,ao-dmz,3,1stf,Morticia,Blitzen,0.0,Zimmer 3 stations,0.0
2026-02-11,6,C059PJF5NTU,U05TUKL5N87,U020A7W78FQ,ao-dmz,3,1stf,Mr. Belding,Donner,0.0,Zimmer 3 stations,0.0
2026-02-11,6,C059PJF5NTU,U05TUKL5N87,U02H51CJS30,ao-dmz,3,1stf,Pull-up,Comet,0.0,Zimmer 3 stations,0.0
2026-02-11,6,C059PJF5NTU,U05TUKL5N87,U03765UPB8C,ao-dmz,3,1stf,Chum Bucket,Donner,0.0,Zimmer 3 stations,0.0
2026-02-11,6,C059PJF5NTU,U05TUKL5N87,U03U8N4P5G8,ao-dmz,3,1stf,Flo,Prancer,0.0,Zimmer 3 stations,0.0
2026-02-11,6,C059PJF5NTU,U05TUKL5N87,U05LL7ESE79,ao-dmz,3,1stf,Cutler,Dancer,0.0,Zimmer 3 stations,0.0
2026-02-11,6,C059PJF5NTU,U05TUKL5N87,U05TUKL5N87,ao-dmz,3,1stf,Zimmer,Dasher,0.0,Zimmer 3 stations,0.0
2026-02-11,6,C059PJF5NTU,U05TUKL5N87,U074T16JBDX,ao-dmz,3,1stf,Deliverance,Prancer,0.0,Zimmer 3 stations,0.0
2026-02-04,5,C059PJF5NTU,U071GSVM24B,U01APFBACP8,ao-dmz,3,1stf,Morticia,Blitzen,0.0,Spit Valve Q,0.0
2026-02-05,5,C059PJF5NTU,U071GSVM24B,U01APFBACP8,ao-dmz,3,1stf,Morticia,Blitzen,0.0,Leggggg day for Spit Valve,0.0
2026-02-04,5,C059PJF5NTU,U071GSVM24B,U02H51CJS30,ao-dmz,3,1stf,Pull-up,Comet,0.0,Spit Valve Q,0.0
2026-02-05,5,C059PJF5NTU,U071GSVM24B,U02H51CJS30,ao-dmz,3,1stf,Pull-up,Comet,0.0,Leggggg day for Spit Valve,0.0
2026-02-04,5,C059PJF5NTU,U071GSVM24B,U05ULCL3806,ao-dmz,3,1stf,Mr. Kotter,Donner,0.0,Spit Valve Q,0.0
2026-02-05,5,C059PJF5NTU,U071GSVM24B,U05ULCL3806,ao-dmz,3,1stf,Mr. Kotter,Donner,0.0,Leggggg day for Spit Valve,0.0
2026-02-04,5,C059PJF5NTU,U071GSVM24B,U071GSVM24B,ao-dmz,3,1stf,Spit Valve,Prancer,0.0,Spit Valve Q,0.0
2026-02-05,5,C059PJF5NTU,U071GSVM24B,U071GSVM24B,ao-dmz,3,1stf,Spit Valve,Prancer,0.0,Leggggg day for Spit Valve,0.0
2026-02-04,5,C059PJF5NTU,U071GSVM24B,U080FGLKUH5,ao-dmz,3,1stf,Hodl,Dancer,0.0,Spit Valve Q,0.0
2026-02-05,5,C059PJF5NTU,U071GSVM24B,U080FGLKUH5,ao-dmz,3,1stf,Hodl,Dancer,0.0,Leggggg day for Spit Valve,0.0
2026-01-28,4,C059PJF5NTU,U080FGLKUH5,U017G126ESY,ao-dmz,3,1stf,Elway F3 Naperville,NONE,0.0,HODL did the DMZ,0.0
2026-01-28,4,C059PJF5NTU,U080FGLKUH5,U01APFBACP8,ao-dmz,3,1stf,Morticia,Blitzen,0.0,HODL did the DMZ,0.0
2026-01-28,4,C059PJF5NTU,U080FGLKUH5,U040R8S1N6P,ao-dmz,3,1stf,Dilbert,Prancer,0.0,HODL did the DMZ,0.0
2026-01-28,4,C059PJF5NTU,U080FGLKUH5,U05LL7ESE79,ao-dmz,3,1stf,Cutler,Dancer,0.0,HODL did the DMZ,0.0
2026-01-28,4,C059PJF5NTU,U080FGLKUH5,U05QJRZNQHH,ao-dmz,3,1stf,Corner Kick,Donner,0.0,HODL did the DMZ,0.0
2026-01-28,4,C059PJF5NTU,U080FGLKUH5,U080FGLKUH5,ao-dmz,3,1stf,Hodl,Dancer,0.0,HODL did the DMZ,0.0
2026-01-28,4,C06FH4FCF5Y,U017Q7Q4CSD,U017Q7Q4CSD,ao-ravens-nest,3,1stf,Ozark,Dancer,0.0,Ozark @Ravens Nest,0.0
2026-01-28,4,C06FH4FCF5Y,U017Q7Q4CSD,U018098KAAC,ao-ravens-nest,3,1stf,Sparkler,Cupid,0.0,Ozark @Ravens Nest,0.0
2026-01-28,4,C06FH4FCF5Y,U017Q7Q4CSD,U03TX17L7AQ,ao-ravens-nest,3,1stf,Foreclosure,Rudolph,0.0,Ozark @Ravens Nest,0.0
2026-01-28,4,C06FH4FCF5Y,U017Q7Q4CSD,U06A1RN2DQF,ao-ravens-nest,3,1stf,Hank Hill,Prancer,0.0,Ozark @Ravens Nest,0.0
2026-01-28,4,C06FH4FCF5Y,U017Q7Q4CSD,U06GZ8ECZC5,ao-ravens-nest,3,1stf,Boomer,Prancer,0.0,Ozark @Ravens Nest,0.0
2026-01-28,4,C06FH4FCF5Y,U017Q7Q4CSD,U06K8PKQGA1,ao-ravens-nest,3,1stf,Duck Hunt,Cupid,0.0,Ozark @Ravens Nest,0.0
2026-01-28,4,C06FH4FCF5Y,U017Q7Q4CSD,U077RQMTNG3,ao-ravens-nest,3,1stf,Celine Dion,Rudolph,0.0,Ozark @Ravens Nest,0.0
2026-01-07,1,C06FH4FCF5Y,U020A3PMS14,U017Q7Q4CSD,ao-ravens-nest,3,1stf,Ozark,Dancer,0.0,Ringo: Ravens nest – Tabata style,0.0
2026-01-07,1,C06FH4FCF5Y,U020A3PMS14,U0194BS66MQ,ao-ravens-nest,3,1stf,Binford,NONE,0.0,Ringo: Ravens nest – Tabata style,0.0
2026-01-07,1,C06FH4FCF5Y,U020A3PMS14,U020A3PMS14,ao-ravens-nest,3,1stf,Ringo,Rudolph,0.0,Ringo: Ravens nest – Tabata style,0.0
2026-01-07,1,C06FH4FCF5Y,U020A3PMS14,U041T99TNTC,ao-ravens-nest,3,1stf,YellowPages,Prancer,0.0,Ringo: Ravens nest – Tabata style,0.0
2026-01-07,1,C06FH4FCF5Y,U020A3PMS14,U051330RY2J,ao-ravens-nest,3,1stf,Depends (3rdF Q),Prancer,0.0,Ringo: Ravens nest – Tabata style,0.0
2026-01-07,1,C06FH4FCF5Y,U020A3PMS14,U05ULCL3806,ao-ravens-nest,3,1stf,Mr. Kotter,Donner,0.0,Ringo: Ravens nest – Tabata style,0.0
2026-01-07,1,C06FH4FCF5Y,U020A3PMS14,U06GZ8ECZC5,ao-ravens-nest,3,1stf,Boomer,Prancer,0.0,Ringo: Ravens nest – Tabata style,0.0
2026-01-07,1,C06FH4FCF5Y,U020A3PMS14,U077RQMTNG3,ao-ravens-nest,3,1stf,Celine Dion,Rudolph,0.0,Ringo: Ravens nest – Tabata style,0.0
2026-01-07,1,C06FH4FCF5Y,U020A3PMS14,U09RGQD77N1,ao-ravens-nest,3,1stf,Circuit City,Prancer,1.0,Ringo: Ravens nest – Tabata style,0.0
2026-02-04,5,C06FH4FCF5Y,U06A1RN2DQF,U041T99TNTC,ao-ravens-nest,3,1stf,YellowPages,Prancer,0.0,Hank Hill saves the day: Raven’s nest,0.0
2026-02-04,5,C06FH4FCF5Y,U06A1RN2DQF,U057QBF3TPW,ao-ravens-nest,3,1stf,Deja vu,NONE,0.0,Hank Hill saves the day: Raven’s nest,0.0
2026-02-04,5,C06FH4FCF5Y,U06A1RN2DQF,U06A1RN2DQF,ao-ravens-nest,3,1stf,Hank Hill,Prancer,0.0,Hank Hill saves the day: Raven’s nest,0.0
2026-02-04,5,C06FH4FCF5Y,U06A1RN2DQF,U06GZ8ECZC5,ao-ravens-nest,3,1stf,Boomer,Prancer,0.0,Hank Hill saves the day: Raven’s nest,0.0
2026-02-04,5,C06FH4FCF5Y,U06A1RN2DQF,U077RQMTNG3,ao-ravens-nest,3,1stf,Celine Dion,Rudolph,0.0,Hank Hill saves the day: Raven’s nest,0.0
2026-01-14,2,C06FH4FCF5Y,U075J9NN91N,U017Q7Q4CSD,ao-ravens-nest,3,1stf,Ozark,Dancer,0.0,Pop-Tart at Ravens Nest,0.0
2026-01-14,2,C06FH4FCF5Y,U075J9NN91N,U041T99TNTC,ao-ravens-nest,3,1stf,YellowPages,Prancer,0.0,Pop-Tart at Ravens Nest,0.0
2026-01-14,2,C06FH4FCF5Y,U075J9NN91N,U06GZ8ECZC5,ao-ravens-nest,3,1stf,Boomer,Prancer,0.0,Pop-Tart at Ravens Nest,0.0
2026-01-14,2,C06FH4FCF5Y,U075J9NN91N,U06K8PKQGA1,ao-ravens-nest,3,1stf,Duck Hunt,Cupid,0.0,Pop-Tart at Ravens Nest,0.0
2026-01-14,2,C06FH4FCF5Y,U075J9NN91N,U075J9NN91N,ao-ravens-nest,3,1stf,Pop-Tart,Dancer,0.0,Pop-Tart at Ravens Nest,0.0
2026-01-14,2,C06FH4FCF5Y,U075J9NN91N,U077RQMTNG3,ao-ravens-nest,3,1stf,Celine Dion,Rudolph,0.0,Pop-Tart at Ravens Nest,0.0
2026-01-21,3,C06FH4FCF5Y,U077RQMTNG3,U020A3PMS14,ao-ravens-nest,3,1stf,Ringo,Rudolph,0.0,Celine Dions Warm us up Workout,0.0
2026-01-21,3,C06FH4FCF5Y,U077RQMTNG3,U041T99TNTC,ao-ravens-nest,3,1stf,YellowPages,Prancer,0.0,Celine Dions Warm us up Workout,0.0
2026-01-21,3,C06FH4FCF5Y,U077RQMTNG3,U06A1RN2DQF,ao-ravens-nest,3,1stf,Hank Hill,Prancer,0.0,Celine Dions Warm us up Workout,0.0
2026-01-21,3,C06FH4FCF5Y,U077RQMTNG3,U06GZ8ECZC5,ao-ravens-nest,3,1stf,Boomer,Prancer,0.0,Celine Dions Warm us up Workout,0.0
2026-01-21,3,C06FH4FCF5Y,U077RQMTNG3,U077RQMTNG3,ao-ravens-nest,3,1stf,Celine Dion,Rudolph,0.0,Celine Dions Warm us up Workout,0.0
2026-02-05,5,C06SUFPUNTZ,U02KN9HUSE6,U02KN9HUSE6,ao-el-coyote,3,1stf,Soft Hands,Cupid,0.0,Soft Hand EL Coyote VQ Run Club,0.0
2026-02-05,5,C06SUFPUNTZ,U02KN9HUSE6,U03765UPB8C,ao-el-coyote,3,1stf,Chum Bucket,Donner,0.0,Soft Hand EL Coyote VQ Run Club,0.0
2026-02-05,5,C06SUFPUNTZ,U02KN9HUSE6,U04U8EGCQS1,ao-el-coyote,3,1stf,Manhole,Comet,0.0,Soft Hand EL Coyote VQ Run Club,0.0
2026-02-05,5,C06SUFPUNTZ,U02KN9HUSE6,U05ULCL3806,ao-el-coyote,3,1stf,Mr. Kotter,Donner,0.0,Soft Hand EL Coyote VQ Run Club,0.0
2026-02-05,5,C06SUFPUNTZ,U02KN9HUSE6,U06GZ8ECZC5,ao-el-coyote,3,1stf,Boomer,Prancer,0.0,Soft Hand EL Coyote VQ Run Club,0.0
2026-02-05,5,C06SUFPUNTZ,U02KN9HUSE6,U06GZE2D66R,ao-el-coyote,3,1stf,Sparky,Dancer,0.0,Soft Hand EL Coyote VQ Run Club,0.0
2026-02-05,5,C06SUFPUNTZ,U02KN9HUSE6,U09D5VDKC85,ao-el-coyote,3,1stf,Otto Man,Cupid,0.0,Soft Hand EL Coyote VQ Run Club,0.0
2026-01-22,3,C06SUFPUNTZ,U03765UPB8C,U03765UPB8C,ao-el-coyote,3,1stf,Chum Bucket,Donner,0.0,Chum Run,0.0
2026-01-22,3,C06SUFPUNTZ,U03765UPB8C,U03SX99V3PU,ao-el-coyote,3,1stf,Meta,Comet,0.0,Chum Run,0.0
2026-01-22,3,C06SUFPUNTZ,U03765UPB8C,U04U8EGCQS1,ao-el-coyote,3,1stf,Manhole,Comet,0.0,Chum Run,0.0
2026-01-22,3,C06SUFPUNTZ,U03765UPB8C,U06GZ8ECZC5,ao-el-coyote,3,1stf,Boomer,Prancer,0.0,Chum Run,0.0
2026-01-22,3,C06SUFPUNTZ,U03765UPB8C,U08EEQUUKSN,ao-el-coyote,3,1stf,Elsa,NONE,0.0,Chum Run,0.0
2026-01-22,3,C06SUFPUNTZ,U03765UPB8C,U09D5VDKC85,ao-el-coyote,3,1stf,Otto Man,Cupid,0.0,Chum Run,0.0
2026-01-06,1,C06SUFPUNTZ,U03SX99V3PU,U019MT194E7,ao-el-coyote,3,1stf,Jellystone,Dasher,0.0,Meta and his little friends,0.0
2026-01-06,1,C06SUFPUNTZ,U03SX99V3PU,U020A3PMS14,ao-el-coyote,3,1stf,Ringo,Rudolph,0.0,Meta and his little friends,0.0
2026-01-06,1,C06SUFPUNTZ,U03SX99V3PU,U03SX99V3PU,ao-el-coyote,3,1stf,Meta,Comet,0.0,Meta and his little friends,0.0
2026-01-06,1,C06SUFPUNTZ,U03SX99V3PU,U04RQB0TXFS,ao-el-coyote,3,1stf,Hot Lava,Comet,0.0,Meta and his little friends,0.0
2026-01-06,1,C06SUFPUNTZ,U03SX99V3PU,U06A1RN2DQF,ao-el-coyote,3,1stf,Hank Hill,Prancer,0.0,Meta and his little friends,0.0
2026-01-06,1,C06SUFPUNTZ,U03SX99V3PU,U06GZ8ECZC5,ao-el-coyote,3,1stf,Boomer,Prancer,0.0,Meta and his little friends,0.0
2026-01-06,1,C06SUFPUNTZ,U03SX99V3PU,U06GZE2D66R,ao-el-coyote,3,1stf,Sparky,Dancer,0.0,Meta and his little friends,0.0
2026-01-06,1,C06SUFPUNTZ,U03SX99V3PU,U06H3QB4KMY,ao-el-coyote,3,1stf,Mahomes,Comet,0.0,Meta and his little friends,0.0
2026-01-06,1,C06SUFPUNTZ,U03SX99V3PU,U07T5DL3VHA,ao-el-coyote,3,1stf,Drive By,Dasher,0.0,Meta and his little friends,0.0
2026-01-06,1,C06SUFPUNTZ,U03SX99V3PU,U09D5VDKC85,ao-el-coyote,3,1stf,Otto Man,Cupid,0.0,Meta and his little friends,0.0
2026-01-20,3,C06SUFPUNTZ,U04U8EGCQS1,U019MT194E7,ao-el-coyote,3,1stf,Jellystone,Dasher,0.0,Ruckin thru the woods,0.0
2026-01-20,3,C06SUFPUNTZ,U04U8EGCQS1,U03SX99V3PU,ao-el-coyote,3,1stf,Meta,Comet,0.0,Ruckin thru the woods,0.0
2026-01-20,3,C06SUFPUNTZ,U04U8EGCQS1,U041R4GK79V,ao-el-coyote,3,1stf,fuzzy navel,Donner,0.0,Ruckin thru the woods,0.0
2026-01-20,3,C06SUFPUNTZ,U04U8EGCQS1,U04M8MS2WHJ,ao-el-coyote,3,1stf,FINCH,NONE,0.0,Ruckin thru the woods,0.0
2026-01-15,2,C06SUFPUNTZ,U04U8EGCQS1,U04RQB0TXFS,ao-el-coyote,3,1stf,Hot Lava,Comet,0.0,Upper body workout,0.0
2026-01-20,3,C06SUFPUNTZ,U04U8EGCQS1,U04RQB0TXFS,ao-el-coyote,3,1stf,Hot Lava,Comet,0.0,Ruckin thru the woods,0.0
2026-01-15,2,C06SUFPUNTZ,U04U8EGCQS1,U04U8EGCQS1,ao-el-coyote,3,1stf,Manhole,Comet,0.0,Upper body workout,0.0
2026-01-20,3,C06SUFPUNTZ,U04U8EGCQS1,U04U8EGCQS1,ao-el-coyote,3,1stf,Manhole,Comet,0.0,Ruckin thru the woods,0.0
2026-01-20,3,C06SUFPUNTZ,U04U8EGCQS1,U06A1RN2DQF,ao-el-coyote,3,1stf,Hank Hill,Prancer,0.0,Ruckin thru the woods,0.0
2026-01-15,2,C06SUFPUNTZ,U04U8EGCQS1,U06GZ8ECZC5,ao-el-coyote,3,1stf,Boomer,Prancer,0.0,Upper body workout,0.0
2026-01-20,3,C06SUFPUNTZ,U04U8EGCQS1,U06GZ8ECZC5,ao-el-coyote,3,1stf,Boomer,Prancer,0.0,Ruckin thru the woods,0.0
2026-01-15,2,C06SUFPUNTZ,U04U8EGCQS1,U06GZE2D66R,ao-el-coyote,3,1stf,Sparky,Dancer,0.0,Upper body workout,0.0
2026-01-20,3,C06SUFPUNTZ,U04U8EGCQS1,U06GZE2D66R,ao-el-coyote,3,1stf,Sparky,Dancer,0.0,Ruckin thru the woods,0.0
2026-01-27,4,C06SUFPUNTZ,U06GZ8ECZC5,U03SX99V3PU,ao-el-coyote,3,1stf,Meta,Comet,0.0,Boomers ruck/merkins,0.0
2026-02-03,5,C06SUFPUNTZ,U06GZ8ECZC5,U03SX99V3PU,ao-el-coyote,3,1stf,Meta,Comet,0.0,Boomer & Sparky 2 year Manny,0.0
2026-01-27,4,C06SUFPUNTZ,U06GZ8ECZC5,U041R4GK79V,ao-el-coyote,3,1stf,fuzzy navel,Donner,0.0,Boomers ruck/merkins,0.0
2026-02-03,5,C06SUFPUNTZ,U06GZ8ECZC5,U041R4GK79V,ao-el-coyote,3,1stf,fuzzy navel,Donner,0.0,Boomer & Sparky 2 year Manny,0.0
2026-02-10,6,C06SUFPUNTZ,U06GZ8ECZC5,U041R4GK79V,ao-el-coyote,3,1stf,fuzzy navel,Donner,0.0,Boomers thang,0.0
2026-02-10,6,C06SUFPUNTZ,U06GZ8ECZC5,U04M8MS2WHJ,ao-el-coyote,3,1stf,FINCH,NONE,0.0,Boomers thang,0.0
2026-01-27,4,C06SUFPUNTZ,U06GZ8ECZC5,U04RQB0TXFS,ao-el-coyote,3,1stf,Hot Lava,Comet,0.0,Boomers ruck/merkins,0.0
2026-02-03,5,C06SUFPUNTZ,U06GZ8ECZC5,U04RQB0TXFS,ao-el-coyote,3,1stf,Hot Lava,Comet,0.0,Boomer & Sparky 2 year Manny,0.0
2026-02-10,6,C06SUFPUNTZ,U06GZ8ECZC5,U04RQB0TXFS,ao-el-coyote,3,1stf,Hot Lava,Comet,0.0,Boomers thang,0.0
2026-01-27,4,C06SUFPUNTZ,U06GZ8ECZC5,U04U8EGCQS1,ao-el-coyote,3,1stf,Manhole,Comet,0.0,Boomers ruck/merkins,0.0
2026-02-03,5,C06SUFPUNTZ,U06GZ8ECZC5,U04U8EGCQS1,ao-el-coyote,3,1stf,Manhole,Comet,0.0,Boomer & Sparky 2 year Manny,0.0
2026-02-10,6,C06SUFPUNTZ,U06GZ8ECZC5,U05ULCL3806,ao-el-coyote,3,1stf,Mr. Kotter,Donner,0.0,Boomers thang,0.0
2026-01-27,4,C06SUFPUNTZ,U06GZ8ECZC5,U06A1RN2DQF,ao-el-coyote,3,1stf,Hank Hill,Prancer,0.0,Boomers ruck/merkins,0.0
2026-02-03,5,C06SUFPUNTZ,U06GZ8ECZC5,U06A1RN2DQF,ao-el-coyote,3,1stf,Hank Hill,Prancer,0.0,Boomer & Sparky 2 year Manny,0.0
2026-02-10,6,C06SUFPUNTZ,U06GZ8ECZC5,U06A1RN2DQF,ao-el-coyote,3,1stf,Hank Hill,Prancer,0.0,Boomers thang,0.0
2026-01-27,4,C06SUFPUNTZ,U06GZ8ECZC5,U06GZ8ECZC5,ao-el-coyote,3,1stf,Boomer,Prancer,0.0,Boomers ruck/merkins,0.0
2026-02-03,5,C06SUFPUNTZ,U06GZ8ECZC5,U06GZ8ECZC5,ao-el-coyote,3,1stf,Boomer,Prancer,0.0,Boomer & Sparky 2 year Manny,0.0
2026-02-10,6,C06SUFPUNTZ,U06GZ8ECZC5,U06GZ8ECZC5,ao-el-coyote,3,1stf,Boomer,Prancer,0.0,Boomers thang,0.0
2026-01-27,4,C06SUFPUNTZ,U06GZ8ECZC5,U06GZE2D66R,ao-el-coyote,3,1stf,Sparky,Dancer,0.0,Boomers ruck/merkins,0.0
2026-02-03,5,C06SUFPUNTZ,U06GZ8ECZC5,U06GZE2D66R,ao-el-coyote,3,1stf,Sparky,Dancer,0.0,Boomer & Sparky 2 year Manny,0.0
2026-02-10,6,C06SUFPUNTZ,U06GZ8ECZC5,U06GZE2D66R,ao-el-coyote,3,1stf,Sparky,Dancer,0.0,Boomers thang,0.0
2026-02-10,6,C06SUFPUNTZ,U06GZ8ECZC5,U06H3QB4KMY,ao-el-coyote,3,1stf,Mahomes,Comet,0.0,Boomers thang,0.0
2026-02-10,6,C06SUFPUNTZ,U06GZ8ECZC5,U091UQXBKJP,ao-el-coyote,3,1stf,Sapsucker (F3 Naperville),Unknown Team,<NA>,Boomers thang,0.0
2026-01-08,1,C06SUFPUNTZ,U06GZE2D66R,U03SX99V3PU,ao-el-coyote,3,1stf,Meta,Comet,0.0,Sparkles lift night!,0.0
2026-01-08,1,C06SUFPUNTZ,U06GZE2D66R,U04RQB0TXFS,ao-el-coyote,3,1stf,Hot Lava,Comet,0.0,Sparkles lift night!,0.0
2026-01-08,1,C06SUFPUNTZ,U06GZE2D66R,U06GZ8ECZC5,ao-el-coyote,3,1stf,Boomer,Prancer,0.0,Sparkles lift night!,0.0
2026-01-08,1,C06SUFPUNTZ,U06GZE2D66R,U06GZE2D66R,ao-el-coyote,3,1stf,Sparky,Dancer,0.0,Sparkles lift night!,0.0
2026-01-08,1,C06SUFPUNTZ,U06GZE2D66R,U06H3QB4KMY,ao-el-coyote,3,1stf,Mahomes,Comet,0.0,Sparkles lift night!,0.0
2026-01-01,0,C06SUFPUNTZ,U06K8PKQGA1,U05ULCL3806,ao-el-coyote,3,1stf,Mr. Kotter,Donner,0.0,Ducks Medicine Ball Ruck,0.0
2026-01-01,0,C06SUFPUNTZ,U06K8PKQGA1,U065EML70E5,ao-el-coyote,3,1stf,Nextel,Unknown Team,<NA>,Ducks Medicine Ball Ruck,0.0
2026-01-01,0,C06SUFPUNTZ,U06K8PKQGA1,U06GZ8ECZC5,ao-el-coyote,3,1stf,Boomer,Prancer,0.0,Ducks Medicine Ball Ruck,0.0
2026-01-01,0,C06SUFPUNTZ,U06K8PKQGA1,U06GZE2D66R,ao-el-coyote,3,1stf,Sparky,Dancer,0.0,Ducks Medicine Ball Ruck,0.0
2026-01-01,0,C06SUFPUNTZ,U06K8PKQGA1,U06K8PKQGA1,ao-el-coyote,3,1stf,Duck Hunt,Cupid,0.0,Ducks Medicine Ball Ruck,0.0
2026-01-13,2,C06SUFPUNTZ,U071GSVM24B,U019MT194E7,ao-el-coyote,3,1stf,Jellystone,Dasher,0.0,The evening ruck with Spitty V,0.0
2026-01-13,2,C06SUFPUNTZ,U071GSVM24B,U03SX99V3PU,ao-el-coyote,3,1stf,Meta,Comet,0.0,The evening ruck with Spitty V,0.0
2026-01-13,2,C06SUFPUNTZ,U071GSVM24B,U041R4GK79V,ao-el-coyote,3,1stf,fuzzy navel,Donner,0.0,The evening ruck with Spitty V,0.0
2026-01-13,2,C06SUFPUNTZ,U071GSVM24B,U04RQB0TXFS,ao-el-coyote,3,1stf,Hot Lava,Comet,0.0,The evening ruck with Spitty V,0.0
2026-01-13,2,C06SUFPUNTZ,U071GSVM24B,U06A1RN2DQF,ao-el-coyote,3,1stf,Hank Hill,Prancer,0.0,The evening ruck with Spitty V,0.0
2026-01-13,2,C06SUFPUNTZ,U071GSVM24B,U06GZ8ECZC5,ao-el-coyote,3,1stf,Boomer,Prancer,0.0,The evening ruck with Spitty V,0.0
2026-01-13,2,C06SUFPUNTZ,U071GSVM24B,U06GZE2D66R,ao-el-coyote,3,1stf,Sparky,Dancer,0.0,The evening ruck with Spitty V,0.0
2026-01-13,2,C06SUFPUNTZ,U071GSVM24B,U071GSVM24B,ao-el-coyote,3,1stf,Spit Valve,Prancer,0.0,The evening ruck with Spitty V,0.0
2026-01-13,2,C06SUFPUNTZ,U071GSVM24B,U09D5VDKC85,ao-el-coyote,3,1stf,Otto Man,Cupid,0.0,The evening ruck with Spitty V,0.0
2026-01-29,4,C06SUFPUNTZ,U092LRKGN2E,U03SX99V3PU,ao-el-coyote,3,1stf,Meta,Comet,0.0,Pearls 2nd Q,0.0
2026-01-29,4,C06SUFPUNTZ,U092LRKGN2E,U041R4GK79V,ao-el-coyote,3,1stf,fuzzy navel,Donner,0.0,Pearls 2nd Q,0.0
2026-01-29,4,C06SUFPUNTZ,U092LRKGN2E,U04RQB0TXFS,ao-el-coyote,3,1stf,Hot Lava,Comet,0.0,Pearls 2nd Q,0.0
2026-01-29,4,C06SUFPUNTZ,U092LRKGN2E,U05ULCL3806,ao-el-coyote,3,1stf,Mr. Kotter,Donner,0.0,Pearls 2nd Q,0.0
2026-01-29,4,C06SUFPUNTZ,U092LRKGN2E,U06GZ8ECZC5,ao-el-coyote,3,1stf,Boomer,Prancer,0.0,Pearls 2nd Q,0.0
2026-01-29,4,C06SUFPUNTZ,U092LRKGN2E,U06GZE2D66R,ao-el-coyote,3,1stf,Sparky,Dancer,0.0,Pearls 2nd Q,0.0
2026-01-29,4,C06SUFPUNTZ,U092LRKGN2E,U092LRKGN2E,ao-el-coyote,3,1stf,Pearl,Comet,0.0,Pearls 2nd Q,0.0
2026-01-29,4,C06SUFPUNTZ,U092LRKGN2E,U095MNVG2R5,ao-el-coyote,3,1stf,Kidney Beans,Blitzen,0.0,Pearls 2nd Q,0.0
2026-01-20,3,C08TMRRJYV7,U018098KAAC,U018098KAAC,ao-black-rock,3,1stf,Sparkler,Cupid,0.0,Sparkler and Duck Hunt Co-Q,0.0
2026-01-20,3,C08TMRRJYV7,U018098KAAC,U020A3PMS14,ao-black-rock,3,1stf,Ringo,Rudolph,0.0,Sparkler and Duck Hunt Co-Q,0.0
2026-01-20,3,C08TMRRJYV7,U018098KAAC,U02KN9HUSE6,ao-black-rock,3,1stf,Soft Hands,Cupid,0.0,Sparkler and Duck Hunt Co-Q,0.0
2026-01-20,3,C08TMRRJYV7,U018098KAAC,U03TX17L7AQ,ao-black-rock,3,1stf,Foreclosure,Rudolph,0.0,Sparkler and Duck Hunt Co-Q,0.0
2026-01-20,3,C08TMRRJYV7,U018098KAAC,U051330RY2J,ao-black-rock,3,1stf,Depends (3rdF Q),Prancer,0.0,Sparkler and Duck Hunt Co-Q,0.0
2026-01-20,3,C08TMRRJYV7,U018098KAAC,U05LL7ESE79,ao-black-rock,3,1stf,Cutler,Dancer,0.0,Sparkler and Duck Hunt Co-Q,0.0
2026-01-20,3,C08TMRRJYV7,U018098KAAC,U06K8PKQGA1,ao-black-rock,3,1stf,Duck Hunt,Cupid,0.0,Sparkler and Duck Hunt Co-Q,0.0
2026-02-03,5,C08TMRRJYV7,U03TX17L7AQ,U018098KAAC,ao-black-rock,3,1stf,Sparkler,Cupid,0.0,Foreclosure's 900th post with the 40's Crew,0.0
2026-02-03,5,C08TMRRJYV7,U03TX17L7AQ,U020A3PMS14,ao-black-rock,3,1stf,Ringo,Rudolph,0.0,Foreclosure's 900th post with the 40's Crew,0.0
2026-02-03,5,C08TMRRJYV7,U03TX17L7AQ,U02KN9HUSE6,ao-black-rock,3,1stf,Soft Hands,Cupid,0.0,Foreclosure's 900th post with the 40's Crew,0.0
2026-02-03,5,C08TMRRJYV7,U03TX17L7AQ,U03765UPB8C,ao-black-rock,3,1stf,Chum Bucket,Donner,0.0,Foreclosure's 900th post with the 40's Crew,0.0
2026-02-03,5,C08TMRRJYV7,U03TX17L7AQ,U03TX17L7AQ,ao-black-rock,3,1stf,Foreclosure,Rudolph,0.0,Foreclosure's 900th post with the 40's Crew,0.0
2026-02-03,5,C08TMRRJYV7,U03TX17L7AQ,U051330RY2J,ao-black-rock,3,1stf,Depends (3rdF Q),Prancer,0.0,Foreclosure's 900th post with the 40's Crew,0.0
2026-01-27,4,C08TMRRJYV7,U05LL7ESE79,U020A3PMS14,ao-black-rock,3,1stf,Ringo,Rudolph,0.0,Cutler's Emergency Themed Workout,0.0
2026-01-27,4,C08TMRRJYV7,U05LL7ESE79,U03SX99V3PU,ao-black-rock,3,1stf,Meta,Comet,0.0,Cutler's Emergency Themed Workout,0.0
2026-01-27,4,C08TMRRJYV7,U05LL7ESE79,U051330RY2J,ao-black-rock,3,1stf,Depends (3rdF Q),Prancer,0.0,Cutler's Emergency Themed Workout,0.0
2026-01-27,4,C08TMRRJYV7,U05LL7ESE79,U05LL7ESE79,ao-black-rock,3,1stf,Cutler,Dancer,0.0,Cutler's Emergency Themed Workout,0.0
2026-01-13,2,C08TMRRJYV7,U087CHQLZ7B,U019MT194E7,ao-black-rock,3,1stf,Jellystone,Dasher,0.0,Ruck and Ruffle with some PT,0.0
2026-01-13,2,C08TMRRJYV7,U087CHQLZ7B,U020A3PMS14,ao-black-rock,3,1stf,Ringo,Rudolph,0.0,Ruck and Ruffle with some PT,0.0
2026-01-13,2,C08TMRRJYV7,U087CHQLZ7B,U03TX17L7AQ,ao-black-rock,3,1stf,Foreclosure,Rudolph,0.0,Ruck and Ruffle with some PT,0.0
2026-01-13,2,C08TMRRJYV7,U087CHQLZ7B,U041T99TNTC,ao-black-rock,3,1stf,YellowPages,Prancer,0.0,Ruck and Ruffle with some PT,0.0
2026-01-13,2,C08TMRRJYV7,U087CHQLZ7B,U051330RY2J,ao-black-rock,3,1stf,Depends (3rdF Q),Prancer,0.0,Ruck and Ruffle with some PT,0.0
2026-01-13,2,C08TMRRJYV7,U087CHQLZ7B,U057QBF3TPW,ao-black-rock,3,1stf,Deja vu,NONE,0.0,Ruck and Ruffle with some PT,0.0
2026-01-13,2,C08TMRRJYV7,U087CHQLZ7B,U087CHQLZ7B,ao-black-rock,3,1stf,Scratch and Dent,Dasher,0.0,Ruck and Ruffle with some PT,0.0
2026-01-13,2,C08TMRRJYV7,U087CHQLZ7B,U09EZ6NN6HH,ao-black-rock,3,1stf,Thesaurus,Dancer,0.0,Ruck and Ruffle with some PT,0.0
2026-02-10,6,C08TMRRJYV7,U08U4PQV3DJ,U041T99TNTC,ao-black-rock,3,1stf,YellowPages,Prancer,0.0,Phoenix has risen,0.0
2026-02-10,6,C08TMRRJYV7,U08U4PQV3DJ,U04Q01BPTPE,ao-black-rock,3,1stf,Olive Oyl,Dasher,0.0,Phoenix has risen,0.0
2026-02-10,6,C08TMRRJYV7,U08U4PQV3DJ,U05LL7ESE79,ao-black-rock,3,1stf,Cutler,Dancer,0.0,Phoenix has risen,0.0
2026-02-10,6,C08TMRRJYV7,U08U4PQV3DJ,U07RD0ACG80,ao-black-rock,3,1stf,Nemo,Prancer,0.0,Phoenix has risen,0.0
2026-02-10,6,C08TMRRJYV7,U08U4PQV3DJ,U080FGLKUH5,ao-black-rock,3,1stf,Hodl,Dancer,0.0,Phoenix has risen,0.0
2026-02-10,6,C08TMRRJYV7,U08U4PQV3DJ,U08U4PQV3DJ,ao-black-rock,3,1stf,Phoenix,Dancer,0.0,Phoenix has risen,0.0
2026-01-06,1,C08TMRRJYV7,U0995LDSXNC,U05GG5NR7KM,ao-black-rock,3,1stf,Pee Wee Herman,Blitzen,0.0,Party in A Bottle Ruck & Coupon Dora,0.0
2026-01-06,1,C08TMRRJYV7,U0995LDSXNC,U05ULCL3806,ao-black-rock,3,1stf,Mr. Kotter,Donner,0.0,Party in A Bottle Ruck & Coupon Dora,0.0
2026-01-06,1,C08TMRRJYV7,U0995LDSXNC,U072HDGJSBG,ao-black-rock,3,1stf,Doozie,Dasher,0.0,Party in A Bottle Ruck & Coupon Dora,0.0
2026-01-06,1,C08TMRRJYV7,U0995LDSXNC,U085PLQU2F4,ao-black-rock,3,1stf,Shankapotomus,Comet,0.0,Party in A Bottle Ruck & Coupon Dora,0.0
2026-01-06,1,C08TMRRJYV7,U0995LDSXNC,U0995LDSXNC,ao-black-rock,3,1stf,Party in a bottle,Dancer,0.0,Party in A Bottle Ruck & Coupon Dora,0.0
2026-01-06,1,C08TMRRJYV7,U0995LDSXNC,U09EZ6NN6HH,ao-black-rock,3,1stf,Thesaurus,Dancer,0.0,Party in A Bottle Ruck & Coupon Dora,0.0
2026-01-31,4,C09U0QQLE6N,U02H51CJS30,U02H51CJS30,ao-da-grizz-ebc,3,1stf,Pull-up,Comet,0.0,EBC at the Grizz,0.0
2026-01-31,4,C09U0QQLE6N,U02H51CJS30,U06K8PKQGA1,ao-da-grizz-ebc,3,1stf,Duck Hunt,Cupid,0.0,EBC at the Grizz,0.0
2026-01-17,2,C09U0QQLE6N,U06GZ8ECZC5,U017Q7Q4CSD,ao-da-grizz-ebc,3,1stf,Ozark,Dancer,0.0,Boom,0.0
2026-02-07,5,C09U0QQLE6N,U06GZ8ECZC5,U017Q7Q4CSD,ao-da-grizz-ebc,3,1stf,Ozark,Dancer,0.0,BOOM!,0.0
2026-01-17,2,C09U0QQLE6N,U06GZ8ECZC5,U03KV19V5JS,ao-da-grizz-ebc,3,1stf,Cowbell,Rudolph,0.0,Boom,0.0
2026-02-07,5,C09U0QQLE6N,U06GZ8ECZC5,U03KV19V5JS,ao-da-grizz-ebc,3,1stf,Cowbell,Rudolph,0.0,BOOM!,0.0
2026-01-17,2,C09U0QQLE6N,U06GZ8ECZC5,U041R4GK79V,ao-da-grizz-ebc,3,1stf,fuzzy navel,Donner,0.0,Boom,0.0
2026-01-17,2,C09U0QQLE6N,U06GZ8ECZC5,U05ULCL3806,ao-da-grizz-ebc,3,1stf,Mr. Kotter,Donner,0.0,Boom,0.0
2026-01-17,2,C09U0QQLE6N,U06GZ8ECZC5,U06GZ8ECZC5,ao-da-grizz-ebc,3,1stf,Boomer,Prancer,0.0,Boom,0.0
2026-02-07,5,C09U0QQLE6N,U06GZ8ECZC5,U06GZ8ECZC5,ao-da-grizz-ebc,3,1stf,Boomer,Prancer,0.0,BOOM!,0.0
2026-01-17,2,C09U0QQLE6N,U06GZ8ECZC5,U06J46ZTPEZ,ao-da-grizz-ebc,3,1stf,Folgers,Rudolph,0.0,Boom,0.0
2026-01-17,2,C09U0QQLE6N,U06GZ8ECZC5,U06K8PKQGA1,ao-da-grizz-ebc,3,1stf,Duck Hunt,Cupid,0.0,Boom,0.0
2026-02-07,5,C09U0QQLE6N,U06GZ8ECZC5,U06K8PKQGA1,ao-da-grizz-ebc,3,1stf,Duck Hunt,Cupid,0.0,BOOM!,0.0
2026-01-17,2,C09U0QQLE6N,U06GZ8ECZC5,U09BBJ81140,ao-da-grizz-ebc,3,1stf,Slapshot,Rudolph,0.0,Boom,0.0
2026-01-01,0,C0A5TV3KTPH,U016V6KHM36,U016V6KHM36,winter_warrior_2026,3,winter_warrior,Dilly Dilly,Vixen,0.0,EC Run,2.0
2026-01-02,0,C0A5TV3KTPH,U016V6KHM36,U016V6KHM36,winter_warrior_2026,3,winter_warrior,Dilly Dilly,Vixen,0.0,EC Run,1.0
2026-01-03,0,C0A5TV3KTPH,U016V6KHM36,U016V6KHM36,winter_warrior_2026,3,winter_warrior,Dilly Dilly,Vixen,0.0,EC Run before Ridge post,4.2
2026-01-05,1,C0A5TV3KTPH,U016V6KHM36,U016V6KHM36,winter_warrior_2026,3,winter_warrior,Dilly Dilly,Vixen,0.0,EC Run @ The Ridge,2.0
2026-01-06,1,C0A5TV3KTPH,U016V6KHM36,U016V6KHM36,winter_warrior_2026,3,winter_warrior,Dilly Dilly,Vixen,0.0,EC Run in Texas,5.0
2026-01-08,1,C0A5TV3KTPH,U016V6KHM36,U016V6KHM36,winter_warrior_2026,3,winter_warrior,Dilly Dilly,Vixen,0.0,EC Run,5.0
2026-01-10,1,C0A5TV3KTPH,U016V6KHM36,U016V6KHM36,winter_warrior_2026,3,winter_warrior,Dilly Dilly,Vixen,0.0,EC Run,5.0
2026-01-13,2,C0A5TV3KTPH,U016V6KHM36,U016V6KHM36,winter_warrior_2026,3,winter_warrior,Dilly Dilly,Vixen,0.0,EC Run @ The Ridge,1.8
2026-01-16,2,C0A5TV3KTPH,U016V6KHM36,U016V6KHM36,winter_warrior_2026,3,winter_warrior,Dilly Dilly,Vixen,0.0,EC Run @ The Ridge,1.8
2026-01-05,1,C0A5TV3KTPH,U0171K8109F,U0171K8109F,winter_warrior_2026,3,winter_warrior,F3CrossroadsIL,NONE,0.0,EC Run,2.93
2026-01-16,2,C0A5TV3KTPH,U0171K8109F,U0171K8109F,winter_warrior_2026,3,winter_warrior,F3CrossroadsIL,NONE,0.0,EC lunch ruck,1.72
2026-01-21,3,C0A5TV3KTPH,U0171K8109F,U0171K8109F,winter_warrior_2026,3,winter_warrior,F3CrossroadsIL,NONE,0.0,EC Lunch Run,4.0
2026-01-27,4,C0A5TV3KTPH,U0171K8109F,U0171K8109F,winter_warrior_2026,3,winter_warrior,F3CrossroadsIL,NONE,0.0,EC Night Ruck,3.0
2026-01-28,4,C0A5TV3KTPH,U0171K8109F,U0171K8109F,winter_warrior_2026,3,winter_warrior,F3CrossroadsIL,NONE,0.0,EC before work ruck,1.16
2026-02-02,5,C0A5TV3KTPH,U0171K8109F,U0171K8109F,winter_warrior_2026,3,winter_warrior,F3CrossroadsIL,NONE,0.0,EC Morning Ruck,3.52
2026-02-03,5,C0A5TV3KTPH,U0171K8109F,U0171K8109F,winter_warrior_2026,3,winter_warrior,F3CrossroadsIL,NONE,0.0,EC lunch run,4.0
2026-02-04,5,C0A5TV3KTPH,U0171K8109F,U0171K8109F,winter_warrior_2026,3,winter_warrior,F3CrossroadsIL,NONE,0.0,EC lunch run,4.08
2026-02-09,6,C0A5TV3KTPH,U0171K8109F,U0171K8109F,winter_warrior_2026,3,winter_warrior,F3CrossroadsIL,NONE,0.0,EC Lunch Run,4.0
2026-02-10,6,C0A5TV3KTPH,U0171K8109F,U0171K8109F,winter_warrior_2026,3,winter_warrior,F3CrossroadsIL,NONE,0.0,EC lunch run,3.1
2026-01-05,1,C0A5TV3KTPH,U0171K8109F,U02A96W697X,winter_warrior_2026,3,winter_warrior,Dauber,Comet,0.0,EC Run,2.93
2026-01-16,2,C0A5TV3KTPH,U0171K8109F,U05ULCL3806,winter_warrior_2026,3,winter_warrior,Mr. Kotter,Donner,0.0,EC lunch ruck,1.72
2026-01-21,3,C0A5TV3KTPH,U0171K8109F,U05ULCL3806,winter_warrior_2026,3,winter_warrior,Mr. Kotter,Donner,0.0,EC Lunch Run,4.0
2026-01-27,4,C0A5TV3KTPH,U0171K8109F,U05ULCL3806,winter_warrior_2026,3,winter_warrior,Mr. Kotter,Donner,0.0,EC Night Ruck,3.0
2026-01-28,4,C0A5TV3KTPH,U0171K8109F,U05ULCL3806,winter_warrior_2026,3,winter_warrior,Mr. Kotter,Donner,0.0,EC before work ruck,1.16
2026-02-02,5,C0A5TV3KTPH,U0171K8109F,U05ULCL3806,winter_warrior_2026,3,winter_warrior,Mr. Kotter,Donner,0.0,EC Morning Ruck,3.52
2026-02-03,5,C0A5TV3KTPH,U0171K8109F,U05ULCL3806,winter_warrior_2026,3,winter_warrior,Mr. Kotter,Donner,0.0,EC lunch run,4.0
2026-02-04,5,C0A5TV3KTPH,U0171K8109F,U05ULCL3806,winter_warrior_2026,3,winter_warrior,Mr. Kotter,Donner,0.0,EC lunch run,4.08
2026-02-09,6,C0A5TV3KTPH,U0171K8109F,U05ULCL3806,winter_warrior_2026,3,winter_warrior,Mr. Kotter,Donner,0.0,EC Lunch Run,4.0
2026-02-10,6,C0A5TV3KTPH,U0171K8109F,U05ULCL3806,winter_warrior_2026,3,winter_warrior,Mr. Kotter,Donner,0.0,EC lunch run,3.1
2026-01-01,0,C0A5TV3KTPH,U018098KAAC,U018098KAAC,winter_warrior_2026,3,winter_warrior,Sparkler,Cupid,0.0,EC before Black Diamond,1.75
2026-01-02,0,C0A5TV3KTPH,U018098KAAC,U018098KAAC,winter_warrior_2026,3,winter_warrior,Sparkler,Cupid,0.0,EC at The Grove,5.7
2026-01-06,1,C0A5TV3KTPH,U018098KAAC,U018098KAAC,winter_warrior_2026,3,winter_warrior,Sparkler,Cupid,0.0,EC Scout Run Before Black Diamond,2.0
2026-01-07,1,C0A5TV3KTPH,U018098KAAC,U018098KAAC,winter_warrior_2026,3,winter_warrior,Sparkler,Cupid,0.0,EC at 3R Before Black Diamond,2.0
2026-01-09,1,C0A5TV3KTPH,U018098KAAC,U018098KAAC,winter_warrior_2026,3,winter_warrior,Sparkler,Cupid,0.0,EC for Grove Fridays,3.4
2026-01-12,2,C0A5TV3KTPH,U018098KAAC,U018098KAAC,winter_warrior_2026,3,winter_warrior,Sparkler,Cupid,0.0,EC at The Silo,4.09
2026-01-13,2,C0A5TV3KTPH,U018098KAAC,U018098KAAC,winter_warrior_2026,3,winter_warrior,Sparkler,Cupid,0.0,EC at The Wood with Picasso,3.24
2026-01-14,2,C0A5TV3KTPH,U018098KAAC,U018098KAAC,winter_warrior_2026,3,winter_warrior,Sparkler,Cupid,0.0,EC before Black Diamond at The Wood,3.15
2026-01-16,2,C0A5TV3KTPH,U018098KAAC,U018098KAAC,winter_warrior_2026,3,winter_warrior,Sparkler,Cupid,0.0,EC at The Grove,3.17
2026-01-19,3,C0A5TV3KTPH,U018098KAAC,U018098KAAC,winter_warrior_2026,3,winter_warrior,Sparkler,Cupid,0.0,EC at Antarctica,3.2
2026-01-20,3,C0A5TV3KTPH,U018098KAAC,U018098KAAC,winter_warrior_2026,3,winter_warrior,Sparkler,Cupid,0.0,EC before Qing Black Rock,3.18
2026-01-21,3,C0A5TV3KTPH,U018098KAAC,U018098KAAC,winter_warrior_2026,3,winter_warrior,Sparkler,Cupid,0.0,EC at The Ridge before Run Club,4.45
2026-01-22,3,C0A5TV3KTPH,U018098KAAC,U018098KAAC,winter_warrior_2026,3,winter_warrior,Sparkler,Cupid,0.0,EC before Black Diamond at DMZ,3.68
2026-01-23,3,C0A5TV3KTPH,U018098KAAC,U018098KAAC,winter_warrior_2026,3,winter_warrior,Sparkler,Cupid,0.0,EC at -3 degrees with Foghorn before Grove Fridays,4.0
2026-01-26,4,C0A5TV3KTPH,U018098KAAC,U018098KAAC,winter_warrior_2026,3,winter_warrior,Sparkler,Cupid,0.0,EC at The Colosseum 1 Degree,3.66
2026-01-27,4,C0A5TV3KTPH,U018098KAAC,U018098KAAC,winter_warrior_2026,3,winter_warrior,Sparkler,Cupid,0.0,EC before Qing the Ridge & pork Loader at the Wood,3.12
2026-01-28,4,C0A5TV3KTPH,U018098KAAC,U018098KAAC,winter_warrior_2026,3,winter_warrior,Sparkler,Cupid,0.0,EC SMiles at Raven's ?‍⬛ Nest,3.14
2026-01-29,4,C0A5TV3KTPH,U018098KAAC,U018098KAAC,winter_warrior_2026,3,winter_warrior,Sparkler,Cupid,0.0,EC before Black Diamond,2.5
2026-01-30,4,C0A5TV3KTPH,U018098KAAC,U018098KAAC,winter_warrior_2026,3,winter_warrior,Sparkler,Cupid,0.0,EC at The Grove with Pull Up,3.3
2026-02-02,5,C0A5TV3KTPH,U018098KAAC,U018098KAAC,winter_warrior_2026,3,winter_warrior,Sparkler,Cupid,0.0,EC at Outpost before Black Diamond,2.0
2026-02-04,5,C0A5TV3KTPH,U018098KAAC,U018098KAAC,winter_warrior_2026,3,winter_warrior,Sparkler,Cupid,0.0,EC with Foghorn at the Siko,3.33
2026-02-05,5,C0A5TV3KTPH,U018098KAAC,U018098KAAC,winter_warrior_2026,3,winter_warrior,Sparkler,Cupid,0.0,EC DR in St. Cliud,6.53
2026-02-06,5,C0A5TV3KTPH,U018098KAAC,U018098KAAC,winter_warrior_2026,3,winter_warrior,Sparkler,Cupid,0.0,EC in St. Cloud at Lake George,3.71
2026-02-09,6,C0A5TV3KTPH,U018098KAAC,U018098KAAC,winter_warrior_2026,3,winter_warrior,Sparkler,Cupid,0.0,EC before Run Club,3.75
2026-01-12,2,C0A5TV3KTPH,U018098KAAC,U03TX17L7AQ,winter_warrior_2026,3,winter_warrior,Foreclosure,Rudolph,0.0,EC at The Silo,4.09
2026-01-20,3,C0A5TV3KTPH,U018098KAAC,U03TX17L7AQ,winter_warrior_2026,3,winter_warrior,Foreclosure,Rudolph,0.0,EC before Qing Black Rock,3.18
2026-01-27,4,C0A5TV3KTPH,U018098KAAC,U03TX17L7AQ,winter_warrior_2026,3,winter_warrior,Foreclosure,Rudolph,0.0,EC before Qing the Ridge & pork Loader at the Wood,3.12
2026-01-28,4,C0A5TV3KTPH,U018098KAAC,U03TX17L7AQ,winter_warrior_2026,3,winter_warrior,Foreclosure,Rudolph,0.0,EC SMiles at Raven's ?‍⬛ Nest,3.14
2026-01-01,0,C0A5TV3KTPH,U018098KAAC,U06K8PKQGA1,winter_warrior_2026,3,winter_warrior,Duck Hunt,Cupid,0.0,EC before Black Diamond,1.75
2026-01-20,3,C0A5TV3KTPH,U018098KAAC,U06K8PKQGA1,winter_warrior_2026,3,winter_warrior,Duck Hunt,Cupid,0.0,EC before Qing Black Rock,3.18
2026-01-28,4,C0A5TV3KTPH,U018098KAAC,U06K8PKQGA1,winter_warrior_2026,3,winter_warrior,Duck Hunt,Cupid,0.0,EC SMiles at Raven's ?‍⬛ Nest,3.14
2026-01-03,0,C0A5TV3KTPH,U02A96W697X,U02A96W697X,winter_warrior_2026,3,winter_warrior,Dauber,Comet,0.0,EC run,2.97
2026-01-05,1,C0A5TV3KTPH,U02A96W697X,U02A96W697X,winter_warrior_2026,3,winter_warrior,Dauber,Comet,0.0,Please delete,2.93
2026-01-07,1,C0A5TV3KTPH,U02A96W697X,U02A96W697X,winter_warrior_2026,3,winter_warrior,Dauber,Comet,0.0,EC3,3.01
2026-01-08,1,C0A5TV3KTPH,U02A96W697X,U02A96W697X,winter_warrior_2026,3,winter_warrior,Dauber,Comet,0.0,EC,1.56
2026-01-12,2,C0A5TV3KTPH,U02A96W697X,U02A96W697X,winter_warrior_2026,3,winter_warrior,Dauber,Comet,0.0,EC at The Colosseum,3.06
2026-01-14,2,C0A5TV3KTPH,U02A96W697X,U02A96W697X,winter_warrior_2026,3,winter_warrior,Dauber,Comet,0.0,EC at TR,3.01
2026-01-16,2,C0A5TV3KTPH,U02A96W697X,U02A96W697X,winter_warrior_2026,3,winter_warrior,Dauber,Comet,0.0,EC at TO,3.25
2026-01-20,3,C0A5TV3KTPH,U02A96W697X,U02A96W697X,winter_warrior_2026,3,winter_warrior,Dauber,Comet,0.0,EC Run,1.0
2026-01-21,3,C0A5TV3KTPH,U02A96W697X,U02A96W697X,winter_warrior_2026,3,winter_warrior,Dauber,Comet,0.0,EC before Run Club,3.36
2026-01-23,3,C0A5TV3KTPH,U02A96W697X,U02A96W697X,winter_warrior_2026,3,winter_warrior,Dauber,Comet,0.0,EC before Run Club,3.5
2026-01-26,4,C0A5TV3KTPH,U02A96W697X,U02A96W697X,winter_warrior_2026,3,winter_warrior,Dauber,Comet,0.0,EC @ TG,3.0
2026-01-30,4,C0A5TV3KTPH,U02A96W697X,U02A96W697X,winter_warrior_2026,3,winter_warrior,Dauber,Comet,0.0,EC @ TO,3.03
2026-02-02,5,C0A5TV3KTPH,U02A96W697X,U02A96W697X,winter_warrior_2026,3,winter_warrior,Dauber,Comet,0.0,EC at TC,3.02
2026-02-03,5,C0A5TV3KTPH,U02A96W697X,U02A96W697X,winter_warrior_2026,3,winter_warrior,Dauber,Comet,0.0,EC @ TC,3.0
2026-02-04,5,C0A5TV3KTPH,U02A96W697X,U02A96W697X,winter_warrior_2026,3,winter_warrior,Dauber,Comet,0.0,EC Before Run Club,3.01
2026-02-06,5,C0A5TV3KTPH,U02A96W697X,U02A96W697X,winter_warrior_2026,3,winter_warrior,Dauber,Comet,0.0,EC @ TO,3.25
2026-02-07,5,C0A5TV3KTPH,U02A96W697X,U02A96W697X,winter_warrior_2026,3,winter_warrior,Dauber,Comet,0.0,EC Long run at Springbrook,9.52
2026-02-09,6,C0A5TV3KTPH,U02A96W697X,U02A96W697X,winter_warrior_2026,3,winter_warrior,Dauber,Comet,0.0,EC before Run Club,3.03
2026-02-11,6,C0A5TV3KTPH,U02A96W697X,U02A96W697X,winter_warrior_2026,3,winter_warrior,Dauber,Comet,0.0,EC before Run Club,3.0
2026-01-23,3,C0A5TV3KTPH,U02A96W697X,U02KN9HUSE6,winter_warrior_2026,3,winter_warrior,Soft Hands,Cupid,0.0,EC before Run Club,3.5
2026-01-30,4,C0A5TV3KTPH,U02A96W697X,U03TX17L7AQ,winter_warrior_2026,3,winter_warrior,Foreclosure,Rudolph,0.0,EC @ TO,3.03
2026-01-12,2,C0A5TV3KTPH,U02A96W697X,U051330RY2J,winter_warrior_2026,3,winter_warrior,Depends (3rdF Q),Prancer,0.0,EC at The Colosseum,3.06
2026-01-16,2,C0A5TV3KTPH,U02A96W697X,U051330RY2J,winter_warrior_2026,3,winter_warrior,Depends (3rdF Q),Prancer,0.0,EC at TO,3.25
2026-01-23,3,C0A5TV3KTPH,U02A96W697X,U051330RY2J,winter_warrior_2026,3,winter_warrior,Depends (3rdF Q),Prancer,0.0,EC before Run Club,3.5
2026-01-30,4,C0A5TV3KTPH,U02A96W697X,U051330RY2J,winter_warrior_2026,3,winter_warrior,Depends (3rdF Q),Prancer,0.0,EC @ TO,3.03
2026-01-30,4,C0A5TV3KTPH,U02A96W697X,U070NTWF7G8,winter_warrior_2026,3,winter_warrior,Foghorn,Dancer,0.0,EC @ TO,3.03
2026-01-02,0,C0A5TV3KTPH,U02H51CJS30,U02H51CJS30,winter_warrior_2026,3,winter_warrior,Pull-up,Comet,0.0,EC The Grove Run,4.25
2026-01-04,1,C0A5TV3KTPH,U02H51CJS30,U02H51CJS30,winter_warrior_2026,3,winter_warrior,Pull-up,Comet,0.0,EC 3.15 Run,3.15
2026-01-05,1,C0A5TV3KTPH,U02H51CJS30,U02H51CJS30,winter_warrior_2026,3,winter_warrior,Pull-up,Comet,0.0,EC Run 2.69,2.69
2026-01-07,1,C0A5TV3KTPH,U02H51CJS30,U02H51CJS30,winter_warrior_2026,3,winter_warrior,Pull-up,Comet,0.0,EC 3,3.0
2026-01-08,1,C0A5TV3KTPH,U02H51CJS30,U02H51CJS30,winter_warrior_2026,3,winter_warrior,Pull-up,Comet,0.0,EC 2,1.96
2026-01-09,1,C0A5TV3KTPH,U02H51CJS30,U02H51CJS30,winter_warrior_2026,3,winter_warrior,Pull-up,Comet,0.0,EC 3,2.97
2026-01-12,2,C0A5TV3KTPH,U02H51CJS30,U02H51CJS30,winter_warrior_2026,3,winter_warrior,Pull-up,Comet,0.0,EC 3 at the ridge,3.01
2026-01-13,2,C0A5TV3KTPH,U02H51CJS30,U02H51CJS30,winter_warrior_2026,3,winter_warrior,Pull-up,Comet,0.0,EC pre-BD 2.5,2.5
2026-01-14,2,C0A5TV3KTPH,U02H51CJS30,U02H51CJS30,winter_warrior_2026,3,winter_warrior,Pull-up,Comet,0.0,EC 3 pre DMZ BC,3.0
2026-01-16,2,C0A5TV3KTPH,U02H51CJS30,U02H51CJS30,winter_warrior_2026,3,winter_warrior,Pull-up,Comet,0.0,EC at the Grove,3.18
2026-01-18,3,C0A5TV3KTPH,U02H51CJS30,U02H51CJS30,winter_warrior_2026,3,winter_warrior,Pull-up,Comet,0.0,EC Run,5.03
2026-01-19,3,C0A5TV3KTPH,U02H51CJS30,U02H51CJS30,winter_warrior_2026,3,winter_warrior,Pull-up,Comet,0.0,EC Run Silo,3.19
2026-01-20,3,C0A5TV3KTPH,U02H51CJS30,U02H51CJS30,winter_warrior_2026,3,winter_warrior,Pull-up,Comet,0.0,EC 3 run,3.0
2026-01-21,3,C0A5TV3KTPH,U02H51CJS30,U02H51CJS30,winter_warrior_2026,3,winter_warrior,Pull-up,Comet,0.0,EC Run,3.18
2026-01-22,3,C0A5TV3KTPH,U02H51CJS30,U02H51CJS30,winter_warrior_2026,3,winter_warrior,Pull-up,Comet,0.0,EC pre BD,3.5
2026-01-24,3,C0A5TV3KTPH,U02H51CJS30,U02H51CJS30,winter_warrior_2026,3,winter_warrior,Pull-up,Comet,0.0,EC Saturday,5.04
2026-01-26,4,C0A5TV3KTPH,U02H51CJS30,U02H51CJS30,winter_warrior_2026,3,winter_warrior,Pull-up,Comet,0.0,EC before Silo,3.0
2026-01-27,4,C0A5TV3KTPH,U02H51CJS30,U02H51CJS30,winter_warrior_2026,3,winter_warrior,Pull-up,Comet,0.0,EC at TR,3.0
2026-01-28,4,C0A5TV3KTPH,U02H51CJS30,U02H51CJS30,winter_warrior_2026,3,winter_warrior,Pull-up,Comet,0.0,EC at the most erect AO,3.18
2026-01-29,4,C0A5TV3KTPH,U02H51CJS30,U02H51CJS30,winter_warrior_2026,3,winter_warrior,Pull-up,Comet,0.0,EC pre O,1.87
2026-01-30,4,C0A5TV3KTPH,U02H51CJS30,U02H51CJS30,winter_warrior_2026,3,winter_warrior,Pull-up,Comet,0.0,EC pre Grove,3.3
2026-02-02,5,C0A5TV3KTPH,U02H51CJS30,U02H51CJS30,winter_warrior_2026,3,winter_warrior,Pull-up,Comet,0.0,EC pre Ridge,2.85
2026-02-03,5,C0A5TV3KTPH,U02H51CJS30,U02H51CJS30,winter_warrior_2026,3,winter_warrior,Pull-up,Comet,0.0,EC pre Black Diamond Lift Club,3.0
2026-02-04,5,C0A5TV3KTPH,U02H51CJS30,U02H51CJS30,winter_warrior_2026,3,winter_warrior,Pull-up,Comet,0.0,EC pre DMZ,3.0
2026-02-05,5,C0A5TV3KTPH,U02H51CJS30,U02H51CJS30,winter_warrior_2026,3,winter_warrior,Pull-up,Comet,0.0,EC pre TC,3.07
2026-02-06,5,C0A5TV3KTPH,U02H51CJS30,U02H51CJS30,winter_warrior_2026,3,winter_warrior,Pull-up,Comet,0.0,EC pre Grove,3.12
2026-02-08,6,C0A5TV3KTPH,U02H51CJS30,U02H51CJS30,winter_warrior_2026,3,winter_warrior,Pull-up,Comet,0.0,EC Sunday,3.23
2026-02-09,6,C0A5TV3KTPH,U02H51CJS30,U02H51CJS30,winter_warrior_2026,3,winter_warrior,Pull-up,Comet,0.0,EC pre Silo,3.0
2026-02-10,6,C0A5TV3KTPH,U02H51CJS30,U02H51CJS30,winter_warrior_2026,3,winter_warrior,Pull-up,Comet,0.0,EC pre Ridge,3.07
2026-01-08,1,C0A5TV3KTPH,U02H51CJS30,U03765UPB8C,winter_warrior_2026,3,winter_warrior,Chum Bucket,Donner,0.0,EC 2,1.96
2026-01-02,0,C0A5TV3KTPH,U03765UPB8C,U03765UPB8C,winter_warrior_2026,3,winter_warrior,Chum Bucket,Donner,0.0,EC Daily one-miler with the fam (ruck),1.0
2026-01-03,0,C0A5TV3KTPH,U03765UPB8C,U03765UPB8C,winter_warrior_2026,3,winter_warrior,Chum Bucket,Donner,0.0,EC before the Ridge,2.0
2026-01-04,1,C0A5TV3KTPH,U03765UPB8C,U03765UPB8C,winter_warrior_2026,3,winter_warrior,Chum Bucket,Donner,0.0,EC family ruck around the Grove,3.27
2026-01-05,1,C0A5TV3KTPH,U03765UPB8C,U03765UPB8C,winter_warrior_2026,3,winter_warrior,Chum Bucket,Donner,0.0,EC,1.0
2026-01-06,1,C0A5TV3KTPH,U03765UPB8C,U03765UPB8C,winter_warrior_2026,3,winter_warrior,Chum Bucket,Donner,0.0,EC,1.5
2026-01-07,1,C0A5TV3KTPH,U03765UPB8C,U03765UPB8C,winter_warrior_2026,3,winter_warrior,Chum Bucket,Donner,0.0,EC,2.0
2026-01-09,1,C0A5TV3KTPH,U03765UPB8C,U03765UPB8C,winter_warrior_2026,3,winter_warrior,Chum Bucket,Donner,0.0,EC,1.0
2026-01-12,2,C0A5TV3KTPH,U03765UPB8C,U03765UPB8C,winter_warrior_2026,3,winter_warrior,Chum Bucket,Donner,0.0,EC,3.0
2026-01-14,2,C0A5TV3KTPH,U03765UPB8C,U03765UPB8C,winter_warrior_2026,3,winter_warrior,Chum Bucket,Donner,0.0,EC,2.0
2026-01-16,2,C0A5TV3KTPH,U03765UPB8C,U03765UPB8C,winter_warrior_2026,3,winter_warrior,Chum Bucket,Donner,0.0,EC,2.0
2026-01-20,3,C0A5TV3KTPH,U03765UPB8C,U03765UPB8C,winter_warrior_2026,3,winter_warrior,Chum Bucket,Donner,0.0,EC,1.0
2026-01-21,3,C0A5TV3KTPH,U03765UPB8C,U03765UPB8C,winter_warrior_2026,3,winter_warrior,Chum Bucket,Donner,0.0,EC,2.0
2026-01-22,3,C0A5TV3KTPH,U03765UPB8C,U03765UPB8C,winter_warrior_2026,3,winter_warrior,Chum Bucket,Donner,0.0,EC,1.0
2026-01-24,3,C0A5TV3KTPH,U03765UPB8C,U03765UPB8C,winter_warrior_2026,3,winter_warrior,Chum Bucket,Donner,0.0,EC Starved Rock hike - eagle ? watch,3.19
2026-01-26,4,C0A5TV3KTPH,U03765UPB8C,U03765UPB8C,winter_warrior_2026,3,winter_warrior,Chum Bucket,Donner,0.0,EC,2.0
2026-01-28,4,C0A5TV3KTPH,U03765UPB8C,U03765UPB8C,winter_warrior_2026,3,winter_warrior,Chum Bucket,Donner,0.0,EC,2.5
2026-01-29,4,C0A5TV3KTPH,U03765UPB8C,U03765UPB8C,winter_warrior_2026,3,winter_warrior,Chum Bucket,Donner,0.0,EC,2.5
2026-01-30,4,C0A5TV3KTPH,U03765UPB8C,U03765UPB8C,winter_warrior_2026,3,winter_warrior,Chum Bucket,Donner,0.0,EC,2.5
2026-02-01,5,C0A5TV3KTPH,U03765UPB8C,U03765UPB8C,winter_warrior_2026,3,winter_warrior,Chum Bucket,Donner,0.0,EC,4.5
2026-02-02,5,C0A5TV3KTPH,U03765UPB8C,U03765UPB8C,winter_warrior_2026,3,winter_warrior,Chum Bucket,Donner,0.0,EC,3.0
2026-02-04,5,C0A5TV3KTPH,U03765UPB8C,U03765UPB8C,winter_warrior_2026,3,winter_warrior,Chum Bucket,Donner,0.0,EC,1.5
2026-02-06,5,C0A5TV3KTPH,U03765UPB8C,U03765UPB8C,winter_warrior_2026,3,winter_warrior,Chum Bucket,Donner,0.0,EC,3.0
2026-02-08,6,C0A5TV3KTPH,U03765UPB8C,U03765UPB8C,winter_warrior_2026,3,winter_warrior,Chum Bucket,Donner,0.0,EC,3.6
2026-02-10,6,C0A5TV3KTPH,U03765UPB8C,U03765UPB8C,winter_warrior_2026,3,winter_warrior,Chum Bucket,Donner,0.0,EC,3.0
2026-01-05,1,C0A5TV3KTPH,U03TX17L7AQ,U018098KAAC,winter_warrior_2026,3,winter_warrior,Sparkler,Cupid,0.0,EC Run,4.4
2026-02-03,5,C0A5TV3KTPH,U03TX17L7AQ,U018098KAAC,winter_warrior_2026,3,winter_warrior,Sparkler,Cupid,0.0,EC snow miles before Black Rock,3.14
2026-01-14,2,C0A5TV3KTPH,U03TX17L7AQ,U02KN9HUSE6,winter_warrior_2026,3,winter_warrior,Soft Hands,Cupid,0.0,EC at the wood,4.0
2026-02-03,5,C0A5TV3KTPH,U03TX17L7AQ,U02KN9HUSE6,winter_warrior_2026,3,winter_warrior,Soft Hands,Cupid,0.0,EC snow miles before Black Rock,3.14
2026-01-05,1,C0A5TV3KTPH,U03TX17L7AQ,U03TX17L7AQ,winter_warrior_2026,3,winter_warrior,Foreclosure,Rudolph,0.0,EC Run,4.4
2026-01-13,2,C0A5TV3KTPH,U03TX17L7AQ,U03TX17L7AQ,winter_warrior_2026,3,winter_warrior,Foreclosure,Rudolph,0.0,EC Run,2.0
2026-01-14,2,C0A5TV3KTPH,U03TX17L7AQ,U03TX17L7AQ,winter_warrior_2026,3,winter_warrior,Foreclosure,Rudolph,0.0,EC at the wood,4.0
2026-01-16,2,C0A5TV3KTPH,U03TX17L7AQ,U03TX17L7AQ,winter_warrior_2026,3,winter_warrior,Foreclosure,Rudolph,0.0,EC @ 3 Rivers,4.0
2026-01-21,3,C0A5TV3KTPH,U03TX17L7AQ,U03TX17L7AQ,winter_warrior_2026,3,winter_warrior,Foreclosure,Rudolph,0.0,EC @ The Silo,3.11
2026-01-23,3,C0A5TV3KTPH,U03TX17L7AQ,U03TX17L7AQ,winter_warrior_2026,3,winter_warrior,Foreclosure,Rudolph,0.0,EC,3.24
2026-01-24,3,C0A5TV3KTPH,U03TX17L7AQ,U03TX17L7AQ,winter_warrior_2026,3,winter_warrior,Foreclosure,Rudolph,0.0,EC run,1.67
2026-01-25,4,C0A5TV3KTPH,U03TX17L7AQ,U03TX17L7AQ,winter_warrior_2026,3,winter_warrior,Foreclosure,Rudolph,0.0,Snowman LBS,0.0
2026-01-26,4,C0A5TV3KTPH,U03TX17L7AQ,U03TX17L7AQ,winter_warrior_2026,3,winter_warrior,Foreclosure,Rudolph,0.0,EC at TG,3.1
2026-01-29,4,C0A5TV3KTPH,U03TX17L7AQ,U03TX17L7AQ,winter_warrior_2026,3,winter_warrior,Foreclosure,Rudolph,0.0,EC uno,1.0
2026-02-02,5,C0A5TV3KTPH,U03TX17L7AQ,U03TX17L7AQ,winter_warrior_2026,3,winter_warrior,Foreclosure,Rudolph,0.0,EC before run club,3.14
2026-02-03,5,C0A5TV3KTPH,U03TX17L7AQ,U03TX17L7AQ,winter_warrior_2026,3,winter_warrior,Foreclosure,Rudolph,0.0,EC snow miles before Black Rock,3.14
2026-02-06,5,C0A5TV3KTPH,U03TX17L7AQ,U03TX17L7AQ,winter_warrior_2026,3,winter_warrior,Foreclosure,Rudolph,0.0,ECR at TO,3.25
2026-02-09,6,C0A5TV3KTPH,U03TX17L7AQ,U03TX17L7AQ,winter_warrior_2026,3,winter_warrior,Foreclosure,Rudolph,0.0,ECR,3.14
2026-02-11,6,C0A5TV3KTPH,U03TX17L7AQ,U03TX17L7AQ,winter_warrior_2026,3,winter_warrior,Foreclosure,Rudolph,0.0,EC 5K,3.1
2026-02-02,5,C0A5TV3KTPH,U03TX17L7AQ,U051330RY2J,winter_warrior_2026,3,winter_warrior,Depends (3rdF Q),Prancer,0.0,EC before run club,3.14
2026-02-03,5,C0A5TV3KTPH,U03TX17L7AQ,U051330RY2J,winter_warrior_2026,3,winter_warrior,Depends (3rdF Q),Prancer,0.0,EC snow miles before Black Rock,3.14
2026-01-05,1,C0A5TV3KTPH,U03TX17L7AQ,U070NTWF7G8,winter_warrior_2026,3,winter_warrior,Foghorn,Dancer,0.0,EC Run,4.4
2026-01-01,0,C0A5TV3KTPH,U041ATZKYR3,U018098KAAC,winter_warrior_2026,3,winter_warrior,Sparkler,Cupid,0.0,Donation - Mobile Blood Donation (12/30),0.0
2026-01-01,0,C0A5TV3KTPH,U041ATZKYR3,U041ATZKYR3,winter_warrior_2026,3,winter_warrior,F3Plainfield_IL,NONE,0.0,Donation - Mobile Blood Donation (12/30),0.0
2026-01-14,2,C0A5TV3KTPH,U041ATZKYR3,U041ATZKYR3,winter_warrior_2026,3,winter_warrior,F3Plainfield_IL,NONE,0.0,EC Run before Millville Q at The Wood,1.51
2026-01-28,4,C0A5TV3KTPH,U041ATZKYR3,U041ATZKYR3,winter_warrior_2026,3,winter_warrior,F3Plainfield_IL,NONE,0.0,donation $25,0.0
2026-01-14,2,C0A5TV3KTPH,U041ATZKYR3,U057QBF3TPW,winter_warrior_2026,3,winter_warrior,Deja vu,NONE,0.0,EC Run before Millville Q at The Wood,1.51
2026-01-28,4,C0A5TV3KTPH,U041ATZKYR3,U05ULCL3806,winter_warrior_2026,3,winter_warrior,Mr. Kotter,Donner,0.0,donation $25,0.0
2026-01-02,0,C0A5TV3KTPH,U051330RY2J,U03TX17L7AQ,winter_warrior_2026,3,winter_warrior,Foreclosure,Rudolph,0.0,EC run at TO,3.47
2026-01-02,0,C0A5TV3KTPH,U051330RY2J,U048GCZ7GBY,winter_warrior_2026,3,winter_warrior,Broomstick,Vixen,0.0,EC run at TO,3.47
2026-01-02,0,C0A5TV3KTPH,U051330RY2J,U051330RY2J,winter_warrior_2026,3,winter_warrior,Depends (3rdF Q),Prancer,0.0,EC run at TO,3.47
2026-01-05,1,C0A5TV3KTPH,U051330RY2J,U051330RY2J,winter_warrior_2026,3,winter_warrior,Depends (3rdF Q),Prancer,0.0,EC winter run at work,2.25
2026-01-08,1,C0A5TV3KTPH,U051330RY2J,U051330RY2J,winter_warrior_2026,3,winter_warrior,Depends (3rdF Q),Prancer,0.0,EC at TO with friends!,2.1
2026-01-10,1,C0A5TV3KTPH,U051330RY2J,U051330RY2J,winter_warrior_2026,3,winter_warrior,Depends (3rdF Q),Prancer,0.0,EC ruck,3.02
2026-01-17,2,C0A5TV3KTPH,U051330RY2J,U051330RY2J,winter_warrior_2026,3,winter_warrior,Depends (3rdF Q),Prancer,0.0,EC cold miles and burpees 100,7.19
2026-01-19,3,C0A5TV3KTPH,U051330RY2J,U051330RY2J,winter_warrior_2026,3,winter_warrior,Depends (3rdF Q),Prancer,0.0,EC at the silo. Burrrr,3.35
2026-01-26,4,C0A5TV3KTPH,U051330RY2J,U051330RY2J,winter_warrior_2026,3,winter_warrior,Depends (3rdF Q),Prancer,0.0,EC at TC,3.4
2026-01-29,4,C0A5TV3KTPH,U051330RY2J,U051330RY2J,winter_warrior_2026,3,winter_warrior,Depends (3rdF Q),Prancer,0.0,EC before TO,3.19
2026-02-06,5,C0A5TV3KTPH,U051330RY2J,U051330RY2J,winter_warrior_2026,3,winter_warrior,Depends (3rdF Q),Prancer,0.0,EC at TO,3.61
2026-01-12,2,C0A5TV3KTPH,U057QBF3TPW,U057QBF3TPW,winter_warrior_2026,3,winter_warrior,Deja vu,NONE,0.0,EC Run before Tool Box Q at The Wood,1.51
2026-01-13,2,C0A5TV3KTPH,U057QBF3TPW,U057QBF3TPW,winter_warrior_2026,3,winter_warrior,Deja vu,NONE,0.0,EC Run before Ruck Club at Black Rock,1.32
2026-01-16,2,C0A5TV3KTPH,U057QBF3TPW,U057QBF3TPW,winter_warrior_2026,3,winter_warrior,Deja vu,NONE,0.0,EC at Three Rivers,1.05
2026-01-18,3,C0A5TV3KTPH,U057QBF3TPW,U057QBF3TPW,winter_warrior_2026,3,winter_warrior,Deja vu,NONE,0.0,EC Ruck,3.52
2026-01-21,3,C0A5TV3KTPH,U057QBF3TPW,U057QBF3TPW,winter_warrior_2026,3,winter_warrior,Deja vu,NONE,0.0,EC Run at The Wood,1.24
2026-01-22,3,C0A5TV3KTPH,U057QBF3TPW,U057QBF3TPW,winter_warrior_2026,3,winter_warrior,Deja vu,NONE,0.0,EC Run at Colosseum,0.77
2026-01-25,4,C0A5TV3KTPH,U057QBF3TPW,U057QBF3TPW,winter_warrior_2026,3,winter_warrior,Deja vu,NONE,0.0,EC Ruck,4.23
2026-01-26,4,C0A5TV3KTPH,U057QBF3TPW,U057QBF3TPW,winter_warrior_2026,3,winter_warrior,Deja vu,NONE,0.0,EC Run at The Wood,1.12
2026-01-27,4,C0A5TV3KTPH,U057QBF3TPW,U057QBF3TPW,winter_warrior_2026,3,winter_warrior,Deja vu,NONE,0.0,EC Run at Three Rivers,1.01
2026-01-28,4,C0A5TV3KTPH,U057QBF3TPW,U057QBF3TPW,winter_warrior_2026,3,winter_warrior,Deja vu,NONE,0.0,EC Run at The Wood,2.05
2026-01-29,4,C0A5TV3KTPH,U057QBF3TPW,U057QBF3TPW,winter_warrior_2026,3,winter_warrior,Deja vu,NONE,0.0,EC at the O before my Q,0.95
2026-02-01,5,C0A5TV3KTPH,U057QBF3TPW,U057QBF3TPW,winter_warrior_2026,3,winter_warrior,Deja vu,NONE,0.0,EC Ruck,3.42
2026-02-02,5,C0A5TV3KTPH,U057QBF3TPW,U057QBF3TPW,winter_warrior_2026,3,winter_warrior,Deja vu,NONE,0.0,EC Run at The Wood,1.39
2026-02-03,5,C0A5TV3KTPH,U057QBF3TPW,U057QBF3TPW,winter_warrior_2026,3,winter_warrior,Deja vu,NONE,0.0,EC before Pearls on a String at Three Rivers,1.02
2026-02-05,5,C0A5TV3KTPH,U057QBF3TPW,U057QBF3TPW,winter_warrior_2026,3,winter_warrior,Deja vu,NONE,0.0,EC Run before and after boot camp,2.02
2026-02-06,5,C0A5TV3KTPH,U057QBF3TPW,U057QBF3TPW,winter_warrior_2026,3,winter_warrior,Deja vu,NONE,0.0,EC at Three Rivers,1.0
2026-02-07,5,C0A5TV3KTPH,U057QBF3TPW,U057QBF3TPW,winter_warrior_2026,3,winter_warrior,Deja vu,NONE,0.0,EC Channahon Frosty 5 Mile,5.0
2026-02-08,6,C0A5TV3KTPH,U057QBF3TPW,U057QBF3TPW,winter_warrior_2026,3,winter_warrior,Deja vu,NONE,0.0,EC: Ruck,4.01
2026-01-09,1,C0A5TV3KTPH,U05ULCL3806,U02A96W697X,winter_warrior_2026,3,winter_warrior,Dauber,Comet,0.0,EC the Olympiad,3.24
2026-01-28,4,C0A5TV3KTPH,U05ULCL3806,U02A96W697X,winter_warrior_2026,3,winter_warrior,Dauber,Comet,0.0,EC Run,3.09
2026-01-28,4,C0A5TV3KTPH,U05ULCL3806,U02KN9HUSE6,winter_warrior_2026,3,winter_warrior,Soft Hands,Cupid,0.0,EC Run,3.09
2026-01-02,0,C0A5TV3KTPH,U05ULCL3806,U05ULCL3806,winter_warrior_2026,3,winter_warrior,Mr. Kotter,Donner,0.0,EC The Colosseum Ruck,2.77
2026-01-03,0,C0A5TV3KTPH,U05ULCL3806,U05ULCL3806,winter_warrior_2026,3,winter_warrior,Mr. Kotter,Donner,0.0,Donation,0.0
2026-01-04,1,C0A5TV3KTPH,U05ULCL3806,U05ULCL3806,winter_warrior_2026,3,winter_warrior,Mr. Kotter,Donner,0.0,EC 6.2 Mile Run,6.2
2026-01-05,1,C0A5TV3KTPH,U05ULCL3806,U05ULCL3806,winter_warrior_2026,3,winter_warrior,Mr. Kotter,Donner,0.0,EC 5 mile ruck,5.9
2026-01-09,1,C0A5TV3KTPH,U05ULCL3806,U05ULCL3806,winter_warrior_2026,3,winter_warrior,Mr. Kotter,Donner,0.0,EC the Olympiad,3.24
2026-01-12,2,C0A5TV3KTPH,U05ULCL3806,U05ULCL3806,winter_warrior_2026,3,winter_warrior,Mr. Kotter,Donner,0.0,EC Silo Run,5.25
2026-01-13,2,C0A5TV3KTPH,U05ULCL3806,U05ULCL3806,winter_warrior_2026,3,winter_warrior,Mr. Kotter,Donner,0.0,EC Lunch Run,4.0
2026-01-14,2,C0A5TV3KTPH,U05ULCL3806,U05ULCL3806,winter_warrior_2026,3,winter_warrior,Mr. Kotter,Donner,0.0,EC the Ridge,3.09
2026-01-15,2,C0A5TV3KTPH,U05ULCL3806,U05ULCL3806,winter_warrior_2026,3,winter_warrior,Mr. Kotter,Donner,0.0,EC Lunchtime Run,4.5
2026-01-16,2,C0A5TV3KTPH,U05ULCL3806,U05ULCL3806,winter_warrior_2026,3,winter_warrior,Mr. Kotter,Donner,0.0,EC The Grove,3.17
2026-01-20,3,C0A5TV3KTPH,U05ULCL3806,U05ULCL3806,winter_warrior_2026,3,winter_warrior,Mr. Kotter,Donner,0.0,EC Lunch Run,4.0
2026-01-21,3,C0A5TV3KTPH,U05ULCL3806,U05ULCL3806,winter_warrior_2026,3,winter_warrior,Mr. Kotter,Donner,0.0,EC Ridge Run,3.19
2026-01-22,3,C0A5TV3KTPH,U05ULCL3806,U05ULCL3806,winter_warrior_2026,3,winter_warrior,Mr. Kotter,Donner,0.0,EC Lunch Run,4.13
2026-01-25,4,C0A5TV3KTPH,U05ULCL3806,U05ULCL3806,winter_warrior_2026,3,winter_warrior,Mr. Kotter,Donner,0.0,EC Ruck,1.93
2026-01-27,4,C0A5TV3KTPH,U05ULCL3806,U05ULCL3806,winter_warrior_2026,3,winter_warrior,Mr. Kotter,Donner,0.0,EC Lunch Ruck,2.0
2026-01-28,4,C0A5TV3KTPH,U05ULCL3806,U05ULCL3806,winter_warrior_2026,3,winter_warrior,Mr. Kotter,Donner,0.0,EC Run,3.09
2026-01-30,4,C0A5TV3KTPH,U05ULCL3806,U05ULCL3806,winter_warrior_2026,3,winter_warrior,Mr. Kotter,Donner,0.0,EC run with hodl,1.55
2026-02-02,5,C0A5TV3KTPH,U05ULCL3806,U05ULCL3806,winter_warrior_2026,3,winter_warrior,Mr. Kotter,Donner,0.0,EC The Grove,2.35
2026-02-03,5,C0A5TV3KTPH,U05ULCL3806,U05ULCL3806,winter_warrior_2026,3,winter_warrior,Mr. Kotter,Donner,0.0,EC morning run,4.0
2026-02-04,5,C0A5TV3KTPH,U05ULCL3806,U05ULCL3806,winter_warrior_2026,3,winter_warrior,Mr. Kotter,Donner,0.0,EC Before School Run,4.0
2026-02-05,5,C0A5TV3KTPH,U05ULCL3806,U05ULCL3806,winter_warrior_2026,3,winter_warrior,Mr. Kotter,Donner,0.0,EC Lunch Run,4.0
2026-02-06,5,C0A5TV3KTPH,U05ULCL3806,U05ULCL3806,winter_warrior_2026,3,winter_warrior,Mr. Kotter,Donner,0.0,EC Before School Run,5.0
2026-02-09,6,C0A5TV3KTPH,U05ULCL3806,U05ULCL3806,winter_warrior_2026,3,winter_warrior,Mr. Kotter,Donner,0.0,EC Before School Run,4.0
2026-02-10,6,C0A5TV3KTPH,U05ULCL3806,U05ULCL3806,winter_warrior_2026,3,winter_warrior,Mr. Kotter,Donner,0.0,EC before school,4.0
2026-01-30,4,C0A5TV3KTPH,U05ULCL3806,U080FGLKUH5,winter_warrior_2026,3,winter_warrior,Hodl,Dancer,0.0,EC run with hodl,1.55
2026-01-08,1,C0A5TV3KTPH,U06K8PKQGA1,U018098KAAC,winter_warrior_2026,3,winter_warrior,Sparkler,Cupid,0.0,EC 3,3.0
2026-01-08,1,C0A5TV3KTPH,U06K8PKQGA1,U03TX17L7AQ,winter_warrior_2026,3,winter_warrior,Foreclosure,Rudolph,0.0,EC 3,3.0
2026-01-05,1,C0A5TV3KTPH,U06K8PKQGA1,U06K8PKQGA1,winter_warrior_2026,3,winter_warrior,Duck Hunt,Cupid,0.0,EC Run 4.57,4.57
2026-01-06,1,C0A5TV3KTPH,U06K8PKQGA1,U06K8PKQGA1,winter_warrior_2026,3,winter_warrior,Duck Hunt,Cupid,0.0,EC Run 3.13,3.13
2026-01-07,1,C0A5TV3KTPH,U06K8PKQGA1,U06K8PKQGA1,winter_warrior_2026,3,winter_warrior,Duck Hunt,Cupid,0.0,EC 3.2,3.2
2026-01-08,1,C0A5TV3KTPH,U06K8PKQGA1,U06K8PKQGA1,winter_warrior_2026,3,winter_warrior,Duck Hunt,Cupid,0.0,EC 3,3.0
2026-01-14,2,C0A5TV3KTPH,U06K8PKQGA1,U06K8PKQGA1,winter_warrior_2026,3,winter_warrior,Duck Hunt,Cupid,0.0,EC run,0.0
2026-01-15,2,C0A5TV3KTPH,U06K8PKQGA1,U06K8PKQGA1,winter_warrior_2026,3,winter_warrior,Duck Hunt,Cupid,0.0,EC run,0.0
2026-01-16,2,C0A5TV3KTPH,U06K8PKQGA1,U06K8PKQGA1,winter_warrior_2026,3,winter_warrior,Duck Hunt,Cupid,0.0,EC run,0.0
2026-02-04,5,C0A5TV3KTPH,U06K8PKQGA1,U06K8PKQGA1,winter_warrior_2026,3,winter_warrior,Duck Hunt,Cupid,0.0,EC Run,34.2
2026-02-05,5,C0A5TV3KTPH,U06K8PKQGA1,U06K8PKQGA1,winter_warrior_2026,3,winter_warrior,Duck Hunt,Cupid,0.0,EC Run,7.38
2026-02-06,5,C0A5TV3KTPH,U06K8PKQGA1,U06K8PKQGA1,winter_warrior_2026,3,winter_warrior,Duck Hunt,Cupid,0.0,EC Run,7.5
2026-02-07,5,C0A5TV3KTPH,U06K8PKQGA1,U06K8PKQGA1,winter_warrior_2026,3,winter_warrior,Duck Hunt,Cupid,0.0,EC Run,10.0
2026-02-09,6,C0A5TV3KTPH,U06K8PKQGA1,U06K8PKQGA1,winter_warrior_2026,3,winter_warrior,Duck Hunt,Cupid,0.0,EC Run,7.39
2026-02-10,6,C0A5TV3KTPH,U06K8PKQGA1,U06K8PKQGA1,winter_warrior_2026,3,winter_warrior,Duck Hunt,Cupid,0.0,EC Run,7.6
2026-01-04,1,C0A5TV3KTPH,U071GSVM24B,U071GSVM24B,winter_warrior_2026,3,winter_warrior,Spit Valve,Prancer,0.0,Snowman,0.0
2026-01-05,1,C0A5TV3KTPH,U071GSVM24B,U071GSVM24B,winter_warrior_2026,3,winter_warrior,Spit Valve,Prancer,0.0,EC quickie,1.5
2026-01-06,1,C0A5TV3KTPH,U071GSVM24B,U071GSVM24B,winter_warrior_2026,3,winter_warrior,Spit Valve,Prancer,0.0,EC 3 before the wood,3.0
2026-01-07,1,C0A5TV3KTPH,U071GSVM24B,U071GSVM24B,winter_warrior_2026,3,winter_warrior,Spit Valve,Prancer,0.0,EC before and after cause I had to poop.,1.6
2026-01-09,1,C0A5TV3KTPH,U071GSVM24B,U071GSVM24B,winter_warrior_2026,3,winter_warrior,Spit Valve,Prancer,0.0,EC before grove,2.6
2026-01-12,2,C0A5TV3KTPH,U071GSVM24B,U071GSVM24B,winter_warrior_2026,3,winter_warrior,Spit Valve,Prancer,0.0,EC before run club,2.86
2026-01-16,2,C0A5TV3KTPH,U071GSVM24B,U071GSVM24B,winter_warrior_2026,3,winter_warrior,Spit Valve,Prancer,0.0,EC 3 with Puddles,3.06
2026-01-19,3,C0A5TV3KTPH,U071GSVM24B,U071GSVM24B,winter_warrior_2026,3,winter_warrior,Spit Valve,Prancer,0.0,EC 1.67!,1.67
2026-01-21,3,C0A5TV3KTPH,U071GSVM24B,U071GSVM24B,winter_warrior_2026,3,winter_warrior,Spit Valve,Prancer,0.0,EC after work run,7.5
2026-01-23,3,C0A5TV3KTPH,U071GSVM24B,U071GSVM24B,winter_warrior_2026,3,winter_warrior,Spit Valve,Prancer,0.0,EC,1.0
2026-01-28,4,C0A5TV3KTPH,U071GSVM24B,U071GSVM24B,winter_warrior_2026,3,winter_warrior,Spit Valve,Prancer,0.0,EC before ridge,1.2
2026-01-31,4,C0A5TV3KTPH,U071GSVM24B,U071GSVM24B,winter_warrior_2026,3,winter_warrior,Spit Valve,Prancer,0.0,EC,3.0
2026-02-09,6,C0A5TV3KTPH,U071GSVM24B,U071GSVM24B,winter_warrior_2026,3,winter_warrior,Spit Valve,Prancer,0.0,EC,3.5
2026-01-03,0,C0A5TV3KTPH,U0995LDSXNC,U0995LDSXNC,winter_warrior_2026,3,winter_warrior,Party in a bottle,Dancer,0.0,EC 1 ruck to cellar dweller party,1.5
2026-01-04,1,C0A5TV3KTPH,U0995LDSXNC,U0995LDSXNC,winter_warrior_2026,3,winter_warrior,Party in a bottle,Dancer,0.0,EC 1 walk back home from cellar dweller,1.5
2026-01-02,0,C0A5TV3KTPH,U09U2DZRCU9,U09U2DZRCU9,winter_warrior_2026,3,winter_warrior,Stitch,Vixen,1.0,EC Ruck at the Grove,2.7
2026-01-04,1,C0A5TV3KTPH,USLACKBOT,U057QBF3TPW,winter_warrior_2026,3,winter_warrior,Deja vu,NONE,0.0,"EC Hike into the woods, sit 4 hours and watch the ...",1.08
2026-01-05,1,C0A5TV3KTPH,USLACKBOT,U057QBF3TPW,winter_warrior_2026,3,winter_warrior,Deja vu,NONE,0.0,EC Run at The Wood with Tool Box,1.02
2026-01-06,1,C0A5TV3KTPH,USLACKBOT,U057QBF3TPW,winter_warrior_2026,3,winter_warrior,Deja vu,NONE,0.0,EC at 3 Rivers before Mr Burns Q,1.21
2026-01-07,1,C0A5TV3KTPH,USLACKBOT,U057QBF3TPW,winter_warrior_2026,3,winter_warrior,Deja vu,NONE,0.0,EC Run before Rooney BC at The Wood,1.11
2026-01-08,1,C0A5TV3KTPH,USLACKBOT,U057QBF3TPW,winter_warrior_2026,3,winter_warrior,Deja vu,NONE,0.0,EC before my Q at The Campus,0.75
2026-01-09,1,C0A5TV3KTPH,USLACKBOT,U057QBF3TPW,winter_warrior_2026,3,winter_warrior,Deja vu,NONE,0.0,EC at the Ridge before Stitch VQ,1.11
2026-01-10,1,C0A5TV3KTPH,USLACKBOT,U057QBF3TPW,winter_warrior_2026,3,winter_warrior,Deja vu,NONE,0.0,EC before Black Diamond Lift Club at The Wood,1.04
2026-01-11,2,C0A5TV3KTPH,USLACKBOT,U057QBF3TPW,winter_warrior_2026,3,winter_warrior,Deja vu,NONE,0.0,EC - Post Coffee Ruck Run,3.46
2026-01-18,3,C0A5TV3KTPH,USLACKBOT,U057QBF3TPW,winter_warrior_2026,3,winter_warrior,Deja vu,NONE,0.0,EC Time spent in the woods in the last day of hunt...,2.58
2026-01-28,4,C0A5TV3KTPH,USLACKBOT,U057QBF3TPW,winter_warrior_2026,3,winter_warrior,Deja vu,NONE,0.0,Donation,0.0
2026-02-03,5,C0A5TV3KTPH,USLACKBOT,U057QBF3TPW,winter_warrior_2026,3,winter_warrior,Deja vu,NONE,0.0,Snowman in my front yard,0.0
2026-01-01,0,C0A5TV3KTPH,USLACKBOT,U05ULCL3806,winter_warrior_2026,3,winter_warrior,Mr. Kotter,Donner,0.0,Snowman,0.0
2026-01-01,0,C0A5TV3KTPH,USLACKBOT,USLACKBOT,winter_warrior_2026,3,winter_warrior,Slackbot,NONE,0.0,Snowman,0.0
2026-01-04,1,C0A5TV3KTPH,USLACKBOT,USLACKBOT,winter_warrior_2026,3,winter_warrior,Slackbot,NONE,0.0,"EC Hike into the woods, sit 4 hours and watch the ...",1.08
2026-01-05,1,C0A5TV3KTPH,USLACKBOT,USLACKBOT,winter_warrior_2026,3,winter_warrior,Slackbot,NONE,0.0,EC Run at The Wood with Tool Box,1.02
2026-01-06,1,C0A5TV3KTPH,USLACKBOT,USLACKBOT,winter_warrior_2026,3,winter_warrior,Slackbot,NONE,0.0,EC at 3 Rivers before Mr Burns Q,1.21
2026-01-07,1,C0A5TV3KTPH,USLACKBOT,USLACKBOT,winter_warrior_2026,3,winter_warrior,Slackbot,NONE,0.0,EC Run before Rooney BC at The Wood,1.11
2026-01-08,1,C0A5TV3KTPH,USLACKBOT,USLACKBOT,winter_warrior_2026,3,winter_warrior,Slackbot,NONE,0.0,EC before my Q at The Campus,0.75
2026-01-09,1,C0A5TV3KTPH,USLACKBOT,USLACKBOT,winter_warrior_2026,3,winter_warrior,Slackbot,NONE,0.0,EC at the Ridge before Stitch VQ,1.11
2026-01-10,1,C0A5TV3KTPH,USLACKBOT,USLACKBOT,winter_warrior_2026,3,winter_warrior,Slackbot,NONE,0.0,EC before Black Diamond Lift Club at The Wood,1.04
2026-01-11,2,C0A5TV3KTPH,USLACKBOT,USLACKBOT,winter_warrior_2026,3,winter_warrior,Slackbot,NONE,0.0,EC - Post Coffee Ruck Run,3.46
2026-01-18,3,C0A5TV3KTPH,USLACKBOT,USLACKBOT,winter_warrior_2026,3,winter_warrior,Slackbot,NONE,0.0,EC Time spent in the woods in the last day of hunt...,2.58
2026-01-28,4,C0A5TV3KTPH,USLACKBOT,USLACKBOT,winter_warrior_2026,3,winter_warrior,Slackbot,NONE,0.0,Donation,0.0
2026-02-03,5,C0A5TV3KTPH,USLACKBOT,USLACKBOT,winter_warrior_2026,3,winter_warrior,Slackbot,NONE,0.0,Snowman in my front yard,0.0